{
  "pre_k_learner": 0.7,
  "high_school_student": 0.75,
  "college_cs_stem": 0.7999999999999999,
  "artist": 0.85,
  "writer": 0.8999999999999999,
  "musician": 0.7,
  "gamer": 0.75,
  "game_developer": 0.7999999999999999,
  "hardware_maker": 0.85,
  "researcher": 0.8999999999999999,
  "library_shared_user": 0.7,
  "accessibility_first": 0.75
}
