warning_id,sku,check_type,code_id,message,class,rationale,action,sheet,source,severity
W0001,dock,ERC,lib_symbol_issues,The current configuration does not include the symbol library '' :: Symbol JUSB1 [USB_C],ACCEPTED_BY_DESIGN,KiCad parses embedded lib_id 'USB_C' as library ''. Prefixing to gunnchos: plus an extracted .kicad_sym made kicad-cli 10.0.5 fail schematic load. Embedded lib_symbols remain the in-tree source. Warning retained rather than breaking ERC.,RETAIN. Do not invent a pin-accurate symbol library. Do not add ERC ignore keys.,/,artifacts/supervisor_ready_eda/kicad/dock/erc.json,warning
W0002,dock,ERC,lib_symbol_issues,The current configuration does not include the symbol library '' :: Symbol C2 [C],ACCEPTED_BY_DESIGN,KiCad parses embedded lib_id 'USB_C' as library ''. Prefixing to gunnchos: plus an extracted .kicad_sym made kicad-cli 10.0.5 fail schematic load. Embedded lib_symbols remain the in-tree source. Warning retained rather than breaking ERC.,RETAIN. Do not invent a pin-accurate symbol library. Do not add ERC ignore keys.,/,artifacts/supervisor_ready_eda/kicad/dock/erc.json,warning
W0003,dock,ERC,lib_symbol_issues,The current configuration does not include the symbol library '' :: Symbol UUSB4 [JHL8440_ROLE],ACCEPTED_BY_DESIGN,KiCad parses embedded lib_id 'USB_C' as library ''. Prefixing to gunnchos: plus an extracted .kicad_sym made kicad-cli 10.0.5 fail schematic load. Embedded lib_symbols remain the in-tree source. Warning retained rather than breaking ERC.,RETAIN. Do not invent a pin-accurate symbol library. Do not add ERC ignore keys.,/,artifacts/supervisor_ready_eda/kicad/dock/erc.json,warning
W0004,dock,ERC,lib_symbol_issues,The current configuration does not include the symbol library '' :: Symbol UPD1 [PD_CTRL],ACCEPTED_BY_DESIGN,KiCad parses embedded lib_id 'USB_C' as library ''. Prefixing to gunnchos: plus an extracted .kicad_sym made kicad-cli 10.0.5 fail schematic load. Embedded lib_symbols remain the in-tree source. Warning retained rather than breaking ERC.,RETAIN. Do not invent a pin-accurate symbol library. Do not add ERC ignore keys.,/,artifacts/supervisor_ready_eda/kicad/dock/erc.json,warning
W0005,dock,ERC,lib_symbol_issues,The current configuration does not include the symbol library '' :: Symbol R1 [R],ACCEPTED_BY_DESIGN,KiCad parses embedded lib_id 'USB_C' as library ''. Prefixing to gunnchos: plus an extracted .kicad_sym made kicad-cli 10.0.5 fail schematic load. Embedded lib_symbols remain the in-tree source. Warning retained rather than breaking ERC.,RETAIN. Do not invent a pin-accurate symbol library. Do not add ERC ignore keys.,/,artifacts/supervisor_ready_eda/kicad/dock/erc.json,warning
W0006,dock,ERC,lib_symbol_issues,The current configuration does not include the symbol library '' :: Symbol URET1 [JHL9040R_ROLE],ACCEPTED_BY_DESIGN,KiCad parses embedded lib_id 'USB_C' as library ''. Prefixing to gunnchos: plus an extracted .kicad_sym made kicad-cli 10.0.5 fail schematic load. Embedded lib_symbols remain the in-tree source. Warning retained rather than breaking ERC.,RETAIN. Do not invent a pin-accurate symbol library. Do not add ERC ignore keys.,/,artifacts/supervisor_ready_eda/kicad/dock/erc.json,warning
W0007,dock,ERC,isolated_pin_label,Label connected to only one pin :: Global Label 'USB4_DN',BLOCKED_NDA_INFORMATION,Global label is attached to a single stub pin. The missing far end is pin-accurate module/controller fanout: EXT-JHL8440-BALLMAP / EXT-JHL9040R-BALLMAP (Intel RDC NDA ball maps). Public in-tree files do not contain that map.,RETAIN warning. Do not invent NDA nets. Owner intakes NDA CSV/PDF then fans out.,/,artifacts/supervisor_ready_eda/kicad/dock/erc.json,warning
W0008,dock,ERC,isolated_pin_label,Label connected to only one pin :: Global Label 'VBAT',BLOCKED_NDA_INFORMATION,Global label is attached to a single stub pin. The missing far end is pin-accurate module/controller fanout: EXT-JHL8440-BALLMAP / EXT-JHL9040R-BALLMAP (Intel RDC NDA ball maps). Public in-tree files do not contain that map.,RETAIN warning. Do not invent NDA nets. Owner intakes NDA CSV/PDF then fans out.,/,artifacts/supervisor_ready_eda/kicad/dock/erc.json,warning
W0009,dock,ERC,isolated_pin_label,Label connected to only one pin :: Global Label 'ETH_TD_P',BLOCKED_NDA_INFORMATION,Global label is attached to a single stub pin. The missing far end is pin-accurate module/controller fanout: EXT-JHL8440-BALLMAP / EXT-JHL9040R-BALLMAP (Intel RDC NDA ball maps). Public in-tree files do not contain that map.,RETAIN warning. Do not invent NDA nets. Owner intakes NDA CSV/PDF then fans out.,/,artifacts/supervisor_ready_eda/kicad/dock/erc.json,warning
W0010,dock,ERC,lib_symbol_issues,The current configuration does not include the symbol library '' :: Symbol UCHG1 [CHARGER],ACCEPTED_BY_DESIGN,KiCad parses embedded lib_id 'USB_C' as library ''. Prefixing to gunnchos: plus an extracted .kicad_sym made kicad-cli 10.0.5 fail schematic load. Embedded lib_symbols remain the in-tree source. Warning retained rather than breaking ERC.,RETAIN. Do not invent a pin-accurate symbol library. Do not add ERC ignore keys.,/,artifacts/supervisor_ready_eda/kicad/dock/erc.json,warning
W0011,dock,ERC,lib_symbol_issues,The current configuration does not include the symbol library '' :: Symbol R2 [R],ACCEPTED_BY_DESIGN,KiCad parses embedded lib_id 'USB_C' as library ''. Prefixing to gunnchos: plus an extracted .kicad_sym made kicad-cli 10.0.5 fail schematic load. Embedded lib_symbols remain the in-tree source. Warning retained rather than breaking ERC.,RETAIN. Do not invent a pin-accurate symbol library. Do not add ERC ignore keys.,/,artifacts/supervisor_ready_eda/kicad/dock/erc.json,warning
W0012,dock,ERC,lib_symbol_issues,The current configuration does not include the symbol library '' :: Symbol UETH1 [RTL8156],ACCEPTED_BY_DESIGN,KiCad parses embedded lib_id 'USB_C' as library ''. Prefixing to gunnchos: plus an extracted .kicad_sym made kicad-cli 10.0.5 fail schematic load. Embedded lib_symbols remain the in-tree source. Warning retained rather than breaking ERC.,RETAIN. Do not invent a pin-accurate symbol library. Do not add ERC ignore keys.,/,artifacts/supervisor_ready_eda/kicad/dock/erc.json,warning
W0013,dock,ERC,isolated_pin_label,Label connected to only one pin :: Global Label 'ETH_TD_N',BLOCKED_NDA_INFORMATION,Global label is attached to a single stub pin. The missing far end is pin-accurate module/controller fanout: EXT-JHL8440-BALLMAP / EXT-JHL9040R-BALLMAP (Intel RDC NDA ball maps). Public in-tree files do not contain that map.,RETAIN warning. Do not invent NDA nets. Owner intakes NDA CSV/PDF then fans out.,/,artifacts/supervisor_ready_eda/kicad/dock/erc.json,warning
W0014,dock,ERC,lib_symbol_issues,The current configuration does not include the symbol library '' :: Symbol U3V3 [BUCK],ACCEPTED_BY_DESIGN,KiCad parses embedded lib_id 'USB_C' as library ''. Prefixing to gunnchos: plus an extracted .kicad_sym made kicad-cli 10.0.5 fail schematic load. Embedded lib_symbols remain the in-tree source. Warning retained rather than breaking ERC.,RETAIN. Do not invent a pin-accurate symbol library. Do not add ERC ignore keys.,/,artifacts/supervisor_ready_eda/kicad/dock/erc.json,warning
W0015,dock,ERC,lib_symbol_issues,The current configuration does not include the symbol library '' :: Symbol D1 [LED],ACCEPTED_BY_DESIGN,KiCad parses embedded lib_id 'USB_C' as library ''. Prefixing to gunnchos: plus an extracted .kicad_sym made kicad-cli 10.0.5 fail schematic load. Embedded lib_symbols remain the in-tree source. Warning retained rather than breaking ERC.,RETAIN. Do not invent a pin-accurate symbol library. Do not add ERC ignore keys.,/,artifacts/supervisor_ready_eda/kicad/dock/erc.json,warning
W0016,dock,ERC,lib_symbol_issues,The current configuration does not include the symbol library '' :: Symbol UHUB1 [VL817],ACCEPTED_BY_DESIGN,KiCad parses embedded lib_id 'USB_C' as library ''. Prefixing to gunnchos: plus an extracted .kicad_sym made kicad-cli 10.0.5 fail schematic load. Embedded lib_symbols remain the in-tree source. Warning retained rather than breaking ERC.,RETAIN. Do not invent a pin-accurate symbol library. Do not add ERC ignore keys.,/,artifacts/supervisor_ready_eda/kicad/dock/erc.json,warning
W0017,dock,ERC,lib_symbol_issues,The current configuration does not include the symbol library '' :: Symbol C1 [C],ACCEPTED_BY_DESIGN,KiCad parses embedded lib_id 'USB_C' as library ''. Prefixing to gunnchos: plus an extracted .kicad_sym made kicad-cli 10.0.5 fail schematic load. Embedded lib_symbols remain the in-tree source. Warning retained rather than breaking ERC.,RETAIN. Do not invent a pin-accurate symbol library. Do not add ERC ignore keys.,/,artifacts/supervisor_ready_eda/kicad/dock/erc.json,warning
W0018,dock,ERC,lib_symbol_issues,The current configuration does not include the symbol library '' :: Symbol DESD1 [ESD],ACCEPTED_BY_DESIGN,KiCad parses embedded lib_id 'USB_C' as library ''. Prefixing to gunnchos: plus an extracted .kicad_sym made kicad-cli 10.0.5 fail schematic load. Embedded lib_symbols remain the in-tree source. Warning retained rather than breaking ERC.,RETAIN. Do not invent a pin-accurate symbol library. Do not add ERC ignore keys.,/,artifacts/supervisor_ready_eda/kicad/dock/erc.json,warning
W0019,dock,ERC,lib_symbol_issues,The current configuration does not include the symbol library '' :: Symbol JUSB2 [USB_C],ACCEPTED_BY_DESIGN,KiCad parses embedded lib_id 'USB_C' as library ''. Prefixing to gunnchos: plus an extracted .kicad_sym made kicad-cli 10.0.5 fail schematic load. Embedded lib_symbols remain the in-tree source. Warning retained rather than breaking ERC.,RETAIN. Do not invent a pin-accurate symbol library. Do not add ERC ignore keys.,/,artifacts/supervisor_ready_eda/kicad/dock/erc.json,warning
W0020,dock,DRC,track_dangling,"Track has unconnected end :: Track [<no net>] on F.Cu, length 29.0000 mm",FIXABLE_DIGITALLY,No-net copper segment (net 0) leftover from envelope sketches. Handheld already closed this class; other SKUs still have it. Not an NDA net.,Delete (segment ...) with (net 0) from the PCB.,,artifacts/supervisor_ready_eda/kicad/dock/drc.json,warning
W0021,dock,DRC,track_dangling,"Track has unconnected end :: Track [<no net>] on F.Cu, length 31.0000 mm",FIXABLE_DIGITALLY,No-net copper segment (net 0) leftover from envelope sketches. Handheld already closed this class; other SKUs still have it. Not an NDA net.,Delete (segment ...) with (net 0) from the PCB.,,artifacts/supervisor_ready_eda/kicad/dock/drc.json,warning
W0022,dock,DRC,track_dangling,"Track has unconnected end :: Track [<no net>] on B.Cu, length 29.0000 mm",FIXABLE_DIGITALLY,No-net copper segment (net 0) leftover from envelope sketches. Handheld already closed this class; other SKUs still have it. Not an NDA net.,Delete (segment ...) with (net 0) from the PCB.,,artifacts/supervisor_ready_eda/kicad/dock/drc.json,warning
W0023,dock,DRC,track_dangling,"Track has unconnected end :: Track [<no net>] on B.Cu, length 31.0000 mm",FIXABLE_DIGITALLY,No-net copper segment (net 0) leftover from envelope sketches. Handheld already closed this class; other SKUs still have it. Not an NDA net.,Delete (segment ...) with (net 0) from the PCB.,,artifacts/supervisor_ready_eda/kicad/dock/drc.json,warning
W0024,dock,DRC,track_dangling,"Track has unconnected end :: Track [<no net>] on F.Cu, length 29.0000 mm",FIXABLE_DIGITALLY,No-net copper segment (net 0) leftover from envelope sketches. Handheld already closed this class; other SKUs still have it. Not an NDA net.,Delete (segment ...) with (net 0) from the PCB.,,artifacts/supervisor_ready_eda/kicad/dock/drc.json,warning
W0025,dock,DRC,track_dangling,"Track has unconnected end :: Track [<no net>] on F.Cu, length 31.0000 mm",FIXABLE_DIGITALLY,No-net copper segment (net 0) leftover from envelope sketches. Handheld already closed this class; other SKUs still have it. Not an NDA net.,Delete (segment ...) with (net 0) from the PCB.,,artifacts/supervisor_ready_eda/kicad/dock/drc.json,warning
W0026,dock,DRC,track_dangling,"Track has unconnected end :: Track [<no net>] on F.Cu, length 29.0000 mm",FIXABLE_DIGITALLY,No-net copper segment (net 0) leftover from envelope sketches. Handheld already closed this class; other SKUs still have it. Not an NDA net.,Delete (segment ...) with (net 0) from the PCB.,,artifacts/supervisor_ready_eda/kicad/dock/drc.json,warning
W0027,dock,DRC,track_dangling,"Track has unconnected end :: Track [<no net>] on F.Cu, length 31.0000 mm",FIXABLE_DIGITALLY,No-net copper segment (net 0) leftover from envelope sketches. Handheld already closed this class; other SKUs still have it. Not an NDA net.,Delete (segment ...) with (net 0) from the PCB.,,artifacts/supervisor_ready_eda/kicad/dock/drc.json,warning
W0028,dock,DRC,track_dangling,"Track has unconnected end :: Track [<no net>] on F.Cu, length 29.0000 mm",FIXABLE_DIGITALLY,No-net copper segment (net 0) leftover from envelope sketches. Handheld already closed this class; other SKUs still have it. Not an NDA net.,Delete (segment ...) with (net 0) from the PCB.,,artifacts/supervisor_ready_eda/kicad/dock/drc.json,warning
W0029,dock,DRC,track_dangling,"Track has unconnected end :: Track [<no net>] on F.Cu, length 31.0000 mm",FIXABLE_DIGITALLY,No-net copper segment (net 0) leftover from envelope sketches. Handheld already closed this class; other SKUs still have it. Not an NDA net.,Delete (segment ...) with (net 0) from the PCB.,,artifacts/supervisor_ready_eda/kicad/dock/drc.json,warning
W0030,dock,DRC,lib_footprint_mismatch,Footprint 'MountingHole_3.2mm' does not match copy in library 'gunnchos_production' :: Footprint H1,ACCEPTED_BY_DESIGN,"Cont IX PCB instances are envelope stubs on a digital-package placement grid. gunnchos_production.pretty already holds in-tree JEDEC/vendor geometry. Dropping those full footprints onto the current 24 mm envelope grid produces DRC errors (courtyard overlap, drill_out_of_range, solder_mask_bridge) — verified with kicad-cli 10.0.5. Retaining the mismatch keeps 0-error DRC; library remains the authority for later pin-accurate layout. Not an NDA pin map.",RETAIN instance/library mismatch. Do not ignore DRC. Do not expand ignored_checks. Pin-accurate placement is a later layout pass.,,artifacts/supervisor_ready_eda/kicad/dock/drc.json,warning
W0031,dock,DRC,lib_footprint_mismatch,Footprint 'MountingHole_3.2mm' does not match copy in library 'gunnchos_production' :: Footprint H2,ACCEPTED_BY_DESIGN,"Cont IX PCB instances are envelope stubs on a digital-package placement grid. gunnchos_production.pretty already holds in-tree JEDEC/vendor geometry. Dropping those full footprints onto the current 24 mm envelope grid produces DRC errors (courtyard overlap, drill_out_of_range, solder_mask_bridge) — verified with kicad-cli 10.0.5. Retaining the mismatch keeps 0-error DRC; library remains the authority for later pin-accurate layout. Not an NDA pin map.",RETAIN instance/library mismatch. Do not ignore DRC. Do not expand ignored_checks. Pin-accurate placement is a later layout pass.,,artifacts/supervisor_ready_eda/kicad/dock/drc.json,warning
W0032,dock,DRC,lib_footprint_mismatch,Footprint 'MountingHole_3.2mm' does not match copy in library 'gunnchos_production' :: Footprint H3,ACCEPTED_BY_DESIGN,"Cont IX PCB instances are envelope stubs on a digital-package placement grid. gunnchos_production.pretty already holds in-tree JEDEC/vendor geometry. Dropping those full footprints onto the current 24 mm envelope grid produces DRC errors (courtyard overlap, drill_out_of_range, solder_mask_bridge) — verified with kicad-cli 10.0.5. Retaining the mismatch keeps 0-error DRC; library remains the authority for later pin-accurate layout. Not an NDA pin map.",RETAIN instance/library mismatch. Do not ignore DRC. Do not expand ignored_checks. Pin-accurate placement is a later layout pass.,,artifacts/supervisor_ready_eda/kicad/dock/drc.json,warning
W0033,dock,DRC,lib_footprint_mismatch,Footprint 'MountingHole_3.2mm' does not match copy in library 'gunnchos_production' :: Footprint H4,ACCEPTED_BY_DESIGN,"Cont IX PCB instances are envelope stubs on a digital-package placement grid. gunnchos_production.pretty already holds in-tree JEDEC/vendor geometry. Dropping those full footprints onto the current 24 mm envelope grid produces DRC errors (courtyard overlap, drill_out_of_range, solder_mask_bridge) — verified with kicad-cli 10.0.5. Retaining the mismatch keeps 0-error DRC; library remains the authority for later pin-accurate layout. Not an NDA pin map.",RETAIN instance/library mismatch. Do not ignore DRC. Do not expand ignored_checks. Pin-accurate placement is a later layout pass.,,artifacts/supervisor_ready_eda/kicad/dock/drc.json,warning
W0034,dock,DRC,lib_footprint_mismatch,Footprint 'Fiducial_1mm' does not match copy in library 'gunnchos_production' :: Footprint FID1,ACCEPTED_BY_DESIGN,"Cont IX PCB instances are envelope stubs on a digital-package placement grid. gunnchos_production.pretty already holds in-tree JEDEC/vendor geometry. Dropping those full footprints onto the current 24 mm envelope grid produces DRC errors (courtyard overlap, drill_out_of_range, solder_mask_bridge) — verified with kicad-cli 10.0.5. Retaining the mismatch keeps 0-error DRC; library remains the authority for later pin-accurate layout. Not an NDA pin map.",RETAIN instance/library mismatch. Do not ignore DRC. Do not expand ignored_checks. Pin-accurate placement is a later layout pass.,,artifacts/supervisor_ready_eda/kicad/dock/drc.json,warning
W0035,dock,DRC,lib_footprint_mismatch,Footprint 'Fiducial_1mm' does not match copy in library 'gunnchos_production' :: Footprint FID2,ACCEPTED_BY_DESIGN,"Cont IX PCB instances are envelope stubs on a digital-package placement grid. gunnchos_production.pretty already holds in-tree JEDEC/vendor geometry. Dropping those full footprints onto the current 24 mm envelope grid produces DRC errors (courtyard overlap, drill_out_of_range, solder_mask_bridge) — verified with kicad-cli 10.0.5. Retaining the mismatch keeps 0-error DRC; library remains the authority for later pin-accurate layout. Not an NDA pin map.",RETAIN instance/library mismatch. Do not ignore DRC. Do not expand ignored_checks. Pin-accurate placement is a later layout pass.,,artifacts/supervisor_ready_eda/kicad/dock/drc.json,warning
W0036,dock,DRC,lib_footprint_mismatch,Footprint 'Fiducial_1mm' does not match copy in library 'gunnchos_production' :: Footprint FID3,ACCEPTED_BY_DESIGN,"Cont IX PCB instances are envelope stubs on a digital-package placement grid. gunnchos_production.pretty already holds in-tree JEDEC/vendor geometry. Dropping those full footprints onto the current 24 mm envelope grid produces DRC errors (courtyard overlap, drill_out_of_range, solder_mask_bridge) — verified with kicad-cli 10.0.5. Retaining the mismatch keeps 0-error DRC; library remains the authority for later pin-accurate layout. Not an NDA pin map.",RETAIN instance/library mismatch. Do not ignore DRC. Do not expand ignored_checks. Pin-accurate placement is a later layout pass.,,artifacts/supervisor_ready_eda/kicad/dock/drc.json,warning
W0037,dock,DRC,lib_footprint_mismatch,Footprint 'USB_C_Receptacle_Production' does not match copy in library 'gunnchos_production' :: Footprint JUSB1,ACCEPTED_BY_DESIGN,"Cont IX PCB instances are envelope stubs on a digital-package placement grid. gunnchos_production.pretty already holds in-tree JEDEC/vendor geometry. Dropping those full footprints onto the current 24 mm envelope grid produces DRC errors (courtyard overlap, drill_out_of_range, solder_mask_bridge) — verified with kicad-cli 10.0.5. Retaining the mismatch keeps 0-error DRC; library remains the authority for later pin-accurate layout. Not an NDA pin map.",RETAIN instance/library mismatch. Do not ignore DRC. Do not expand ignored_checks. Pin-accurate placement is a later layout pass.,,artifacts/supervisor_ready_eda/kicad/dock/drc.json,warning
W0038,dock,DRC,lib_footprint_mismatch,Footprint 'VQFN-48-1EP_7x7mm_P0.5mm' does not match copy in library 'gunnchos_production' :: Footprint UPD1,ACCEPTED_BY_DESIGN,"Cont IX PCB instances are envelope stubs on a digital-package placement grid. gunnchos_production.pretty already holds in-tree JEDEC/vendor geometry. Dropping those full footprints onto the current 24 mm envelope grid produces DRC errors (courtyard overlap, drill_out_of_range, solder_mask_bridge) — verified with kicad-cli 10.0.5. Retaining the mismatch keeps 0-error DRC; library remains the authority for later pin-accurate layout. Not an NDA pin map.",RETAIN instance/library mismatch. Do not ignore DRC. Do not expand ignored_checks. Pin-accurate placement is a later layout pass.,,artifacts/supervisor_ready_eda/kicad/dock/drc.json,warning
W0039,dock,DRC,lib_footprint_mismatch,Footprint 'WQFN-29-1EP_4x4mm_P0.4mm' does not match copy in library 'gunnchos_production' :: Footprint UCHG1,ACCEPTED_BY_DESIGN,"Cont IX PCB instances are envelope stubs on a digital-package placement grid. gunnchos_production.pretty already holds in-tree JEDEC/vendor geometry. Dropping those full footprints onto the current 24 mm envelope grid produces DRC errors (courtyard overlap, drill_out_of_range, solder_mask_bridge) — verified with kicad-cli 10.0.5. Retaining the mismatch keeps 0-error DRC; library remains the authority for later pin-accurate layout. Not an NDA pin map.",RETAIN instance/library mismatch. Do not ignore DRC. Do not expand ignored_checks. Pin-accurate placement is a later layout pass.,,artifacts/supervisor_ready_eda/kicad/dock/drc.json,warning
W0040,dock,DRC,lib_footprint_mismatch,Footprint 'QFN-16-1EP_3x3mm_P0.5mm' does not match copy in library 'gunnchos_production' :: Footprint U3V3,ACCEPTED_BY_DESIGN,"Cont IX PCB instances are envelope stubs on a digital-package placement grid. gunnchos_production.pretty already holds in-tree JEDEC/vendor geometry. Dropping those full footprints onto the current 24 mm envelope grid produces DRC errors (courtyard overlap, drill_out_of_range, solder_mask_bridge) — verified with kicad-cli 10.0.5. Retaining the mismatch keeps 0-error DRC; library remains the authority for later pin-accurate layout. Not an NDA pin map.",RETAIN instance/library mismatch. Do not ignore DRC. Do not expand ignored_checks. Pin-accurate placement is a later layout pass.,,artifacts/supervisor_ready_eda/kicad/dock/drc.json,warning
W0041,dock,DRC,lib_footprint_mismatch,Footprint 'C_0402' does not match copy in library 'gunnchos_production' :: Footprint C1,ACCEPTED_BY_DESIGN,"Cont IX PCB instances are envelope stubs on a digital-package placement grid. gunnchos_production.pretty already holds in-tree JEDEC/vendor geometry. Dropping those full footprints onto the current 24 mm envelope grid produces DRC errors (courtyard overlap, drill_out_of_range, solder_mask_bridge) — verified with kicad-cli 10.0.5. Retaining the mismatch keeps 0-error DRC; library remains the authority for later pin-accurate layout. Not an NDA pin map.",RETAIN instance/library mismatch. Do not ignore DRC. Do not expand ignored_checks. Pin-accurate placement is a later layout pass.,,artifacts/supervisor_ready_eda/kicad/dock/drc.json,warning
W0042,dock,DRC,lib_footprint_mismatch,Footprint 'C_0402' does not match copy in library 'gunnchos_production' :: Footprint C2,ACCEPTED_BY_DESIGN,"Cont IX PCB instances are envelope stubs on a digital-package placement grid. gunnchos_production.pretty already holds in-tree JEDEC/vendor geometry. Dropping those full footprints onto the current 24 mm envelope grid produces DRC errors (courtyard overlap, drill_out_of_range, solder_mask_bridge) — verified with kicad-cli 10.0.5. Retaining the mismatch keeps 0-error DRC; library remains the authority for later pin-accurate layout. Not an NDA pin map.",RETAIN instance/library mismatch. Do not ignore DRC. Do not expand ignored_checks. Pin-accurate placement is a later layout pass.,,artifacts/supervisor_ready_eda/kicad/dock/drc.json,warning
W0043,dock,DRC,lib_footprint_mismatch,Footprint 'R_0402' does not match copy in library 'gunnchos_production' :: Footprint R1,ACCEPTED_BY_DESIGN,"Cont IX PCB instances are envelope stubs on a digital-package placement grid. gunnchos_production.pretty already holds in-tree JEDEC/vendor geometry. Dropping those full footprints onto the current 24 mm envelope grid produces DRC errors (courtyard overlap, drill_out_of_range, solder_mask_bridge) — verified with kicad-cli 10.0.5. Retaining the mismatch keeps 0-error DRC; library remains the authority for later pin-accurate layout. Not an NDA pin map.",RETAIN instance/library mismatch. Do not ignore DRC. Do not expand ignored_checks. Pin-accurate placement is a later layout pass.,,artifacts/supervisor_ready_eda/kicad/dock/drc.json,warning
W0044,dock,DRC,lib_footprint_mismatch,Footprint 'R_0402' does not match copy in library 'gunnchos_production' :: Footprint R2,ACCEPTED_BY_DESIGN,"Cont IX PCB instances are envelope stubs on a digital-package placement grid. gunnchos_production.pretty already holds in-tree JEDEC/vendor geometry. Dropping those full footprints onto the current 24 mm envelope grid produces DRC errors (courtyard overlap, drill_out_of_range, solder_mask_bridge) — verified with kicad-cli 10.0.5. Retaining the mismatch keeps 0-error DRC; library remains the authority for later pin-accurate layout. Not an NDA pin map.",RETAIN instance/library mismatch. Do not ignore DRC. Do not expand ignored_checks. Pin-accurate placement is a later layout pass.,,artifacts/supervisor_ready_eda/kicad/dock/drc.json,warning
W0045,dock,DRC,lib_footprint_mismatch,Footprint 'LED_0603' does not match copy in library 'gunnchos_production' :: Footprint D1,ACCEPTED_BY_DESIGN,"Cont IX PCB instances are envelope stubs on a digital-package placement grid. gunnchos_production.pretty already holds in-tree JEDEC/vendor geometry. Dropping those full footprints onto the current 24 mm envelope grid produces DRC errors (courtyard overlap, drill_out_of_range, solder_mask_bridge) — verified with kicad-cli 10.0.5. Retaining the mismatch keeps 0-error DRC; library remains the authority for later pin-accurate layout. Not an NDA pin map.",RETAIN instance/library mismatch. Do not ignore DRC. Do not expand ignored_checks. Pin-accurate placement is a later layout pass.,,artifacts/supervisor_ready_eda/kicad/dock/drc.json,warning
W0046,dock,DRC,lib_footprint_mismatch,Footprint 'DFN1006-2' does not match copy in library 'gunnchos_production' :: Footprint DESD1,ACCEPTED_BY_DESIGN,"Cont IX PCB instances are envelope stubs on a digital-package placement grid. gunnchos_production.pretty already holds in-tree JEDEC/vendor geometry. Dropping those full footprints onto the current 24 mm envelope grid produces DRC errors (courtyard overlap, drill_out_of_range, solder_mask_bridge) — verified with kicad-cli 10.0.5. Retaining the mismatch keeps 0-error DRC; library remains the authority for later pin-accurate layout. Not an NDA pin map.",RETAIN instance/library mismatch. Do not ignore DRC. Do not expand ignored_checks. Pin-accurate placement is a later layout pass.,,artifacts/supervisor_ready_eda/kicad/dock/drc.json,warning
W0047,dock,DRC,lib_footprint_mismatch,Footprint 'JHL8440_ROLE_envelope' does not match copy in library 'gunnchos_production' :: Footprint UUSB4,ACCEPTED_BY_DESIGN,"Cont IX PCB instances are envelope stubs on a digital-package placement grid. gunnchos_production.pretty already holds in-tree JEDEC/vendor geometry. Dropping those full footprints onto the current 24 mm envelope grid produces DRC errors (courtyard overlap, drill_out_of_range, solder_mask_bridge) — verified with kicad-cli 10.0.5. Retaining the mismatch keeps 0-error DRC; library remains the authority for later pin-accurate layout. Not an NDA pin map.",RETAIN instance/library mismatch. Do not ignore DRC. Do not expand ignored_checks. Pin-accurate placement is a later layout pass.,,artifacts/supervisor_ready_eda/kicad/dock/drc.json,warning
W0048,dock,DRC,lib_footprint_mismatch,Footprint 'JHL9040R_ROLE_envelope' does not match copy in library 'gunnchos_production' :: Footprint URET1,ACCEPTED_BY_DESIGN,"Cont IX PCB instances are envelope stubs on a digital-package placement grid. gunnchos_production.pretty already holds in-tree JEDEC/vendor geometry. Dropping those full footprints onto the current 24 mm envelope grid produces DRC errors (courtyard overlap, drill_out_of_range, solder_mask_bridge) — verified with kicad-cli 10.0.5. Retaining the mismatch keeps 0-error DRC; library remains the authority for later pin-accurate layout. Not an NDA pin map.",RETAIN instance/library mismatch. Do not ignore DRC. Do not expand ignored_checks. Pin-accurate placement is a later layout pass.,,artifacts/supervisor_ready_eda/kicad/dock/drc.json,warning
W0049,dock,DRC,lib_footprint_mismatch,Footprint 'QFN-48-1EP_6x6mm_P0.4mm' does not match copy in library 'gunnchos_production' :: Footprint UETH1,ACCEPTED_BY_DESIGN,"Cont IX PCB instances are envelope stubs on a digital-package placement grid. gunnchos_production.pretty already holds in-tree JEDEC/vendor geometry. Dropping those full footprints onto the current 24 mm envelope grid produces DRC errors (courtyard overlap, drill_out_of_range, solder_mask_bridge) — verified with kicad-cli 10.0.5. Retaining the mismatch keeps 0-error DRC; library remains the authority for later pin-accurate layout. Not an NDA pin map.",RETAIN instance/library mismatch. Do not ignore DRC. Do not expand ignored_checks. Pin-accurate placement is a later layout pass.,,artifacts/supervisor_ready_eda/kicad/dock/drc.json,warning
W0050,dock,DRC,lib_footprint_mismatch,Footprint 'QFN-48-1EP_7x7mm_P0.5mm' does not match copy in library 'gunnchos_production' :: Footprint UHUB1,ACCEPTED_BY_DESIGN,"Cont IX PCB instances are envelope stubs on a digital-package placement grid. gunnchos_production.pretty already holds in-tree JEDEC/vendor geometry. Dropping those full footprints onto the current 24 mm envelope grid produces DRC errors (courtyard overlap, drill_out_of_range, solder_mask_bridge) — verified with kicad-cli 10.0.5. Retaining the mismatch keeps 0-error DRC; library remains the authority for later pin-accurate layout. Not an NDA pin map.",RETAIN instance/library mismatch. Do not ignore DRC. Do not expand ignored_checks. Pin-accurate placement is a later layout pass.,,artifacts/supervisor_ready_eda/kicad/dock/drc.json,warning
W0051,dock,DRC,lib_footprint_mismatch,Footprint 'USB_C_Receptacle_Production' does not match copy in library 'gunnchos_production' :: Footprint JUSB2,ACCEPTED_BY_DESIGN,"Cont IX PCB instances are envelope stubs on a digital-package placement grid. gunnchos_production.pretty already holds in-tree JEDEC/vendor geometry. Dropping those full footprints onto the current 24 mm envelope grid produces DRC errors (courtyard overlap, drill_out_of_range, solder_mask_bridge) — verified with kicad-cli 10.0.5. Retaining the mismatch keeps 0-error DRC; library remains the authority for later pin-accurate layout. Not an NDA pin map.",RETAIN instance/library mismatch. Do not ignore DRC. Do not expand ignored_checks. Pin-accurate placement is a later layout pass.,,artifacts/supervisor_ready_eda/kicad/dock/drc.json,warning
W0052,dock,DRC,lib_footprint_mismatch,Footprint 'TestPoint_Pad' does not match copy in library 'gunnchos_production' :: Footprint TP1,ACCEPTED_BY_DESIGN,"Cont IX PCB instances are envelope stubs on a digital-package placement grid. gunnchos_production.pretty already holds in-tree JEDEC/vendor geometry. Dropping those full footprints onto the current 24 mm envelope grid produces DRC errors (courtyard overlap, drill_out_of_range, solder_mask_bridge) — verified with kicad-cli 10.0.5. Retaining the mismatch keeps 0-error DRC; library remains the authority for later pin-accurate layout. Not an NDA pin map.",RETAIN instance/library mismatch. Do not ignore DRC. Do not expand ignored_checks. Pin-accurate placement is a later layout pass.,,artifacts/supervisor_ready_eda/kicad/dock/drc.json,warning
W0053,dock,DRC,lib_footprint_mismatch,Footprint 'TestPoint_Pad' does not match copy in library 'gunnchos_production' :: Footprint TP2,ACCEPTED_BY_DESIGN,"Cont IX PCB instances are envelope stubs on a digital-package placement grid. gunnchos_production.pretty already holds in-tree JEDEC/vendor geometry. Dropping those full footprints onto the current 24 mm envelope grid produces DRC errors (courtyard overlap, drill_out_of_range, solder_mask_bridge) — verified with kicad-cli 10.0.5. Retaining the mismatch keeps 0-error DRC; library remains the authority for later pin-accurate layout. Not an NDA pin map.",RETAIN instance/library mismatch. Do not ignore DRC. Do not expand ignored_checks. Pin-accurate placement is a later layout pass.,,artifacts/supervisor_ready_eda/kicad/dock/drc.json,warning
W0054,dock,DRC,lib_footprint_mismatch,Footprint 'TestPoint_Pad' does not match copy in library 'gunnchos_production' :: Footprint TP3,ACCEPTED_BY_DESIGN,"Cont IX PCB instances are envelope stubs on a digital-package placement grid. gunnchos_production.pretty already holds in-tree JEDEC/vendor geometry. Dropping those full footprints onto the current 24 mm envelope grid produces DRC errors (courtyard overlap, drill_out_of_range, solder_mask_bridge) — verified with kicad-cli 10.0.5. Retaining the mismatch keeps 0-error DRC; library remains the authority for later pin-accurate layout. Not an NDA pin map.",RETAIN instance/library mismatch. Do not ignore DRC. Do not expand ignored_checks. Pin-accurate placement is a later layout pass.,,artifacts/supervisor_ready_eda/kicad/dock/drc.json,warning
W0055,dock,DRC,lib_footprint_mismatch,Footprint 'TestPoint_Pad' does not match copy in library 'gunnchos_production' :: Footprint TP4,ACCEPTED_BY_DESIGN,"Cont IX PCB instances are envelope stubs on a digital-package placement grid. gunnchos_production.pretty already holds in-tree JEDEC/vendor geometry. Dropping those full footprints onto the current 24 mm envelope grid produces DRC errors (courtyard overlap, drill_out_of_range, solder_mask_bridge) — verified with kicad-cli 10.0.5. Retaining the mismatch keeps 0-error DRC; library remains the authority for later pin-accurate layout. Not an NDA pin map.",RETAIN instance/library mismatch. Do not ignore DRC. Do not expand ignored_checks. Pin-accurate placement is a later layout pass.,,artifacts/supervisor_ready_eda/kicad/dock/drc.json,warning
W0056,dock,DRC,lib_footprint_mismatch,Footprint 'TestPoint_Pad' does not match copy in library 'gunnchos_production' :: Footprint TP5,ACCEPTED_BY_DESIGN,"Cont IX PCB instances are envelope stubs on a digital-package placement grid. gunnchos_production.pretty already holds in-tree JEDEC/vendor geometry. Dropping those full footprints onto the current 24 mm envelope grid produces DRC errors (courtyard overlap, drill_out_of_range, solder_mask_bridge) — verified with kicad-cli 10.0.5. Retaining the mismatch keeps 0-error DRC; library remains the authority for later pin-accurate layout. Not an NDA pin map.",RETAIN instance/library mismatch. Do not ignore DRC. Do not expand ignored_checks. Pin-accurate placement is a later layout pass.,,artifacts/supervisor_ready_eda/kicad/dock/drc.json,warning
W0057,dock,DRC,lib_footprint_mismatch,Footprint 'TestPoint_Pad' does not match copy in library 'gunnchos_production' :: Footprint TP6,ACCEPTED_BY_DESIGN,"Cont IX PCB instances are envelope stubs on a digital-package placement grid. gunnchos_production.pretty already holds in-tree JEDEC/vendor geometry. Dropping those full footprints onto the current 24 mm envelope grid produces DRC errors (courtyard overlap, drill_out_of_range, solder_mask_bridge) — verified with kicad-cli 10.0.5. Retaining the mismatch keeps 0-error DRC; library remains the authority for later pin-accurate layout. Not an NDA pin map.",RETAIN instance/library mismatch. Do not ignore DRC. Do not expand ignored_checks. Pin-accurate placement is a later layout pass.,,artifacts/supervisor_ready_eda/kicad/dock/drc.json,warning
W0058,dock,DRC,silk_over_copper,Silkscreen clipped by solder mask :: PCB text 'REV 0.6.0-cont-ix' on F.Silkscreen | NPTH pad of H1,FIXABLE_DIGITALLY,"F.SilkS text 'REV 0.6.0-cont-ix' at (12,10) clips NPTH pad of H1 at (12,12). Move silkscreen; do not change hole size.","Move REV gr_text to (40,6) clear of H1 courtyard.",,artifacts/supervisor_ready_eda/kicad/dock/drc.json,warning
W0059,ds_xl_coder,ERC,isolated_pin_label,Label connected to only one pin :: Global Label 'USB_DM',BLOCKED_NDA_INFORMATION,Global label is attached to a single stub pin. The missing far end is pin-accurate module/controller fanout: EXT-COM-HPC-400PIN + EXT-DSXL-DUAL-EDP (COM-HPC Mini + dual-eDP NDA maps). Public in-tree files do not contain that map.,RETAIN warning. Do not invent NDA nets. Owner intakes NDA CSV/PDF then fans out.,/,artifacts/supervisor_ready_eda/kicad/ds_xl_coder/erc.json,warning
W0060,ds_xl_coder,ERC,isolated_pin_label,Label connected to only one pin :: Global Label 'PWRBTN',BLOCKED_NDA_INFORMATION,Global label is attached to a single stub pin. The missing far end is pin-accurate module/controller fanout: EXT-COM-HPC-400PIN + EXT-DSXL-DUAL-EDP (COM-HPC Mini + dual-eDP NDA maps). Public in-tree files do not contain that map.,RETAIN warning. Do not invent NDA nets. Owner intakes NDA CSV/PDF then fans out.,/,artifacts/supervisor_ready_eda/kicad/ds_xl_coder/erc.json,warning
W0061,ds_xl_coder,ERC,isolated_pin_label,Label connected to only one pin :: Global Label 'COM_VIN',BLOCKED_NDA_INFORMATION,Global label is attached to a single stub pin. The missing far end is pin-accurate module/controller fanout: EXT-COM-HPC-400PIN + EXT-DSXL-DUAL-EDP (COM-HPC Mini + dual-eDP NDA maps). Public in-tree files do not contain that map.,RETAIN warning. Do not invent NDA nets. Owner intakes NDA CSV/PDF then fans out.,/,artifacts/supervisor_ready_eda/kicad/ds_xl_coder/erc.json,warning
W0062,ds_xl_coder,ERC,lib_symbol_issues,The current configuration does not include the symbol library '' :: Symbol JUSB1 [USB_C],ACCEPTED_BY_DESIGN,KiCad parses embedded lib_id 'USB_C' as library ''. Prefixing to gunnchos: plus an extracted .kicad_sym made kicad-cli 10.0.5 fail schematic load. Embedded lib_symbols remain the in-tree source. Warning retained rather than breaking ERC.,RETAIN. Do not invent a pin-accurate symbol library. Do not add ERC ignore keys.,/,artifacts/supervisor_ready_eda/kicad/ds_xl_coder/erc.json,warning
W0063,ds_xl_coder,ERC,lib_symbol_issues,The current configuration does not include the symbol library '' :: Symbol C2 [C],ACCEPTED_BY_DESIGN,KiCad parses embedded lib_id 'USB_C' as library ''. Prefixing to gunnchos: plus an extracted .kicad_sym made kicad-cli 10.0.5 fail schematic load. Embedded lib_symbols remain the in-tree source. Warning retained rather than breaking ERC.,RETAIN. Do not invent a pin-accurate symbol library. Do not add ERC ignore keys.,/,artifacts/supervisor_ready_eda/kicad/ds_xl_coder/erc.json,warning
W0064,ds_xl_coder,ERC,lib_symbol_issues,The current configuration does not include the symbol library '' :: Symbol UCOM1 [COMHPC_PUBLIC],ACCEPTED_BY_DESIGN,KiCad parses embedded lib_id 'USB_C' as library ''. Prefixing to gunnchos: plus an extracted .kicad_sym made kicad-cli 10.0.5 fail schematic load. Embedded lib_symbols remain the in-tree source. Warning retained rather than breaking ERC.,RETAIN. Do not invent a pin-accurate symbol library. Do not add ERC ignore keys.,/,artifacts/supervisor_ready_eda/kicad/ds_xl_coder/erc.json,warning
W0065,ds_xl_coder,ERC,lib_symbol_issues,The current configuration does not include the symbol library '' :: Symbol JSIM1 [PERIPH],ACCEPTED_BY_DESIGN,KiCad parses embedded lib_id 'USB_C' as library ''. Prefixing to gunnchos: plus an extracted .kicad_sym made kicad-cli 10.0.5 fail schematic load. Embedded lib_symbols remain the in-tree source. Warning retained rather than breaking ERC.,RETAIN. Do not invent a pin-accurate symbol library. Do not add ERC ignore keys.,/,artifacts/supervisor_ready_eda/kicad/ds_xl_coder/erc.json,warning
W0066,ds_xl_coder,ERC,lib_symbol_issues,The current configuration does not include the symbol library '' :: Symbol JKEY1 [PERIPH],ACCEPTED_BY_DESIGN,KiCad parses embedded lib_id 'USB_C' as library ''. Prefixing to gunnchos: plus an extracted .kicad_sym made kicad-cli 10.0.5 fail schematic load. Embedded lib_symbols remain the in-tree source. Warning retained rather than breaking ERC.,RETAIN. Do not invent a pin-accurate symbol library. Do not add ERC ignore keys.,/,artifacts/supervisor_ready_eda/kicad/ds_xl_coder/erc.json,warning
W0067,ds_xl_coder,ERC,lib_symbol_issues,The current configuration does not include the symbol library '' :: Symbol JDBG1 [PERIPH],ACCEPTED_BY_DESIGN,KiCad parses embedded lib_id 'USB_C' as library ''. Prefixing to gunnchos: plus an extracted .kicad_sym made kicad-cli 10.0.5 fail schematic load. Embedded lib_symbols remain the in-tree source. Warning retained rather than breaking ERC.,RETAIN. Do not invent a pin-accurate symbol library. Do not add ERC ignore keys.,/,artifacts/supervisor_ready_eda/kicad/ds_xl_coder/erc.json,warning
W0068,ds_xl_coder,ERC,isolated_pin_label,Label connected to only one pin :: Global Label 'USB_DP',BLOCKED_NDA_INFORMATION,Global label is attached to a single stub pin. The missing far end is pin-accurate module/controller fanout: EXT-COM-HPC-400PIN + EXT-DSXL-DUAL-EDP (COM-HPC Mini + dual-eDP NDA maps). Public in-tree files do not contain that map.,RETAIN warning. Do not invent NDA nets. Owner intakes NDA CSV/PDF then fans out.,/,artifacts/supervisor_ready_eda/kicad/ds_xl_coder/erc.json,warning
W0069,ds_xl_coder,ERC,isolated_pin_label,Label connected to only one pin :: Global Label 'UART_TX',BLOCKED_NDA_INFORMATION,Global label is attached to a single stub pin. The missing far end is pin-accurate module/controller fanout: EXT-COM-HPC-400PIN + EXT-DSXL-DUAL-EDP (COM-HPC Mini + dual-eDP NDA maps). Public in-tree files do not contain that map.,RETAIN warning. Do not invent NDA nets. Owner intakes NDA CSV/PDF then fans out.,/,artifacts/supervisor_ready_eda/kicad/ds_xl_coder/erc.json,warning
W0070,ds_xl_coder,ERC,isolated_pin_label,Label connected to only one pin :: Global Label 'SPI_MOSI',BLOCKED_NDA_INFORMATION,Global label is attached to a single stub pin. The missing far end is pin-accurate module/controller fanout: EXT-COM-HPC-400PIN + EXT-DSXL-DUAL-EDP (COM-HPC Mini + dual-eDP NDA maps). Public in-tree files do not contain that map.,RETAIN warning. Do not invent NDA nets. Owner intakes NDA CSV/PDF then fans out.,/,artifacts/supervisor_ready_eda/kicad/ds_xl_coder/erc.json,warning
W0071,ds_xl_coder,ERC,isolated_pin_label,Label connected to only one pin :: Global Label 'SPI_CS',BLOCKED_NDA_INFORMATION,Global label is attached to a single stub pin. The missing far end is pin-accurate module/controller fanout: EXT-COM-HPC-400PIN + EXT-DSXL-DUAL-EDP (COM-HPC Mini + dual-eDP NDA maps). Public in-tree files do not contain that map.,RETAIN warning. Do not invent NDA nets. Owner intakes NDA CSV/PDF then fans out.,/,artifacts/supervisor_ready_eda/kicad/ds_xl_coder/erc.json,warning
W0072,ds_xl_coder,ERC,isolated_pin_label,Label connected to only one pin :: Global Label 'HINGE_FLEX',BLOCKED_NDA_INFORMATION,Global label is attached to a single stub pin. The missing far end is pin-accurate module/controller fanout: EXT-COM-HPC-400PIN + EXT-DSXL-DUAL-EDP (COM-HPC Mini + dual-eDP NDA maps). Public in-tree files do not contain that map.,RETAIN warning. Do not invent NDA nets. Owner intakes NDA CSV/PDF then fans out.,/,artifacts/supervisor_ready_eda/kicad/ds_xl_coder/erc.json,warning
W0073,ds_xl_coder,ERC,isolated_pin_label,Label connected to only one pin :: Global Label 'EDP1_N',BLOCKED_NDA_INFORMATION,Global label is attached to a single stub pin. The missing far end is pin-accurate module/controller fanout: EXT-COM-HPC-400PIN + EXT-DSXL-DUAL-EDP (COM-HPC Mini + dual-eDP NDA maps). Public in-tree files do not contain that map.,RETAIN warning. Do not invent NDA nets. Owner intakes NDA CSV/PDF then fans out.,/,artifacts/supervisor_ready_eda/kicad/ds_xl_coder/erc.json,warning
W0074,ds_xl_coder,ERC,lib_symbol_issues,The current configuration does not include the symbol library '' :: Symbol UPD1 [PD_CTRL],ACCEPTED_BY_DESIGN,KiCad parses embedded lib_id 'USB_C' as library ''. Prefixing to gunnchos: plus an extracted .kicad_sym made kicad-cli 10.0.5 fail schematic load. Embedded lib_symbols remain the in-tree source. Warning retained rather than breaking ERC.,RETAIN. Do not invent a pin-accurate symbol library. Do not add ERC ignore keys.,/,artifacts/supervisor_ready_eda/kicad/ds_xl_coder/erc.json,warning
W0075,ds_xl_coder,ERC,lib_symbol_issues,The current configuration does not include the symbol library '' :: Symbol R1 [R],ACCEPTED_BY_DESIGN,KiCad parses embedded lib_id 'USB_C' as library ''. Prefixing to gunnchos: plus an extracted .kicad_sym made kicad-cli 10.0.5 fail schematic load. Embedded lib_symbols remain the in-tree source. Warning retained rather than breaking ERC.,RETAIN. Do not invent a pin-accurate symbol library. Do not add ERC ignore keys.,/,artifacts/supervisor_ready_eda/kicad/ds_xl_coder/erc.json,warning
W0076,ds_xl_coder,ERC,lib_symbol_issues,The current configuration does not include the symbol library '' :: Symbol UTPM1 [TPM],ACCEPTED_BY_DESIGN,KiCad parses embedded lib_id 'USB_C' as library ''. Prefixing to gunnchos: plus an extracted .kicad_sym made kicad-cli 10.0.5 fail schematic load. Embedded lib_symbols remain the in-tree source. Warning retained rather than breaking ERC.,RETAIN. Do not invent a pin-accurate symbol library. Do not add ERC ignore keys.,/,artifacts/supervisor_ready_eda/kicad/ds_xl_coder/erc.json,warning
W0077,ds_xl_coder,ERC,lib_symbol_issues,The current configuration does not include the symbol library '' :: Symbol JWIFI1 [PERIPH],ACCEPTED_BY_DESIGN,KiCad parses embedded lib_id 'USB_C' as library ''. Prefixing to gunnchos: plus an extracted .kicad_sym made kicad-cli 10.0.5 fail schematic load. Embedded lib_symbols remain the in-tree source. Warning retained rather than breaking ERC.,RETAIN. Do not invent a pin-accurate symbol library. Do not add ERC ignore keys.,/,artifacts/supervisor_ready_eda/kicad/ds_xl_coder/erc.json,warning
W0078,ds_xl_coder,ERC,lib_symbol_issues,The current configuration does not include the symbol library '' :: Symbol JTRK1 [PERIPH],ACCEPTED_BY_DESIGN,KiCad parses embedded lib_id 'USB_C' as library ''. Prefixing to gunnchos: plus an extracted .kicad_sym made kicad-cli 10.0.5 fail schematic load. Embedded lib_symbols remain the in-tree source. Warning retained rather than breaking ERC.,RETAIN. Do not invent a pin-accurate symbol library. Do not add ERC ignore keys.,/,artifacts/supervisor_ready_eda/kicad/ds_xl_coder/erc.json,warning
W0079,ds_xl_coder,ERC,lib_symbol_issues,The current configuration does not include the symbol library '' :: Symbol JDISP2 [PANEL_EDP2],ACCEPTED_BY_DESIGN,KiCad parses embedded lib_id 'USB_C' as library ''. Prefixing to gunnchos: plus an extracted .kicad_sym made kicad-cli 10.0.5 fail schematic load. Embedded lib_symbols remain the in-tree source. Warning retained rather than breaking ERC.,RETAIN. Do not invent a pin-accurate symbol library. Do not add ERC ignore keys.,/,artifacts/supervisor_ready_eda/kicad/ds_xl_coder/erc.json,warning
W0080,ds_xl_coder,ERC,isolated_pin_label,Label connected to only one pin :: Global Label 'SPI_MISO',BLOCKED_NDA_INFORMATION,Global label is attached to a single stub pin. The missing far end is pin-accurate module/controller fanout: EXT-COM-HPC-400PIN + EXT-DSXL-DUAL-EDP (COM-HPC Mini + dual-eDP NDA maps). Public in-tree files do not contain that map.,RETAIN warning. Do not invent NDA nets. Owner intakes NDA CSV/PDF then fans out.,/,artifacts/supervisor_ready_eda/kicad/ds_xl_coder/erc.json,warning
W0081,ds_xl_coder,ERC,isolated_pin_label,Label connected to only one pin :: Global Label 'SPI_CLK',BLOCKED_NDA_INFORMATION,Global label is attached to a single stub pin. The missing far end is pin-accurate module/controller fanout: EXT-COM-HPC-400PIN + EXT-DSXL-DUAL-EDP (COM-HPC Mini + dual-eDP NDA maps). Public in-tree files do not contain that map.,RETAIN warning. Do not invent NDA nets. Owner intakes NDA CSV/PDF then fans out.,/,artifacts/supervisor_ready_eda/kicad/ds_xl_coder/erc.json,warning
W0082,ds_xl_coder,ERC,isolated_pin_label,Label connected to only one pin :: Global Label 'BL_PWM2',BLOCKED_NDA_INFORMATION,Global label is attached to a single stub pin. The missing far end is pin-accurate module/controller fanout: EXT-COM-HPC-400PIN + EXT-DSXL-DUAL-EDP (COM-HPC Mini + dual-eDP NDA maps). Public in-tree files do not contain that map.,RETAIN warning. Do not invent NDA nets. Owner intakes NDA CSV/PDF then fans out.,/,artifacts/supervisor_ready_eda/kicad/ds_xl_coder/erc.json,warning
W0083,ds_xl_coder,ERC,isolated_pin_label,Label connected to only one pin :: Global Label 'EDP1_P',BLOCKED_NDA_INFORMATION,Global label is attached to a single stub pin. The missing far end is pin-accurate module/controller fanout: EXT-COM-HPC-400PIN + EXT-DSXL-DUAL-EDP (COM-HPC Mini + dual-eDP NDA maps). Public in-tree files do not contain that map.,RETAIN warning. Do not invent NDA nets. Owner intakes NDA CSV/PDF then fans out.,/,artifacts/supervisor_ready_eda/kicad/ds_xl_coder/erc.json,warning
W0084,ds_xl_coder,ERC,isolated_pin_label,Label connected to only one pin :: Global Label 'VBAT',BLOCKED_NDA_INFORMATION,Global label is attached to a single stub pin. The missing far end is pin-accurate module/controller fanout: EXT-COM-HPC-400PIN + EXT-DSXL-DUAL-EDP (COM-HPC Mini + dual-eDP NDA maps). Public in-tree files do not contain that map.,RETAIN warning. Do not invent NDA nets. Owner intakes NDA CSV/PDF then fans out.,/,artifacts/supervisor_ready_eda/kicad/ds_xl_coder/erc.json,warning
W0085,ds_xl_coder,ERC,isolated_pin_label,Label connected to only one pin :: Global Label 'BL_EN',BLOCKED_NDA_INFORMATION,Global label is attached to a single stub pin. The missing far end is pin-accurate module/controller fanout: EXT-COM-HPC-400PIN + EXT-DSXL-DUAL-EDP (COM-HPC Mini + dual-eDP NDA maps). Public in-tree files do not contain that map.,RETAIN warning. Do not invent NDA nets. Owner intakes NDA CSV/PDF then fans out.,/,artifacts/supervisor_ready_eda/kicad/ds_xl_coder/erc.json,warning
W0086,ds_xl_coder,ERC,isolated_pin_label,Label connected to only one pin :: Global Label 'EDP0_N',BLOCKED_NDA_INFORMATION,Global label is attached to a single stub pin. The missing far end is pin-accurate module/controller fanout: EXT-COM-HPC-400PIN + EXT-DSXL-DUAL-EDP (COM-HPC Mini + dual-eDP NDA maps). Public in-tree files do not contain that map.,RETAIN warning. Do not invent NDA nets. Owner intakes NDA CSV/PDF then fans out.,/,artifacts/supervisor_ready_eda/kicad/ds_xl_coder/erc.json,warning
W0087,ds_xl_coder,ERC,lib_symbol_issues,The current configuration does not include the symbol library '' :: Symbol UCHG1 [CHARGER],ACCEPTED_BY_DESIGN,KiCad parses embedded lib_id 'USB_C' as library ''. Prefixing to gunnchos: plus an extracted .kicad_sym made kicad-cli 10.0.5 fail schematic load. Embedded lib_symbols remain the in-tree source. Warning retained rather than breaking ERC.,RETAIN. Do not invent a pin-accurate symbol library. Do not add ERC ignore keys.,/,artifacts/supervisor_ready_eda/kicad/ds_xl_coder/erc.json,warning
W0088,ds_xl_coder,ERC,lib_symbol_issues,The current configuration does not include the symbol library '' :: Symbol R2 [R],ACCEPTED_BY_DESIGN,KiCad parses embedded lib_id 'USB_C' as library ''. Prefixing to gunnchos: plus an extracted .kicad_sym made kicad-cli 10.0.5 fail schematic load. Embedded lib_symbols remain the in-tree source. Warning retained rather than breaking ERC.,RETAIN. Do not invent a pin-accurate symbol library. Do not add ERC ignore keys.,/,artifacts/supervisor_ready_eda/kicad/ds_xl_coder/erc.json,warning
W0089,ds_xl_coder,ERC,lib_symbol_issues,The current configuration does not include the symbol library '' :: Symbol JDISP1 [PANEL_EDP],ACCEPTED_BY_DESIGN,KiCad parses embedded lib_id 'USB_C' as library ''. Prefixing to gunnchos: plus an extracted .kicad_sym made kicad-cli 10.0.5 fail schematic load. Embedded lib_symbols remain the in-tree source. Warning retained rather than breaking ERC.,RETAIN. Do not invent a pin-accurate symbol library. Do not add ERC ignore keys.,/,artifacts/supervisor_ready_eda/kicad/ds_xl_coder/erc.json,warning
W0090,ds_xl_coder,ERC,lib_symbol_issues,The current configuration does not include the symbol library '' :: Symbol JETH1 [PERIPH],ACCEPTED_BY_DESIGN,KiCad parses embedded lib_id 'USB_C' as library ''. Prefixing to gunnchos: plus an extracted .kicad_sym made kicad-cli 10.0.5 fail schematic load. Embedded lib_symbols remain the in-tree source. Warning retained rather than breaking ERC.,RETAIN. Do not invent a pin-accurate symbol library. Do not add ERC ignore keys.,/,artifacts/supervisor_ready_eda/kicad/ds_xl_coder/erc.json,warning
W0091,ds_xl_coder,ERC,lib_symbol_issues,The current configuration does not include the symbol library '' :: Symbol JEC1 [PERIPH],ACCEPTED_BY_DESIGN,KiCad parses embedded lib_id 'USB_C' as library ''. Prefixing to gunnchos: plus an extracted .kicad_sym made kicad-cli 10.0.5 fail schematic load. Embedded lib_symbols remain the in-tree source. Warning retained rather than breaking ERC.,RETAIN. Do not invent a pin-accurate symbol library. Do not add ERC ignore keys.,/,artifacts/supervisor_ready_eda/kicad/ds_xl_coder/erc.json,warning
W0092,ds_xl_coder,ERC,isolated_pin_label,Label connected to only one pin :: Global Label 'BL_PWM',BLOCKED_NDA_INFORMATION,Global label is attached to a single stub pin. The missing far end is pin-accurate module/controller fanout: EXT-COM-HPC-400PIN + EXT-DSXL-DUAL-EDP (COM-HPC Mini + dual-eDP NDA maps). Public in-tree files do not contain that map.,RETAIN warning. Do not invent NDA nets. Owner intakes NDA CSV/PDF then fans out.,/,artifacts/supervisor_ready_eda/kicad/ds_xl_coder/erc.json,warning
W0093,ds_xl_coder,ERC,isolated_pin_label,Label connected to only one pin :: Global Label 'EDP0_P',BLOCKED_NDA_INFORMATION,Global label is attached to a single stub pin. The missing far end is pin-accurate module/controller fanout: EXT-COM-HPC-400PIN + EXT-DSXL-DUAL-EDP (COM-HPC Mini + dual-eDP NDA maps). Public in-tree files do not contain that map.,RETAIN warning. Do not invent NDA nets. Owner intakes NDA CSV/PDF then fans out.,/,artifacts/supervisor_ready_eda/kicad/ds_xl_coder/erc.json,warning
W0094,ds_xl_coder,ERC,lib_symbol_issues,The current configuration does not include the symbol library '' :: Symbol U3V3 [BUCK],ACCEPTED_BY_DESIGN,KiCad parses embedded lib_id 'USB_C' as library ''. Prefixing to gunnchos: plus an extracted .kicad_sym made kicad-cli 10.0.5 fail schematic load. Embedded lib_symbols remain the in-tree source. Warning retained rather than breaking ERC.,RETAIN. Do not invent a pin-accurate symbol library. Do not add ERC ignore keys.,/,artifacts/supervisor_ready_eda/kicad/ds_xl_coder/erc.json,warning
W0095,ds_xl_coder,ERC,lib_symbol_issues,The current configuration does not include the symbol library '' :: Symbol D1 [LED],ACCEPTED_BY_DESIGN,KiCad parses embedded lib_id 'USB_C' as library ''. Prefixing to gunnchos: plus an extracted .kicad_sym made kicad-cli 10.0.5 fail schematic load. Embedded lib_symbols remain the in-tree source. Warning retained rather than breaking ERC.,RETAIN. Do not invent a pin-accurate symbol library. Do not add ERC ignore keys.,/,artifacts/supervisor_ready_eda/kicad/ds_xl_coder/erc.json,warning
W0096,ds_xl_coder,ERC,lib_symbol_issues,The current configuration does not include the symbol library '' :: Symbol JNVME1 [PERIPH],ACCEPTED_BY_DESIGN,KiCad parses embedded lib_id 'USB_C' as library ''. Prefixing to gunnchos: plus an extracted .kicad_sym made kicad-cli 10.0.5 fail schematic load. Embedded lib_symbols remain the in-tree source. Warning retained rather than breaking ERC.,RETAIN. Do not invent a pin-accurate symbol library. Do not add ERC ignore keys.,/,artifacts/supervisor_ready_eda/kicad/ds_xl_coder/erc.json,warning
W0097,ds_xl_coder,ERC,lib_symbol_issues,The current configuration does not include the symbol library '' :: Symbol JAUD1 [PERIPH],ACCEPTED_BY_DESIGN,KiCad parses embedded lib_id 'USB_C' as library ''. Prefixing to gunnchos: plus an extracted .kicad_sym made kicad-cli 10.0.5 fail schematic load. Embedded lib_symbols remain the in-tree source. Warning retained rather than breaking ERC.,RETAIN. Do not invent a pin-accurate symbol library. Do not add ERC ignore keys.,/,artifacts/supervisor_ready_eda/kicad/ds_xl_coder/erc.json,warning
W0098,ds_xl_coder,ERC,lib_symbol_issues,The current configuration does not include the symbol library '' :: Symbol JBAT1 [PERIPH],ACCEPTED_BY_DESIGN,KiCad parses embedded lib_id 'USB_C' as library ''. Prefixing to gunnchos: plus an extracted .kicad_sym made kicad-cli 10.0.5 fail schematic load. Embedded lib_symbols remain the in-tree source. Warning retained rather than breaking ERC.,RETAIN. Do not invent a pin-accurate symbol library. Do not add ERC ignore keys.,/,artifacts/supervisor_ready_eda/kicad/ds_xl_coder/erc.json,warning
W0099,ds_xl_coder,ERC,lib_symbol_issues,The current configuration does not include the symbol library '' :: Symbol C1 [C],ACCEPTED_BY_DESIGN,KiCad parses embedded lib_id 'USB_C' as library ''. Prefixing to gunnchos: plus an extracted .kicad_sym made kicad-cli 10.0.5 fail schematic load. Embedded lib_symbols remain the in-tree source. Warning retained rather than breaking ERC.,RETAIN. Do not invent a pin-accurate symbol library. Do not add ERC ignore keys.,/,artifacts/supervisor_ready_eda/kicad/ds_xl_coder/erc.json,warning
W0100,ds_xl_coder,ERC,lib_symbol_issues,The current configuration does not include the symbol library '' :: Symbol DESD1 [ESD],ACCEPTED_BY_DESIGN,KiCad parses embedded lib_id 'USB_C' as library ''. Prefixing to gunnchos: plus an extracted .kicad_sym made kicad-cli 10.0.5 fail schematic load. Embedded lib_symbols remain the in-tree source. Warning retained rather than breaking ERC.,RETAIN. Do not invent a pin-accurate symbol library. Do not add ERC ignore keys.,/,artifacts/supervisor_ready_eda/kicad/ds_xl_coder/erc.json,warning
W0101,ds_xl_coder,ERC,lib_symbol_issues,The current configuration does not include the symbol library '' :: Symbol JWWAN1 [PERIPH],ACCEPTED_BY_DESIGN,KiCad parses embedded lib_id 'USB_C' as library ''. Prefixing to gunnchos: plus an extracted .kicad_sym made kicad-cli 10.0.5 fail schematic load. Embedded lib_symbols remain the in-tree source. Warning retained rather than breaking ERC.,RETAIN. Do not invent a pin-accurate symbol library. Do not add ERC ignore keys.,/,artifacts/supervisor_ready_eda/kicad/ds_xl_coder/erc.json,warning
W0102,ds_xl_coder,ERC,lib_symbol_issues,The current configuration does not include the symbol library '' :: Symbol JCAM1 [PERIPH],ACCEPTED_BY_DESIGN,KiCad parses embedded lib_id 'USB_C' as library ''. Prefixing to gunnchos: plus an extracted .kicad_sym made kicad-cli 10.0.5 fail schematic load. Embedded lib_symbols remain the in-tree source. Warning retained rather than breaking ERC.,RETAIN. Do not invent a pin-accurate symbol library. Do not add ERC ignore keys.,/,artifacts/supervisor_ready_eda/kicad/ds_xl_coder/erc.json,warning
W0103,ds_xl_coder,ERC,lib_symbol_issues,The current configuration does not include the symbol library '' :: Symbol JSEC1 [PERIPH],ACCEPTED_BY_DESIGN,KiCad parses embedded lib_id 'USB_C' as library ''. Prefixing to gunnchos: plus an extracted .kicad_sym made kicad-cli 10.0.5 fail schematic load. Embedded lib_symbols remain the in-tree source. Warning retained rather than breaking ERC.,RETAIN. Do not invent a pin-accurate symbol library. Do not add ERC ignore keys.,/,artifacts/supervisor_ready_eda/kicad/ds_xl_coder/erc.json,warning
W0104,ds_xl_coder,DRC,track_dangling,"Track has unconnected end :: Track [<no net>] on F.Cu, length 68.6000 mm",FIXABLE_DIGITALLY,No-net copper segment (net 0) leftover from envelope sketches. Handheld already closed this class; other SKUs still have it. Not an NDA net.,Delete (segment ...) with (net 0) from the PCB.,,artifacts/supervisor_ready_eda/kicad/ds_xl_coder/drc.json,warning
W0105,ds_xl_coder,DRC,track_dangling,"Track has unconnected end :: Track [<no net>] on F.Cu, length 71.8000 mm",FIXABLE_DIGITALLY,No-net copper segment (net 0) leftover from envelope sketches. Handheld already closed this class; other SKUs still have it. Not an NDA net.,Delete (segment ...) with (net 0) from the PCB.,,artifacts/supervisor_ready_eda/kicad/ds_xl_coder/drc.json,warning
W0106,ds_xl_coder,DRC,track_dangling,"Track has unconnected end :: Track [<no net>] on B.Cu, length 68.6000 mm",FIXABLE_DIGITALLY,No-net copper segment (net 0) leftover from envelope sketches. Handheld already closed this class; other SKUs still have it. Not an NDA net.,Delete (segment ...) with (net 0) from the PCB.,,artifacts/supervisor_ready_eda/kicad/ds_xl_coder/drc.json,warning
W0107,ds_xl_coder,DRC,track_dangling,"Track has unconnected end :: Track [<no net>] on B.Cu, length 71.8000 mm",FIXABLE_DIGITALLY,No-net copper segment (net 0) leftover from envelope sketches. Handheld already closed this class; other SKUs still have it. Not an NDA net.,Delete (segment ...) with (net 0) from the PCB.,,artifacts/supervisor_ready_eda/kicad/ds_xl_coder/drc.json,warning
W0108,ds_xl_coder,DRC,track_dangling,"Track has unconnected end :: Track [<no net>] on F.Cu, length 68.6000 mm",FIXABLE_DIGITALLY,No-net copper segment (net 0) leftover from envelope sketches. Handheld already closed this class; other SKUs still have it. Not an NDA net.,Delete (segment ...) with (net 0) from the PCB.,,artifacts/supervisor_ready_eda/kicad/ds_xl_coder/drc.json,warning
W0109,ds_xl_coder,DRC,track_dangling,"Track has unconnected end :: Track [<no net>] on F.Cu, length 71.8000 mm",FIXABLE_DIGITALLY,No-net copper segment (net 0) leftover from envelope sketches. Handheld already closed this class; other SKUs still have it. Not an NDA net.,Delete (segment ...) with (net 0) from the PCB.,,artifacts/supervisor_ready_eda/kicad/ds_xl_coder/drc.json,warning
W0110,ds_xl_coder,DRC,track_dangling,"Track has unconnected end :: Track [<no net>] on F.Cu, length 68.6000 mm",FIXABLE_DIGITALLY,No-net copper segment (net 0) leftover from envelope sketches. Handheld already closed this class; other SKUs still have it. Not an NDA net.,Delete (segment ...) with (net 0) from the PCB.,,artifacts/supervisor_ready_eda/kicad/ds_xl_coder/drc.json,warning
W0111,ds_xl_coder,DRC,track_dangling,"Track has unconnected end :: Track [<no net>] on F.Cu, length 71.8000 mm",FIXABLE_DIGITALLY,No-net copper segment (net 0) leftover from envelope sketches. Handheld already closed this class; other SKUs still have it. Not an NDA net.,Delete (segment ...) with (net 0) from the PCB.,,artifacts/supervisor_ready_eda/kicad/ds_xl_coder/drc.json,warning
W0112,ds_xl_coder,DRC,track_dangling,"Track has unconnected end :: Track [<no net>] on F.Cu, length 68.6000 mm",FIXABLE_DIGITALLY,No-net copper segment (net 0) leftover from envelope sketches. Handheld already closed this class; other SKUs still have it. Not an NDA net.,Delete (segment ...) with (net 0) from the PCB.,,artifacts/supervisor_ready_eda/kicad/ds_xl_coder/drc.json,warning
W0113,ds_xl_coder,DRC,track_dangling,"Track has unconnected end :: Track [<no net>] on F.Cu, length 71.8000 mm",FIXABLE_DIGITALLY,No-net copper segment (net 0) leftover from envelope sketches. Handheld already closed this class; other SKUs still have it. Not an NDA net.,Delete (segment ...) with (net 0) from the PCB.,,artifacts/supervisor_ready_eda/kicad/ds_xl_coder/drc.json,warning
W0114,ds_xl_coder,DRC,lib_footprint_mismatch,Footprint 'MountingHole_3.2mm' does not match copy in library 'gunnchos_production' :: Footprint H1,ACCEPTED_BY_DESIGN,"Cont IX PCB instances are envelope stubs on a digital-package placement grid. gunnchos_production.pretty already holds in-tree JEDEC/vendor geometry. Dropping those full footprints onto the current 24 mm envelope grid produces DRC errors (courtyard overlap, drill_out_of_range, solder_mask_bridge) — verified with kicad-cli 10.0.5. Retaining the mismatch keeps 0-error DRC; library remains the authority for later pin-accurate layout. Not an NDA pin map.",RETAIN instance/library mismatch. Do not ignore DRC. Do not expand ignored_checks. Pin-accurate placement is a later layout pass.,,artifacts/supervisor_ready_eda/kicad/ds_xl_coder/drc.json,warning
W0115,ds_xl_coder,DRC,lib_footprint_mismatch,Footprint 'MountingHole_3.2mm' does not match copy in library 'gunnchos_production' :: Footprint H2,ACCEPTED_BY_DESIGN,"Cont IX PCB instances are envelope stubs on a digital-package placement grid. gunnchos_production.pretty already holds in-tree JEDEC/vendor geometry. Dropping those full footprints onto the current 24 mm envelope grid produces DRC errors (courtyard overlap, drill_out_of_range, solder_mask_bridge) — verified with kicad-cli 10.0.5. Retaining the mismatch keeps 0-error DRC; library remains the authority for later pin-accurate layout. Not an NDA pin map.",RETAIN instance/library mismatch. Do not ignore DRC. Do not expand ignored_checks. Pin-accurate placement is a later layout pass.,,artifacts/supervisor_ready_eda/kicad/ds_xl_coder/drc.json,warning
W0116,ds_xl_coder,DRC,lib_footprint_mismatch,Footprint 'MountingHole_3.2mm' does not match copy in library 'gunnchos_production' :: Footprint H3,ACCEPTED_BY_DESIGN,"Cont IX PCB instances are envelope stubs on a digital-package placement grid. gunnchos_production.pretty already holds in-tree JEDEC/vendor geometry. Dropping those full footprints onto the current 24 mm envelope grid produces DRC errors (courtyard overlap, drill_out_of_range, solder_mask_bridge) — verified with kicad-cli 10.0.5. Retaining the mismatch keeps 0-error DRC; library remains the authority for later pin-accurate layout. Not an NDA pin map.",RETAIN instance/library mismatch. Do not ignore DRC. Do not expand ignored_checks. Pin-accurate placement is a later layout pass.,,artifacts/supervisor_ready_eda/kicad/ds_xl_coder/drc.json,warning
W0117,ds_xl_coder,DRC,lib_footprint_mismatch,Footprint 'MountingHole_3.2mm' does not match copy in library 'gunnchos_production' :: Footprint H4,ACCEPTED_BY_DESIGN,"Cont IX PCB instances are envelope stubs on a digital-package placement grid. gunnchos_production.pretty already holds in-tree JEDEC/vendor geometry. Dropping those full footprints onto the current 24 mm envelope grid produces DRC errors (courtyard overlap, drill_out_of_range, solder_mask_bridge) — verified with kicad-cli 10.0.5. Retaining the mismatch keeps 0-error DRC; library remains the authority for later pin-accurate layout. Not an NDA pin map.",RETAIN instance/library mismatch. Do not ignore DRC. Do not expand ignored_checks. Pin-accurate placement is a later layout pass.,,artifacts/supervisor_ready_eda/kicad/ds_xl_coder/drc.json,warning
W0118,ds_xl_coder,DRC,lib_footprint_mismatch,Footprint 'Fiducial_1mm' does not match copy in library 'gunnchos_production' :: Footprint FID1,ACCEPTED_BY_DESIGN,"Cont IX PCB instances are envelope stubs on a digital-package placement grid. gunnchos_production.pretty already holds in-tree JEDEC/vendor geometry. Dropping those full footprints onto the current 24 mm envelope grid produces DRC errors (courtyard overlap, drill_out_of_range, solder_mask_bridge) — verified with kicad-cli 10.0.5. Retaining the mismatch keeps 0-error DRC; library remains the authority for later pin-accurate layout. Not an NDA pin map.",RETAIN instance/library mismatch. Do not ignore DRC. Do not expand ignored_checks. Pin-accurate placement is a later layout pass.,,artifacts/supervisor_ready_eda/kicad/ds_xl_coder/drc.json,warning
W0119,ds_xl_coder,DRC,lib_footprint_mismatch,Footprint 'Fiducial_1mm' does not match copy in library 'gunnchos_production' :: Footprint FID2,ACCEPTED_BY_DESIGN,"Cont IX PCB instances are envelope stubs on a digital-package placement grid. gunnchos_production.pretty already holds in-tree JEDEC/vendor geometry. Dropping those full footprints onto the current 24 mm envelope grid produces DRC errors (courtyard overlap, drill_out_of_range, solder_mask_bridge) — verified with kicad-cli 10.0.5. Retaining the mismatch keeps 0-error DRC; library remains the authority for later pin-accurate layout. Not an NDA pin map.",RETAIN instance/library mismatch. Do not ignore DRC. Do not expand ignored_checks. Pin-accurate placement is a later layout pass.,,artifacts/supervisor_ready_eda/kicad/ds_xl_coder/drc.json,warning
W0120,ds_xl_coder,DRC,lib_footprint_mismatch,Footprint 'Fiducial_1mm' does not match copy in library 'gunnchos_production' :: Footprint FID3,ACCEPTED_BY_DESIGN,"Cont IX PCB instances are envelope stubs on a digital-package placement grid. gunnchos_production.pretty already holds in-tree JEDEC/vendor geometry. Dropping those full footprints onto the current 24 mm envelope grid produces DRC errors (courtyard overlap, drill_out_of_range, solder_mask_bridge) — verified with kicad-cli 10.0.5. Retaining the mismatch keeps 0-error DRC; library remains the authority for later pin-accurate layout. Not an NDA pin map.",RETAIN instance/library mismatch. Do not ignore DRC. Do not expand ignored_checks. Pin-accurate placement is a later layout pass.,,artifacts/supervisor_ready_eda/kicad/ds_xl_coder/drc.json,warning
W0121,ds_xl_coder,DRC,lib_footprint_mismatch,Footprint 'USB_C_Receptacle_Production' does not match copy in library 'gunnchos_production' :: Footprint JUSB1,ACCEPTED_BY_DESIGN,"Cont IX PCB instances are envelope stubs on a digital-package placement grid. gunnchos_production.pretty already holds in-tree JEDEC/vendor geometry. Dropping those full footprints onto the current 24 mm envelope grid produces DRC errors (courtyard overlap, drill_out_of_range, solder_mask_bridge) — verified with kicad-cli 10.0.5. Retaining the mismatch keeps 0-error DRC; library remains the authority for later pin-accurate layout. Not an NDA pin map.",RETAIN instance/library mismatch. Do not ignore DRC. Do not expand ignored_checks. Pin-accurate placement is a later layout pass.,,artifacts/supervisor_ready_eda/kicad/ds_xl_coder/drc.json,warning
W0122,ds_xl_coder,DRC,lib_footprint_mismatch,Footprint 'VQFN-48-1EP_7x7mm_P0.5mm' does not match copy in library 'gunnchos_production' :: Footprint UPD1,ACCEPTED_BY_DESIGN,"Cont IX PCB instances are envelope stubs on a digital-package placement grid. gunnchos_production.pretty already holds in-tree JEDEC/vendor geometry. Dropping those full footprints onto the current 24 mm envelope grid produces DRC errors (courtyard overlap, drill_out_of_range, solder_mask_bridge) — verified with kicad-cli 10.0.5. Retaining the mismatch keeps 0-error DRC; library remains the authority for later pin-accurate layout. Not an NDA pin map.",RETAIN instance/library mismatch. Do not ignore DRC. Do not expand ignored_checks. Pin-accurate placement is a later layout pass.,,artifacts/supervisor_ready_eda/kicad/ds_xl_coder/drc.json,warning
W0123,ds_xl_coder,DRC,lib_footprint_mismatch,Footprint 'WQFN-29-1EP_4x4mm_P0.4mm' does not match copy in library 'gunnchos_production' :: Footprint UCHG1,ACCEPTED_BY_DESIGN,"Cont IX PCB instances are envelope stubs on a digital-package placement grid. gunnchos_production.pretty already holds in-tree JEDEC/vendor geometry. Dropping those full footprints onto the current 24 mm envelope grid produces DRC errors (courtyard overlap, drill_out_of_range, solder_mask_bridge) — verified with kicad-cli 10.0.5. Retaining the mismatch keeps 0-error DRC; library remains the authority for later pin-accurate layout. Not an NDA pin map.",RETAIN instance/library mismatch. Do not ignore DRC. Do not expand ignored_checks. Pin-accurate placement is a later layout pass.,,artifacts/supervisor_ready_eda/kicad/ds_xl_coder/drc.json,warning
W0124,ds_xl_coder,DRC,lib_footprint_mismatch,Footprint 'QFN-16-1EP_3x3mm_P0.5mm' does not match copy in library 'gunnchos_production' :: Footprint U3V3,ACCEPTED_BY_DESIGN,"Cont IX PCB instances are envelope stubs on a digital-package placement grid. gunnchos_production.pretty already holds in-tree JEDEC/vendor geometry. Dropping those full footprints onto the current 24 mm envelope grid produces DRC errors (courtyard overlap, drill_out_of_range, solder_mask_bridge) — verified with kicad-cli 10.0.5. Retaining the mismatch keeps 0-error DRC; library remains the authority for later pin-accurate layout. Not an NDA pin map.",RETAIN instance/library mismatch. Do not ignore DRC. Do not expand ignored_checks. Pin-accurate placement is a later layout pass.,,artifacts/supervisor_ready_eda/kicad/ds_xl_coder/drc.json,warning
W0125,ds_xl_coder,DRC,lib_footprint_mismatch,Footprint 'C_0402' does not match copy in library 'gunnchos_production' :: Footprint C1,ACCEPTED_BY_DESIGN,"Cont IX PCB instances are envelope stubs on a digital-package placement grid. gunnchos_production.pretty already holds in-tree JEDEC/vendor geometry. Dropping those full footprints onto the current 24 mm envelope grid produces DRC errors (courtyard overlap, drill_out_of_range, solder_mask_bridge) — verified with kicad-cli 10.0.5. Retaining the mismatch keeps 0-error DRC; library remains the authority for later pin-accurate layout. Not an NDA pin map.",RETAIN instance/library mismatch. Do not ignore DRC. Do not expand ignored_checks. Pin-accurate placement is a later layout pass.,,artifacts/supervisor_ready_eda/kicad/ds_xl_coder/drc.json,warning
W0126,ds_xl_coder,DRC,lib_footprint_mismatch,Footprint 'C_0402' does not match copy in library 'gunnchos_production' :: Footprint C2,ACCEPTED_BY_DESIGN,"Cont IX PCB instances are envelope stubs on a digital-package placement grid. gunnchos_production.pretty already holds in-tree JEDEC/vendor geometry. Dropping those full footprints onto the current 24 mm envelope grid produces DRC errors (courtyard overlap, drill_out_of_range, solder_mask_bridge) — verified with kicad-cli 10.0.5. Retaining the mismatch keeps 0-error DRC; library remains the authority for later pin-accurate layout. Not an NDA pin map.",RETAIN instance/library mismatch. Do not ignore DRC. Do not expand ignored_checks. Pin-accurate placement is a later layout pass.,,artifacts/supervisor_ready_eda/kicad/ds_xl_coder/drc.json,warning
W0127,ds_xl_coder,DRC,lib_footprint_mismatch,Footprint 'R_0402' does not match copy in library 'gunnchos_production' :: Footprint R1,ACCEPTED_BY_DESIGN,"Cont IX PCB instances are envelope stubs on a digital-package placement grid. gunnchos_production.pretty already holds in-tree JEDEC/vendor geometry. Dropping those full footprints onto the current 24 mm envelope grid produces DRC errors (courtyard overlap, drill_out_of_range, solder_mask_bridge) — verified with kicad-cli 10.0.5. Retaining the mismatch keeps 0-error DRC; library remains the authority for later pin-accurate layout. Not an NDA pin map.",RETAIN instance/library mismatch. Do not ignore DRC. Do not expand ignored_checks. Pin-accurate placement is a later layout pass.,,artifacts/supervisor_ready_eda/kicad/ds_xl_coder/drc.json,warning
W0128,ds_xl_coder,DRC,lib_footprint_mismatch,Footprint 'R_0402' does not match copy in library 'gunnchos_production' :: Footprint R2,ACCEPTED_BY_DESIGN,"Cont IX PCB instances are envelope stubs on a digital-package placement grid. gunnchos_production.pretty already holds in-tree JEDEC/vendor geometry. Dropping those full footprints onto the current 24 mm envelope grid produces DRC errors (courtyard overlap, drill_out_of_range, solder_mask_bridge) — verified with kicad-cli 10.0.5. Retaining the mismatch keeps 0-error DRC; library remains the authority for later pin-accurate layout. Not an NDA pin map.",RETAIN instance/library mismatch. Do not ignore DRC. Do not expand ignored_checks. Pin-accurate placement is a later layout pass.,,artifacts/supervisor_ready_eda/kicad/ds_xl_coder/drc.json,warning
W0129,ds_xl_coder,DRC,lib_footprint_mismatch,Footprint 'LED_0603' does not match copy in library 'gunnchos_production' :: Footprint D1,ACCEPTED_BY_DESIGN,"Cont IX PCB instances are envelope stubs on a digital-package placement grid. gunnchos_production.pretty already holds in-tree JEDEC/vendor geometry. Dropping those full footprints onto the current 24 mm envelope grid produces DRC errors (courtyard overlap, drill_out_of_range, solder_mask_bridge) — verified with kicad-cli 10.0.5. Retaining the mismatch keeps 0-error DRC; library remains the authority for later pin-accurate layout. Not an NDA pin map.",RETAIN instance/library mismatch. Do not ignore DRC. Do not expand ignored_checks. Pin-accurate placement is a later layout pass.,,artifacts/supervisor_ready_eda/kicad/ds_xl_coder/drc.json,warning
W0130,ds_xl_coder,DRC,lib_footprint_mismatch,Footprint 'DFN1006-2' does not match copy in library 'gunnchos_production' :: Footprint DESD1,ACCEPTED_BY_DESIGN,"Cont IX PCB instances are envelope stubs on a digital-package placement grid. gunnchos_production.pretty already holds in-tree JEDEC/vendor geometry. Dropping those full footprints onto the current 24 mm envelope grid produces DRC errors (courtyard overlap, drill_out_of_range, solder_mask_bridge) — verified with kicad-cli 10.0.5. Retaining the mismatch keeps 0-error DRC; library remains the authority for later pin-accurate layout. Not an NDA pin map.",RETAIN instance/library mismatch. Do not ignore DRC. Do not expand ignored_checks. Pin-accurate placement is a later layout pass.,,artifacts/supervisor_ready_eda/kicad/ds_xl_coder/drc.json,warning
W0131,ds_xl_coder,DRC,lib_footprint_mismatch,Footprint 'COMHPC_Mini_envelope' does not match copy in library 'gunnchos_production' :: Footprint UCOM1,ACCEPTED_BY_DESIGN,"Cont IX PCB instances are envelope stubs on a digital-package placement grid. gunnchos_production.pretty already holds in-tree JEDEC/vendor geometry. Dropping those full footprints onto the current 24 mm envelope grid produces DRC errors (courtyard overlap, drill_out_of_range, solder_mask_bridge) — verified with kicad-cli 10.0.5. Retaining the mismatch keeps 0-error DRC; library remains the authority for later pin-accurate layout. Not an NDA pin map.",RETAIN instance/library mismatch. Do not ignore DRC. Do not expand ignored_checks. Pin-accurate placement is a later layout pass.,,artifacts/supervisor_ready_eda/kicad/ds_xl_coder/drc.json,warning
W0132,ds_xl_coder,DRC,lib_footprint_mismatch,Footprint 'VQFN-32-1EP_5x5mm_P0.5mm' does not match copy in library 'gunnchos_production' :: Footprint UTPM1,ACCEPTED_BY_DESIGN,"Cont IX PCB instances are envelope stubs on a digital-package placement grid. gunnchos_production.pretty already holds in-tree JEDEC/vendor geometry. Dropping those full footprints onto the current 24 mm envelope grid produces DRC errors (courtyard overlap, drill_out_of_range, solder_mask_bridge) — verified with kicad-cli 10.0.5. Retaining the mismatch keeps 0-error DRC; library remains the authority for later pin-accurate layout. Not an NDA pin map.",RETAIN instance/library mismatch. Do not ignore DRC. Do not expand ignored_checks. Pin-accurate placement is a later layout pass.,,artifacts/supervisor_ready_eda/kicad/ds_xl_coder/drc.json,warning
W0133,ds_xl_coder,DRC,lib_footprint_mismatch,Footprint 'FFC_40P_0.5mm' does not match copy in library 'gunnchos_production' :: Footprint JDISP1,ACCEPTED_BY_DESIGN,"Cont IX PCB instances are envelope stubs on a digital-package placement grid. gunnchos_production.pretty already holds in-tree JEDEC/vendor geometry. Dropping those full footprints onto the current 24 mm envelope grid produces DRC errors (courtyard overlap, drill_out_of_range, solder_mask_bridge) — verified with kicad-cli 10.0.5. Retaining the mismatch keeps 0-error DRC; library remains the authority for later pin-accurate layout. Not an NDA pin map.",RETAIN instance/library mismatch. Do not ignore DRC. Do not expand ignored_checks. Pin-accurate placement is a later layout pass.,,artifacts/supervisor_ready_eda/kicad/ds_xl_coder/drc.json,warning
W0134,ds_xl_coder,DRC,lib_footprint_mismatch,Footprint 'FFC_40P_0.5mm' does not match copy in library 'gunnchos_production' :: Footprint JNVME1,ACCEPTED_BY_DESIGN,"Cont IX PCB instances are envelope stubs on a digital-package placement grid. gunnchos_production.pretty already holds in-tree JEDEC/vendor geometry. Dropping those full footprints onto the current 24 mm envelope grid produces DRC errors (courtyard overlap, drill_out_of_range, solder_mask_bridge) — verified with kicad-cli 10.0.5. Retaining the mismatch keeps 0-error DRC; library remains the authority for later pin-accurate layout. Not an NDA pin map.",RETAIN instance/library mismatch. Do not ignore DRC. Do not expand ignored_checks. Pin-accurate placement is a later layout pass.,,artifacts/supervisor_ready_eda/kicad/ds_xl_coder/drc.json,warning
W0135,ds_xl_coder,DRC,lib_footprint_mismatch,Footprint 'FFC_40P_0.5mm' does not match copy in library 'gunnchos_production' :: Footprint JWWAN1,ACCEPTED_BY_DESIGN,"Cont IX PCB instances are envelope stubs on a digital-package placement grid. gunnchos_production.pretty already holds in-tree JEDEC/vendor geometry. Dropping those full footprints onto the current 24 mm envelope grid produces DRC errors (courtyard overlap, drill_out_of_range, solder_mask_bridge) — verified with kicad-cli 10.0.5. Retaining the mismatch keeps 0-error DRC; library remains the authority for later pin-accurate layout. Not an NDA pin map.",RETAIN instance/library mismatch. Do not ignore DRC. Do not expand ignored_checks. Pin-accurate placement is a later layout pass.,,artifacts/supervisor_ready_eda/kicad/ds_xl_coder/drc.json,warning
W0136,ds_xl_coder,DRC,lib_footprint_mismatch,Footprint 'DFN1006-2' does not match copy in library 'gunnchos_production' :: Footprint JSIM1,ACCEPTED_BY_DESIGN,"Cont IX PCB instances are envelope stubs on a digital-package placement grid. gunnchos_production.pretty already holds in-tree JEDEC/vendor geometry. Dropping those full footprints onto the current 24 mm envelope grid produces DRC errors (courtyard overlap, drill_out_of_range, solder_mask_bridge) — verified with kicad-cli 10.0.5. Retaining the mismatch keeps 0-error DRC; library remains the authority for later pin-accurate layout. Not an NDA pin map.",RETAIN instance/library mismatch. Do not ignore DRC. Do not expand ignored_checks. Pin-accurate placement is a later layout pass.,,artifacts/supervisor_ready_eda/kicad/ds_xl_coder/drc.json,warning
W0137,ds_xl_coder,DRC,lib_footprint_mismatch,Footprint 'DFN1006-2' does not match copy in library 'gunnchos_production' :: Footprint JWIFI1,ACCEPTED_BY_DESIGN,"Cont IX PCB instances are envelope stubs on a digital-package placement grid. gunnchos_production.pretty already holds in-tree JEDEC/vendor geometry. Dropping those full footprints onto the current 24 mm envelope grid produces DRC errors (courtyard overlap, drill_out_of_range, solder_mask_bridge) — verified with kicad-cli 10.0.5. Retaining the mismatch keeps 0-error DRC; library remains the authority for later pin-accurate layout. Not an NDA pin map.",RETAIN instance/library mismatch. Do not ignore DRC. Do not expand ignored_checks. Pin-accurate placement is a later layout pass.,,artifacts/supervisor_ready_eda/kicad/ds_xl_coder/drc.json,warning
W0138,ds_xl_coder,DRC,lib_footprint_mismatch,Footprint 'DFN1006-2' does not match copy in library 'gunnchos_production' :: Footprint JETH1,ACCEPTED_BY_DESIGN,"Cont IX PCB instances are envelope stubs on a digital-package placement grid. gunnchos_production.pretty already holds in-tree JEDEC/vendor geometry. Dropping those full footprints onto the current 24 mm envelope grid produces DRC errors (courtyard overlap, drill_out_of_range, solder_mask_bridge) — verified with kicad-cli 10.0.5. Retaining the mismatch keeps 0-error DRC; library remains the authority for later pin-accurate layout. Not an NDA pin map.",RETAIN instance/library mismatch. Do not ignore DRC. Do not expand ignored_checks. Pin-accurate placement is a later layout pass.,,artifacts/supervisor_ready_eda/kicad/ds_xl_coder/drc.json,warning
W0139,ds_xl_coder,DRC,lib_footprint_mismatch,Footprint 'DFN1006-2' does not match copy in library 'gunnchos_production' :: Footprint JAUD1,ACCEPTED_BY_DESIGN,"Cont IX PCB instances are envelope stubs on a digital-package placement grid. gunnchos_production.pretty already holds in-tree JEDEC/vendor geometry. Dropping those full footprints onto the current 24 mm envelope grid produces DRC errors (courtyard overlap, drill_out_of_range, solder_mask_bridge) — verified with kicad-cli 10.0.5. Retaining the mismatch keeps 0-error DRC; library remains the authority for later pin-accurate layout. Not an NDA pin map.",RETAIN instance/library mismatch. Do not ignore DRC. Do not expand ignored_checks. Pin-accurate placement is a later layout pass.,,artifacts/supervisor_ready_eda/kicad/ds_xl_coder/drc.json,warning
W0140,ds_xl_coder,DRC,lib_footprint_mismatch,Footprint 'FFC_40P_0.5mm' does not match copy in library 'gunnchos_production' :: Footprint JCAM1,ACCEPTED_BY_DESIGN,"Cont IX PCB instances are envelope stubs on a digital-package placement grid. gunnchos_production.pretty already holds in-tree JEDEC/vendor geometry. Dropping those full footprints onto the current 24 mm envelope grid produces DRC errors (courtyard overlap, drill_out_of_range, solder_mask_bridge) — verified with kicad-cli 10.0.5. Retaining the mismatch keeps 0-error DRC; library remains the authority for later pin-accurate layout. Not an NDA pin map.",RETAIN instance/library mismatch. Do not ignore DRC. Do not expand ignored_checks. Pin-accurate placement is a later layout pass.,,artifacts/supervisor_ready_eda/kicad/ds_xl_coder/drc.json,warning
W0141,ds_xl_coder,DRC,lib_footprint_mismatch,Footprint 'DFN1006-2' does not match copy in library 'gunnchos_production' :: Footprint JKEY1,ACCEPTED_BY_DESIGN,"Cont IX PCB instances are envelope stubs on a digital-package placement grid. gunnchos_production.pretty already holds in-tree JEDEC/vendor geometry. Dropping those full footprints onto the current 24 mm envelope grid produces DRC errors (courtyard overlap, drill_out_of_range, solder_mask_bridge) — verified with kicad-cli 10.0.5. Retaining the mismatch keeps 0-error DRC; library remains the authority for later pin-accurate layout. Not an NDA pin map.",RETAIN instance/library mismatch. Do not ignore DRC. Do not expand ignored_checks. Pin-accurate placement is a later layout pass.,,artifacts/supervisor_ready_eda/kicad/ds_xl_coder/drc.json,warning
W0142,ds_xl_coder,DRC,lib_footprint_mismatch,Footprint 'DFN1006-2' does not match copy in library 'gunnchos_production' :: Footprint JTRK1,ACCEPTED_BY_DESIGN,"Cont IX PCB instances are envelope stubs on a digital-package placement grid. gunnchos_production.pretty already holds in-tree JEDEC/vendor geometry. Dropping those full footprints onto the current 24 mm envelope grid produces DRC errors (courtyard overlap, drill_out_of_range, solder_mask_bridge) — verified with kicad-cli 10.0.5. Retaining the mismatch keeps 0-error DRC; library remains the authority for later pin-accurate layout. Not an NDA pin map.",RETAIN instance/library mismatch. Do not ignore DRC. Do not expand ignored_checks. Pin-accurate placement is a later layout pass.,,artifacts/supervisor_ready_eda/kicad/ds_xl_coder/drc.json,warning
W0143,ds_xl_coder,DRC,lib_footprint_mismatch,Footprint 'DFN1006-2' does not match copy in library 'gunnchos_production' :: Footprint JEC1,ACCEPTED_BY_DESIGN,"Cont IX PCB instances are envelope stubs on a digital-package placement grid. gunnchos_production.pretty already holds in-tree JEDEC/vendor geometry. Dropping those full footprints onto the current 24 mm envelope grid produces DRC errors (courtyard overlap, drill_out_of_range, solder_mask_bridge) — verified with kicad-cli 10.0.5. Retaining the mismatch keeps 0-error DRC; library remains the authority for later pin-accurate layout. Not an NDA pin map.",RETAIN instance/library mismatch. Do not ignore DRC. Do not expand ignored_checks. Pin-accurate placement is a later layout pass.,,artifacts/supervisor_ready_eda/kicad/ds_xl_coder/drc.json,warning
W0144,ds_xl_coder,DRC,lib_footprint_mismatch,Footprint 'DFN1006-2' does not match copy in library 'gunnchos_production' :: Footprint JBAT1,ACCEPTED_BY_DESIGN,"Cont IX PCB instances are envelope stubs on a digital-package placement grid. gunnchos_production.pretty already holds in-tree JEDEC/vendor geometry. Dropping those full footprints onto the current 24 mm envelope grid produces DRC errors (courtyard overlap, drill_out_of_range, solder_mask_bridge) — verified with kicad-cli 10.0.5. Retaining the mismatch keeps 0-error DRC; library remains the authority for later pin-accurate layout. Not an NDA pin map.",RETAIN instance/library mismatch. Do not ignore DRC. Do not expand ignored_checks. Pin-accurate placement is a later layout pass.,,artifacts/supervisor_ready_eda/kicad/ds_xl_coder/drc.json,warning
W0145,ds_xl_coder,DRC,lib_footprint_mismatch,Footprint 'DFN1006-2' does not match copy in library 'gunnchos_production' :: Footprint JSEC1,ACCEPTED_BY_DESIGN,"Cont IX PCB instances are envelope stubs on a digital-package placement grid. gunnchos_production.pretty already holds in-tree JEDEC/vendor geometry. Dropping those full footprints onto the current 24 mm envelope grid produces DRC errors (courtyard overlap, drill_out_of_range, solder_mask_bridge) — verified with kicad-cli 10.0.5. Retaining the mismatch keeps 0-error DRC; library remains the authority for later pin-accurate layout. Not an NDA pin map.",RETAIN instance/library mismatch. Do not ignore DRC. Do not expand ignored_checks. Pin-accurate placement is a later layout pass.,,artifacts/supervisor_ready_eda/kicad/ds_xl_coder/drc.json,warning
W0146,ds_xl_coder,DRC,lib_footprint_mismatch,Footprint 'DFN1006-2' does not match copy in library 'gunnchos_production' :: Footprint JDBG1,ACCEPTED_BY_DESIGN,"Cont IX PCB instances are envelope stubs on a digital-package placement grid. gunnchos_production.pretty already holds in-tree JEDEC/vendor geometry. Dropping those full footprints onto the current 24 mm envelope grid produces DRC errors (courtyard overlap, drill_out_of_range, solder_mask_bridge) — verified with kicad-cli 10.0.5. Retaining the mismatch keeps 0-error DRC; library remains the authority for later pin-accurate layout. Not an NDA pin map.",RETAIN instance/library mismatch. Do not ignore DRC. Do not expand ignored_checks. Pin-accurate placement is a later layout pass.,,artifacts/supervisor_ready_eda/kicad/ds_xl_coder/drc.json,warning
W0147,ds_xl_coder,DRC,lib_footprint_mismatch,Footprint 'FFC_40P_0.5mm' does not match copy in library 'gunnchos_production' :: Footprint JDISP2,ACCEPTED_BY_DESIGN,"Cont IX PCB instances are envelope stubs on a digital-package placement grid. gunnchos_production.pretty already holds in-tree JEDEC/vendor geometry. Dropping those full footprints onto the current 24 mm envelope grid produces DRC errors (courtyard overlap, drill_out_of_range, solder_mask_bridge) — verified with kicad-cli 10.0.5. Retaining the mismatch keeps 0-error DRC; library remains the authority for later pin-accurate layout. Not an NDA pin map.",RETAIN instance/library mismatch. Do not ignore DRC. Do not expand ignored_checks. Pin-accurate placement is a later layout pass.,,artifacts/supervisor_ready_eda/kicad/ds_xl_coder/drc.json,warning
W0148,ds_xl_coder,DRC,lib_footprint_mismatch,Footprint 'TestPoint_Pad' does not match copy in library 'gunnchos_production' :: Footprint TP1,ACCEPTED_BY_DESIGN,"Cont IX PCB instances are envelope stubs on a digital-package placement grid. gunnchos_production.pretty already holds in-tree JEDEC/vendor geometry. Dropping those full footprints onto the current 24 mm envelope grid produces DRC errors (courtyard overlap, drill_out_of_range, solder_mask_bridge) — verified with kicad-cli 10.0.5. Retaining the mismatch keeps 0-error DRC; library remains the authority for later pin-accurate layout. Not an NDA pin map.",RETAIN instance/library mismatch. Do not ignore DRC. Do not expand ignored_checks. Pin-accurate placement is a later layout pass.,,artifacts/supervisor_ready_eda/kicad/ds_xl_coder/drc.json,warning
W0149,ds_xl_coder,DRC,lib_footprint_mismatch,Footprint 'TestPoint_Pad' does not match copy in library 'gunnchos_production' :: Footprint TP2,ACCEPTED_BY_DESIGN,"Cont IX PCB instances are envelope stubs on a digital-package placement grid. gunnchos_production.pretty already holds in-tree JEDEC/vendor geometry. Dropping those full footprints onto the current 24 mm envelope grid produces DRC errors (courtyard overlap, drill_out_of_range, solder_mask_bridge) — verified with kicad-cli 10.0.5. Retaining the mismatch keeps 0-error DRC; library remains the authority for later pin-accurate layout. Not an NDA pin map.",RETAIN instance/library mismatch. Do not ignore DRC. Do not expand ignored_checks. Pin-accurate placement is a later layout pass.,,artifacts/supervisor_ready_eda/kicad/ds_xl_coder/drc.json,warning
W0150,ds_xl_coder,DRC,lib_footprint_mismatch,Footprint 'TestPoint_Pad' does not match copy in library 'gunnchos_production' :: Footprint TP3,ACCEPTED_BY_DESIGN,"Cont IX PCB instances are envelope stubs on a digital-package placement grid. gunnchos_production.pretty already holds in-tree JEDEC/vendor geometry. Dropping those full footprints onto the current 24 mm envelope grid produces DRC errors (courtyard overlap, drill_out_of_range, solder_mask_bridge) — verified with kicad-cli 10.0.5. Retaining the mismatch keeps 0-error DRC; library remains the authority for later pin-accurate layout. Not an NDA pin map.",RETAIN instance/library mismatch. Do not ignore DRC. Do not expand ignored_checks. Pin-accurate placement is a later layout pass.,,artifacts/supervisor_ready_eda/kicad/ds_xl_coder/drc.json,warning
W0151,ds_xl_coder,DRC,lib_footprint_mismatch,Footprint 'TestPoint_Pad' does not match copy in library 'gunnchos_production' :: Footprint TP4,ACCEPTED_BY_DESIGN,"Cont IX PCB instances are envelope stubs on a digital-package placement grid. gunnchos_production.pretty already holds in-tree JEDEC/vendor geometry. Dropping those full footprints onto the current 24 mm envelope grid produces DRC errors (courtyard overlap, drill_out_of_range, solder_mask_bridge) — verified with kicad-cli 10.0.5. Retaining the mismatch keeps 0-error DRC; library remains the authority for later pin-accurate layout. Not an NDA pin map.",RETAIN instance/library mismatch. Do not ignore DRC. Do not expand ignored_checks. Pin-accurate placement is a later layout pass.,,artifacts/supervisor_ready_eda/kicad/ds_xl_coder/drc.json,warning
W0152,ds_xl_coder,DRC,lib_footprint_mismatch,Footprint 'TestPoint_Pad' does not match copy in library 'gunnchos_production' :: Footprint TP5,ACCEPTED_BY_DESIGN,"Cont IX PCB instances are envelope stubs on a digital-package placement grid. gunnchos_production.pretty already holds in-tree JEDEC/vendor geometry. Dropping those full footprints onto the current 24 mm envelope grid produces DRC errors (courtyard overlap, drill_out_of_range, solder_mask_bridge) — verified with kicad-cli 10.0.5. Retaining the mismatch keeps 0-error DRC; library remains the authority for later pin-accurate layout. Not an NDA pin map.",RETAIN instance/library mismatch. Do not ignore DRC. Do not expand ignored_checks. Pin-accurate placement is a later layout pass.,,artifacts/supervisor_ready_eda/kicad/ds_xl_coder/drc.json,warning
W0153,ds_xl_coder,DRC,lib_footprint_mismatch,Footprint 'TestPoint_Pad' does not match copy in library 'gunnchos_production' :: Footprint TP6,ACCEPTED_BY_DESIGN,"Cont IX PCB instances are envelope stubs on a digital-package placement grid. gunnchos_production.pretty already holds in-tree JEDEC/vendor geometry. Dropping those full footprints onto the current 24 mm envelope grid produces DRC errors (courtyard overlap, drill_out_of_range, solder_mask_bridge) — verified with kicad-cli 10.0.5. Retaining the mismatch keeps 0-error DRC; library remains the authority for later pin-accurate layout. Not an NDA pin map.",RETAIN instance/library mismatch. Do not ignore DRC. Do not expand ignored_checks. Pin-accurate placement is a later layout pass.,,artifacts/supervisor_ready_eda/kicad/ds_xl_coder/drc.json,warning
W0154,ds_xl_coder,DRC,silk_over_copper,Silkscreen clipped by solder mask :: PCB text 'REV 0.6.0-cont-ix' on F.Silkscreen | NPTH pad of H1,FIXABLE_DIGITALLY,"F.SilkS text 'REV 0.6.0-cont-ix' at (12,10) clips NPTH pad of H1 at (12,12). Move silkscreen; do not change hole size.","Move REV gr_text to (40,6) clear of H1 courtyard.",,artifacts/supervisor_ready_eda/kicad/ds_xl_coder/drc.json,warning
W0155,edge_io_rings,ERC,isolated_pin_label,Label connected to only one pin :: Global Label 'SWDCLK',ACCEPTED_BY_DESIGN,Named public ring interface net (SWD/USB/RF/IMU/CAP) on a stub symbol. Nordic aQFN-73 pin-accurate schematic is not an in-tree pin table; BOM cites the public product URL only.,"RETAIN. Do not invent nRF pad numbers. IMU nets remain relative inertial, not absolute pose.",/,artifacts/supervisor_ready_eda/kicad/edge_io_rings/erc.json,warning
W0156,edge_io_rings,ERC,isolated_pin_label,Label connected to only one pin :: Global Label 'USB_DM',ACCEPTED_BY_DESIGN,Named public ring interface net (SWD/USB/RF/IMU/CAP) on a stub symbol. Nordic aQFN-73 pin-accurate schematic is not an in-tree pin table; BOM cites the public product URL only.,"RETAIN. Do not invent nRF pad numbers. IMU nets remain relative inertial, not absolute pose.",/,artifacts/supervisor_ready_eda/kicad/edge_io_rings/erc.json,warning
W0157,edge_io_rings,ERC,isolated_pin_label,Label connected to only one pin :: Global Label 'RF_2G4',ACCEPTED_BY_DESIGN,Named public ring interface net (SWD/USB/RF/IMU/CAP) on a stub symbol. Nordic aQFN-73 pin-accurate schematic is not an in-tree pin table; BOM cites the public product URL only.,"RETAIN. Do not invent nRF pad numbers. IMU nets remain relative inertial, not absolute pose.",/,artifacts/supervisor_ready_eda/kicad/edge_io_rings/erc.json,warning
W0158,edge_io_rings,ERC,lib_symbol_issues,The current configuration does not include the symbol library '' :: Symbol JUSB1 [USB_C],ACCEPTED_BY_DESIGN,KiCad parses embedded lib_id 'USB_C' as library ''. Prefixing to gunnchos: plus an extracted .kicad_sym made kicad-cli 10.0.5 fail schematic load. Embedded lib_symbols remain the in-tree source. Warning retained rather than breaking ERC.,RETAIN. Do not invent a pin-accurate symbol library. Do not add ERC ignore keys.,/,artifacts/supervisor_ready_eda/kicad/edge_io_rings/erc.json,warning
W0159,edge_io_rings,ERC,lib_symbol_issues,The current configuration does not include the symbol library '' :: Symbol C2 [C],ACCEPTED_BY_DESIGN,KiCad parses embedded lib_id 'USB_C' as library ''. Prefixing to gunnchos: plus an extracted .kicad_sym made kicad-cli 10.0.5 fail schematic load. Embedded lib_symbols remain the in-tree source. Warning retained rather than breaking ERC.,RETAIN. Do not invent a pin-accurate symbol library. Do not add ERC ignore keys.,/,artifacts/supervisor_ready_eda/kicad/edge_io_rings/erc.json,warning
W0160,edge_io_rings,ERC,lib_symbol_issues,The current configuration does not include the symbol library '' :: Symbol U1 [NRF52840],ACCEPTED_BY_DESIGN,KiCad parses embedded lib_id 'USB_C' as library ''. Prefixing to gunnchos: plus an extracted .kicad_sym made kicad-cli 10.0.5 fail schematic load. Embedded lib_symbols remain the in-tree source. Warning retained rather than breaking ERC.,RETAIN. Do not invent a pin-accurate symbol library. Do not add ERC ignore keys.,/,artifacts/supervisor_ready_eda/kicad/edge_io_rings/erc.json,warning
W0161,edge_io_rings,ERC,lib_symbol_issues,The current configuration does not include the symbol library '' :: Symbol ANT1 [ANT],ACCEPTED_BY_DESIGN,KiCad parses embedded lib_id 'USB_C' as library ''. Prefixing to gunnchos: plus an extracted .kicad_sym made kicad-cli 10.0.5 fail schematic load. Embedded lib_symbols remain the in-tree source. Warning retained rather than breaking ERC.,RETAIN. Do not invent a pin-accurate symbol library. Do not add ERC ignore keys.,/,artifacts/supervisor_ready_eda/kicad/edge_io_rings/erc.json,warning
W0162,edge_io_rings,ERC,isolated_pin_label,Label connected to only one pin :: Global Label 'USB_DP',ACCEPTED_BY_DESIGN,Named public ring interface net (SWD/USB/RF/IMU/CAP) on a stub symbol. Nordic aQFN-73 pin-accurate schematic is not an in-tree pin table; BOM cites the public product URL only.,"RETAIN. Do not invent nRF pad numbers. IMU nets remain relative inertial, not absolute pose.",/,artifacts/supervisor_ready_eda/kicad/edge_io_rings/erc.json,warning
W0163,edge_io_rings,ERC,isolated_pin_label,Label connected to only one pin :: Global Label 'SWDIO',ACCEPTED_BY_DESIGN,Named public ring interface net (SWD/USB/RF/IMU/CAP) on a stub symbol. Nordic aQFN-73 pin-accurate schematic is not an in-tree pin table; BOM cites the public product URL only.,"RETAIN. Do not invent nRF pad numbers. IMU nets remain relative inertial, not absolute pose.",/,artifacts/supervisor_ready_eda/kicad/edge_io_rings/erc.json,warning
W0164,edge_io_rings,ERC,lib_symbol_issues,The current configuration does not include the symbol library '' :: Symbol UPD1 [PD_CTRL],ACCEPTED_BY_DESIGN,KiCad parses embedded lib_id 'USB_C' as library ''. Prefixing to gunnchos: plus an extracted .kicad_sym made kicad-cli 10.0.5 fail schematic load. Embedded lib_symbols remain the in-tree source. Warning retained rather than breaking ERC.,RETAIN. Do not invent a pin-accurate symbol library. Do not add ERC ignore keys.,/,artifacts/supervisor_ready_eda/kicad/edge_io_rings/erc.json,warning
W0165,edge_io_rings,ERC,lib_symbol_issues,The current configuration does not include the symbol library '' :: Symbol R1 [R],ACCEPTED_BY_DESIGN,KiCad parses embedded lib_id 'USB_C' as library ''. Prefixing to gunnchos: plus an extracted .kicad_sym made kicad-cli 10.0.5 fail schematic load. Embedded lib_symbols remain the in-tree source. Warning retained rather than breaking ERC.,RETAIN. Do not invent a pin-accurate symbol library. Do not add ERC ignore keys.,/,artifacts/supervisor_ready_eda/kicad/edge_io_rings/erc.json,warning
W0166,edge_io_rings,ERC,lib_symbol_issues,The current configuration does not include the symbol library '' :: Symbol U2 [NPM1300],ACCEPTED_BY_DESIGN,KiCad parses embedded lib_id 'USB_C' as library ''. Prefixing to gunnchos: plus an extracted .kicad_sym made kicad-cli 10.0.5 fail schematic load. Embedded lib_symbols remain the in-tree source. Warning retained rather than breaking ERC.,RETAIN. Do not invent a pin-accurate symbol library. Do not add ERC ignore keys.,/,artifacts/supervisor_ready_eda/kicad/edge_io_rings/erc.json,warning
W0167,edge_io_rings,ERC,lib_symbol_issues,The current configuration does not include the symbol library '' :: Symbol UWBDNP [UWB],ACCEPTED_BY_DESIGN,KiCad parses embedded lib_id 'USB_C' as library ''. Prefixing to gunnchos: plus an extracted .kicad_sym made kicad-cli 10.0.5 fail schematic load. Embedded lib_symbols remain the in-tree source. Warning retained rather than breaking ERC.,RETAIN. Do not invent a pin-accurate symbol library. Do not add ERC ignore keys.,/,artifacts/supervisor_ready_eda/kicad/edge_io_rings/erc.json,warning
W0168,edge_io_rings,ERC,lib_symbol_issues,The current configuration does not include the symbol library '' :: Symbol UCHG1 [CHARGER],ACCEPTED_BY_DESIGN,KiCad parses embedded lib_id 'USB_C' as library ''. Prefixing to gunnchos: plus an extracted .kicad_sym made kicad-cli 10.0.5 fail schematic load. Embedded lib_symbols remain the in-tree source. Warning retained rather than breaking ERC.,RETAIN. Do not invent a pin-accurate symbol library. Do not add ERC ignore keys.,/,artifacts/supervisor_ready_eda/kicad/edge_io_rings/erc.json,warning
W0169,edge_io_rings,ERC,lib_symbol_issues,The current configuration does not include the symbol library '' :: Symbol R2 [R],ACCEPTED_BY_DESIGN,KiCad parses embedded lib_id 'USB_C' as library ''. Prefixing to gunnchos: plus an extracted .kicad_sym made kicad-cli 10.0.5 fail schematic load. Embedded lib_symbols remain the in-tree source. Warning retained rather than breaking ERC.,RETAIN. Do not invent a pin-accurate symbol library. Do not add ERC ignore keys.,/,artifacts/supervisor_ready_eda/kicad/edge_io_rings/erc.json,warning
W0170,edge_io_rings,ERC,lib_symbol_issues,The current configuration does not include the symbol library '' :: Symbol U3 [IQS7222A],ACCEPTED_BY_DESIGN,KiCad parses embedded lib_id 'USB_C' as library ''. Prefixing to gunnchos: plus an extracted .kicad_sym made kicad-cli 10.0.5 fail schematic load. Embedded lib_symbols remain the in-tree source. Warning retained rather than breaking ERC.,RETAIN. Do not invent a pin-accurate symbol library. Do not add ERC ignore keys.,/,artifacts/supervisor_ready_eda/kicad/edge_io_rings/erc.json,warning
W0171,edge_io_rings,ERC,lib_symbol_issues,The current configuration does not include the symbol library '' :: Symbol UHAP1 [HAP],ACCEPTED_BY_DESIGN,KiCad parses embedded lib_id 'USB_C' as library ''. Prefixing to gunnchos: plus an extracted .kicad_sym made kicad-cli 10.0.5 fail schematic load. Embedded lib_symbols remain the in-tree source. Warning retained rather than breaking ERC.,RETAIN. Do not invent a pin-accurate symbol library. Do not add ERC ignore keys.,/,artifacts/supervisor_ready_eda/kicad/edge_io_rings/erc.json,warning
W0172,edge_io_rings,ERC,isolated_pin_label,Label connected to only one pin :: Global Label 'CAP_TX0',ACCEPTED_BY_DESIGN,Named public ring interface net (SWD/USB/RF/IMU/CAP) on a stub symbol. Nordic aQFN-73 pin-accurate schematic is not an in-tree pin table; BOM cites the public product URL only.,"RETAIN. Do not invent nRF pad numbers. IMU nets remain relative inertial, not absolute pose.",/,artifacts/supervisor_ready_eda/kicad/edge_io_rings/erc.json,warning
W0173,edge_io_rings,ERC,lib_symbol_issues,The current configuration does not include the symbol library '' :: Symbol U3V3 [BUCK],ACCEPTED_BY_DESIGN,KiCad parses embedded lib_id 'USB_C' as library ''. Prefixing to gunnchos: plus an extracted .kicad_sym made kicad-cli 10.0.5 fail schematic load. Embedded lib_symbols remain the in-tree source. Warning retained rather than breaking ERC.,RETAIN. Do not invent a pin-accurate symbol library. Do not add ERC ignore keys.,/,artifacts/supervisor_ready_eda/kicad/edge_io_rings/erc.json,warning
W0174,edge_io_rings,ERC,lib_symbol_issues,The current configuration does not include the symbol library '' :: Symbol D1 [LED],ACCEPTED_BY_DESIGN,KiCad parses embedded lib_id 'USB_C' as library ''. Prefixing to gunnchos: plus an extracted .kicad_sym made kicad-cli 10.0.5 fail schematic load. Embedded lib_symbols remain the in-tree source. Warning retained rather than breaking ERC.,RETAIN. Do not invent a pin-accurate symbol library. Do not add ERC ignore keys.,/,artifacts/supervisor_ready_eda/kicad/edge_io_rings/erc.json,warning
W0175,edge_io_rings,ERC,lib_symbol_issues,The current configuration does not include the symbol library '' :: Symbol U4 [BMI270],ACCEPTED_BY_DESIGN,KiCad parses embedded lib_id 'USB_C' as library ''. Prefixing to gunnchos: plus an extracted .kicad_sym made kicad-cli 10.0.5 fail schematic load. Embedded lib_symbols remain the in-tree source. Warning retained rather than breaking ERC.,RETAIN. Do not invent a pin-accurate symbol library. Do not add ERC ignore keys.,/,artifacts/supervisor_ready_eda/kicad/edge_io_rings/erc.json,warning
W0176,edge_io_rings,ERC,lib_symbol_issues,The current configuration does not include the symbol library '' :: Symbol JE1 [ELEC],ACCEPTED_BY_DESIGN,KiCad parses embedded lib_id 'USB_C' as library ''. Prefixing to gunnchos: plus an extracted .kicad_sym made kicad-cli 10.0.5 fail schematic load. Embedded lib_symbols remain the in-tree source. Warning retained rather than breaking ERC.,RETAIN. Do not invent a pin-accurate symbol library. Do not add ERC ignore keys.,/,artifacts/supervisor_ready_eda/kicad/edge_io_rings/erc.json,warning
W0177,edge_io_rings,ERC,isolated_pin_label,Label connected to only one pin :: Global Label 'IMU_INT1',ACCEPTED_BY_DESIGN,Named public ring interface net (SWD/USB/RF/IMU/CAP) on a stub symbol. Nordic aQFN-73 pin-accurate schematic is not an in-tree pin table; BOM cites the public product URL only.,"RETAIN. Do not invent nRF pad numbers. IMU nets remain relative inertial, not absolute pose.",/,artifacts/supervisor_ready_eda/kicad/edge_io_rings/erc.json,warning
W0178,edge_io_rings,ERC,lib_symbol_issues,The current configuration does not include the symbol library '' :: Symbol C1 [C],ACCEPTED_BY_DESIGN,KiCad parses embedded lib_id 'USB_C' as library ''. Prefixing to gunnchos: plus an extracted .kicad_sym made kicad-cli 10.0.5 fail schematic load. Embedded lib_symbols remain the in-tree source. Warning retained rather than breaking ERC.,RETAIN. Do not invent a pin-accurate symbol library. Do not add ERC ignore keys.,/,artifacts/supervisor_ready_eda/kicad/edge_io_rings/erc.json,warning
W0179,edge_io_rings,ERC,lib_symbol_issues,The current configuration does not include the symbol library '' :: Symbol DESD1 [ESD],ACCEPTED_BY_DESIGN,KiCad parses embedded lib_id 'USB_C' as library ''. Prefixing to gunnchos: plus an extracted .kicad_sym made kicad-cli 10.0.5 fail schematic load. Embedded lib_symbols remain the in-tree source. Warning retained rather than breaking ERC.,RETAIN. Do not invent a pin-accurate symbol library. Do not add ERC ignore keys.,/,artifacts/supervisor_ready_eda/kicad/edge_io_rings/erc.json,warning
W0180,edge_io_rings,ERC,lib_symbol_issues,The current configuration does not include the symbol library '' :: Symbol U5 [SE050],ACCEPTED_BY_DESIGN,KiCad parses embedded lib_id 'USB_C' as library ''. Prefixing to gunnchos: plus an extracted .kicad_sym made kicad-cli 10.0.5 fail schematic load. Embedded lib_symbols remain the in-tree source. Warning retained rather than breaking ERC.,RETAIN. Do not invent a pin-accurate symbol library. Do not add ERC ignore keys.,/,artifacts/supervisor_ready_eda/kicad/edge_io_rings/erc.json,warning
W0181,edge_io_rings,ERC,lib_symbol_issues,The current configuration does not include the symbol library '' :: Symbol JP1 [CHGPOGO],ACCEPTED_BY_DESIGN,KiCad parses embedded lib_id 'USB_C' as library ''. Prefixing to gunnchos: plus an extracted .kicad_sym made kicad-cli 10.0.5 fail schematic load. Embedded lib_symbols remain the in-tree source. Warning retained rather than breaking ERC.,RETAIN. Do not invent a pin-accurate symbol library. Do not add ERC ignore keys.,/,artifacts/supervisor_ready_eda/kicad/edge_io_rings/erc.json,warning
W0182,edge_io_rings,DRC,track_dangling,"Track has unconnected end :: Track [<no net>] on F.Cu, length 7.3000 mm",FIXABLE_DIGITALLY,No-net copper segment (net 0) leftover from envelope sketches. Handheld already closed this class; other SKUs still have it. Not an NDA net.,Delete (segment ...) with (net 0) from the PCB.,,artifacts/supervisor_ready_eda/kicad/edge_io_rings/drc.json,warning
W0183,edge_io_rings,DRC,track_dangling,"Track has unconnected end :: Track [<no net>] on F.Cu, length 6.4000 mm",FIXABLE_DIGITALLY,No-net copper segment (net 0) leftover from envelope sketches. Handheld already closed this class; other SKUs still have it. Not an NDA net.,Delete (segment ...) with (net 0) from the PCB.,,artifacts/supervisor_ready_eda/kicad/edge_io_rings/drc.json,warning
W0184,edge_io_rings,DRC,track_dangling,"Track has unconnected end :: Track [<no net>] on B.Cu, length 7.3000 mm",FIXABLE_DIGITALLY,No-net copper segment (net 0) leftover from envelope sketches. Handheld already closed this class; other SKUs still have it. Not an NDA net.,Delete (segment ...) with (net 0) from the PCB.,,artifacts/supervisor_ready_eda/kicad/edge_io_rings/drc.json,warning
W0185,edge_io_rings,DRC,track_dangling,"Track has unconnected end :: Track [<no net>] on B.Cu, length 6.4000 mm",FIXABLE_DIGITALLY,No-net copper segment (net 0) leftover from envelope sketches. Handheld already closed this class; other SKUs still have it. Not an NDA net.,Delete (segment ...) with (net 0) from the PCB.,,artifacts/supervisor_ready_eda/kicad/edge_io_rings/drc.json,warning
W0186,edge_io_rings,DRC,track_dangling,"Track has unconnected end :: Track [<no net>] on F.Cu, length 7.3000 mm",FIXABLE_DIGITALLY,No-net copper segment (net 0) leftover from envelope sketches. Handheld already closed this class; other SKUs still have it. Not an NDA net.,Delete (segment ...) with (net 0) from the PCB.,,artifacts/supervisor_ready_eda/kicad/edge_io_rings/drc.json,warning
W0187,edge_io_rings,DRC,track_dangling,"Track has unconnected end :: Track [<no net>] on F.Cu, length 6.4000 mm",FIXABLE_DIGITALLY,No-net copper segment (net 0) leftover from envelope sketches. Handheld already closed this class; other SKUs still have it. Not an NDA net.,Delete (segment ...) with (net 0) from the PCB.,,artifacts/supervisor_ready_eda/kicad/edge_io_rings/drc.json,warning
W0188,edge_io_rings,DRC,track_dangling,"Track has unconnected end :: Track [<no net>] on F.Cu, length 7.3000 mm",FIXABLE_DIGITALLY,No-net copper segment (net 0) leftover from envelope sketches. Handheld already closed this class; other SKUs still have it. Not an NDA net.,Delete (segment ...) with (net 0) from the PCB.,,artifacts/supervisor_ready_eda/kicad/edge_io_rings/drc.json,warning
W0189,edge_io_rings,DRC,track_dangling,"Track has unconnected end :: Track [<no net>] on F.Cu, length 6.4000 mm",FIXABLE_DIGITALLY,No-net copper segment (net 0) leftover from envelope sketches. Handheld already closed this class; other SKUs still have it. Not an NDA net.,Delete (segment ...) with (net 0) from the PCB.,,artifacts/supervisor_ready_eda/kicad/edge_io_rings/drc.json,warning
W0190,edge_io_rings,DRC,track_dangling,"Track has unconnected end :: Track [<no net>] on F.Cu, length 7.3000 mm",FIXABLE_DIGITALLY,No-net copper segment (net 0) leftover from envelope sketches. Handheld already closed this class; other SKUs still have it. Not an NDA net.,Delete (segment ...) with (net 0) from the PCB.,,artifacts/supervisor_ready_eda/kicad/edge_io_rings/drc.json,warning
W0191,edge_io_rings,DRC,track_dangling,"Track has unconnected end :: Track [<no net>] on F.Cu, length 6.4000 mm",FIXABLE_DIGITALLY,No-net copper segment (net 0) leftover from envelope sketches. Handheld already closed this class; other SKUs still have it. Not an NDA net.,Delete (segment ...) with (net 0) from the PCB.,,artifacts/supervisor_ready_eda/kicad/edge_io_rings/drc.json,warning
W0192,edge_io_rings,DRC,lib_footprint_mismatch,Footprint 'MountingHole_3.2mm' does not match copy in library 'gunnchos_production' :: Footprint H1,ACCEPTED_BY_DESIGN,"Cont IX PCB instances are envelope stubs on a digital-package placement grid. gunnchos_production.pretty already holds in-tree JEDEC/vendor geometry. Dropping those full footprints onto the current 24 mm envelope grid produces DRC errors (courtyard overlap, drill_out_of_range, solder_mask_bridge) — verified with kicad-cli 10.0.5. Retaining the mismatch keeps 0-error DRC; library remains the authority for later pin-accurate layout. Not an NDA pin map.",RETAIN instance/library mismatch. Do not ignore DRC. Do not expand ignored_checks. Pin-accurate placement is a later layout pass.,,artifacts/supervisor_ready_eda/kicad/edge_io_rings/drc.json,warning
W0193,edge_io_rings,DRC,lib_footprint_mismatch,Footprint 'MountingHole_3.2mm' does not match copy in library 'gunnchos_production' :: Footprint H2,ACCEPTED_BY_DESIGN,"Cont IX PCB instances are envelope stubs on a digital-package placement grid. gunnchos_production.pretty already holds in-tree JEDEC/vendor geometry. Dropping those full footprints onto the current 24 mm envelope grid produces DRC errors (courtyard overlap, drill_out_of_range, solder_mask_bridge) — verified with kicad-cli 10.0.5. Retaining the mismatch keeps 0-error DRC; library remains the authority for later pin-accurate layout. Not an NDA pin map.",RETAIN instance/library mismatch. Do not ignore DRC. Do not expand ignored_checks. Pin-accurate placement is a later layout pass.,,artifacts/supervisor_ready_eda/kicad/edge_io_rings/drc.json,warning
W0194,edge_io_rings,DRC,lib_footprint_mismatch,Footprint 'MountingHole_3.2mm' does not match copy in library 'gunnchos_production' :: Footprint H3,ACCEPTED_BY_DESIGN,"Cont IX PCB instances are envelope stubs on a digital-package placement grid. gunnchos_production.pretty already holds in-tree JEDEC/vendor geometry. Dropping those full footprints onto the current 24 mm envelope grid produces DRC errors (courtyard overlap, drill_out_of_range, solder_mask_bridge) — verified with kicad-cli 10.0.5. Retaining the mismatch keeps 0-error DRC; library remains the authority for later pin-accurate layout. Not an NDA pin map.",RETAIN instance/library mismatch. Do not ignore DRC. Do not expand ignored_checks. Pin-accurate placement is a later layout pass.,,artifacts/supervisor_ready_eda/kicad/edge_io_rings/drc.json,warning
W0195,edge_io_rings,DRC,lib_footprint_mismatch,Footprint 'MountingHole_3.2mm' does not match copy in library 'gunnchos_production' :: Footprint H4,ACCEPTED_BY_DESIGN,"Cont IX PCB instances are envelope stubs on a digital-package placement grid. gunnchos_production.pretty already holds in-tree JEDEC/vendor geometry. Dropping those full footprints onto the current 24 mm envelope grid produces DRC errors (courtyard overlap, drill_out_of_range, solder_mask_bridge) — verified with kicad-cli 10.0.5. Retaining the mismatch keeps 0-error DRC; library remains the authority for later pin-accurate layout. Not an NDA pin map.",RETAIN instance/library mismatch. Do not ignore DRC. Do not expand ignored_checks. Pin-accurate placement is a later layout pass.,,artifacts/supervisor_ready_eda/kicad/edge_io_rings/drc.json,warning
W0196,edge_io_rings,DRC,lib_footprint_mismatch,Footprint 'Fiducial_1mm' does not match copy in library 'gunnchos_production' :: Footprint FID1,ACCEPTED_BY_DESIGN,"Cont IX PCB instances are envelope stubs on a digital-package placement grid. gunnchos_production.pretty already holds in-tree JEDEC/vendor geometry. Dropping those full footprints onto the current 24 mm envelope grid produces DRC errors (courtyard overlap, drill_out_of_range, solder_mask_bridge) — verified with kicad-cli 10.0.5. Retaining the mismatch keeps 0-error DRC; library remains the authority for later pin-accurate layout. Not an NDA pin map.",RETAIN instance/library mismatch. Do not ignore DRC. Do not expand ignored_checks. Pin-accurate placement is a later layout pass.,,artifacts/supervisor_ready_eda/kicad/edge_io_rings/drc.json,warning
W0197,edge_io_rings,DRC,lib_footprint_mismatch,Footprint 'Fiducial_1mm' does not match copy in library 'gunnchos_production' :: Footprint FID2,ACCEPTED_BY_DESIGN,"Cont IX PCB instances are envelope stubs on a digital-package placement grid. gunnchos_production.pretty already holds in-tree JEDEC/vendor geometry. Dropping those full footprints onto the current 24 mm envelope grid produces DRC errors (courtyard overlap, drill_out_of_range, solder_mask_bridge) — verified with kicad-cli 10.0.5. Retaining the mismatch keeps 0-error DRC; library remains the authority for later pin-accurate layout. Not an NDA pin map.",RETAIN instance/library mismatch. Do not ignore DRC. Do not expand ignored_checks. Pin-accurate placement is a later layout pass.,,artifacts/supervisor_ready_eda/kicad/edge_io_rings/drc.json,warning
W0198,edge_io_rings,DRC,lib_footprint_mismatch,Footprint 'Fiducial_1mm' does not match copy in library 'gunnchos_production' :: Footprint FID3,ACCEPTED_BY_DESIGN,"Cont IX PCB instances are envelope stubs on a digital-package placement grid. gunnchos_production.pretty already holds in-tree JEDEC/vendor geometry. Dropping those full footprints onto the current 24 mm envelope grid produces DRC errors (courtyard overlap, drill_out_of_range, solder_mask_bridge) — verified with kicad-cli 10.0.5. Retaining the mismatch keeps 0-error DRC; library remains the authority for later pin-accurate layout. Not an NDA pin map.",RETAIN instance/library mismatch. Do not ignore DRC. Do not expand ignored_checks. Pin-accurate placement is a later layout pass.,,artifacts/supervisor_ready_eda/kicad/edge_io_rings/drc.json,warning
W0199,edge_io_rings,DRC,lib_footprint_mismatch,Footprint 'USB_C_Receptacle_Production' does not match copy in library 'gunnchos_production' :: Footprint JUSB1,ACCEPTED_BY_DESIGN,"Cont IX PCB instances are envelope stubs on a digital-package placement grid. gunnchos_production.pretty already holds in-tree JEDEC/vendor geometry. Dropping those full footprints onto the current 24 mm envelope grid produces DRC errors (courtyard overlap, drill_out_of_range, solder_mask_bridge) — verified with kicad-cli 10.0.5. Retaining the mismatch keeps 0-error DRC; library remains the authority for later pin-accurate layout. Not an NDA pin map.",RETAIN instance/library mismatch. Do not ignore DRC. Do not expand ignored_checks. Pin-accurate placement is a later layout pass.,,artifacts/supervisor_ready_eda/kicad/edge_io_rings/drc.json,warning
W0200,edge_io_rings,DRC,lib_footprint_mismatch,Footprint 'VQFN-48-1EP_7x7mm_P0.5mm' does not match copy in library 'gunnchos_production' :: Footprint UPD1,ACCEPTED_BY_DESIGN,"Cont IX PCB instances are envelope stubs on a digital-package placement grid. gunnchos_production.pretty already holds in-tree JEDEC/vendor geometry. Dropping those full footprints onto the current 24 mm envelope grid produces DRC errors (courtyard overlap, drill_out_of_range, solder_mask_bridge) — verified with kicad-cli 10.0.5. Retaining the mismatch keeps 0-error DRC; library remains the authority for later pin-accurate layout. Not an NDA pin map.",RETAIN instance/library mismatch. Do not ignore DRC. Do not expand ignored_checks. Pin-accurate placement is a later layout pass.,,artifacts/supervisor_ready_eda/kicad/edge_io_rings/drc.json,warning
W0201,edge_io_rings,DRC,lib_footprint_mismatch,Footprint 'TestPoint_Pad' does not match copy in library 'gunnchos_production' :: Footprint TP1,ACCEPTED_BY_DESIGN,"Cont IX PCB instances are envelope stubs on a digital-package placement grid. gunnchos_production.pretty already holds in-tree JEDEC/vendor geometry. Dropping those full footprints onto the current 24 mm envelope grid produces DRC errors (courtyard overlap, drill_out_of_range, solder_mask_bridge) — verified with kicad-cli 10.0.5. Retaining the mismatch keeps 0-error DRC; library remains the authority for later pin-accurate layout. Not an NDA pin map.",RETAIN instance/library mismatch. Do not ignore DRC. Do not expand ignored_checks. Pin-accurate placement is a later layout pass.,,artifacts/supervisor_ready_eda/kicad/edge_io_rings/drc.json,warning
W0202,edge_io_rings,DRC,lib_footprint_mismatch,Footprint 'TestPoint_Pad' does not match copy in library 'gunnchos_production' :: Footprint TP2,ACCEPTED_BY_DESIGN,"Cont IX PCB instances are envelope stubs on a digital-package placement grid. gunnchos_production.pretty already holds in-tree JEDEC/vendor geometry. Dropping those full footprints onto the current 24 mm envelope grid produces DRC errors (courtyard overlap, drill_out_of_range, solder_mask_bridge) — verified with kicad-cli 10.0.5. Retaining the mismatch keeps 0-error DRC; library remains the authority for later pin-accurate layout. Not an NDA pin map.",RETAIN instance/library mismatch. Do not ignore DRC. Do not expand ignored_checks. Pin-accurate placement is a later layout pass.,,artifacts/supervisor_ready_eda/kicad/edge_io_rings/drc.json,warning
W0203,edge_io_rings,DRC,silk_over_copper,Silkscreen clipped by solder mask :: PCB text 'REV 0.6.0-cont-ix' on F.Silkscreen | NPTH pad of H1,FIXABLE_DIGITALLY,"F.SilkS text 'REV 0.6.0-cont-ix' at (12,10) clips NPTH pad of H1 at (12,12). Move silkscreen; do not change hole size.","Move REV gr_text to (40,6) clear of H1 courtyard.",,artifacts/supervisor_ready_eda/kicad/edge_io_rings/drc.json,warning
W0204,handheld_hybrid,ERC,endpoint_off_grid,"Symbol pin or wire end off connection grid :: Horizontal Wire, length 0.0254 mm",ACCEPTED_BY_DESIGN,"KiCad connection-grid residual. ERC text 'length 0.0254 mm' is the 1 mil off-grid error (JSON), not a stub: all schematic wires measure 2.54 mm. Public NX5/SODIMM pin coordinates are not on the default 50 mil grid; snapping would distort radxa_nx5_public_pinout_table.csv.",RETAIN. Do not ignore the ERC check; do not move public pin coordinates.,/,artifacts/supervisor_ready_eda/kicad/handheld_hybrid/erc.json,warning
W0205,handheld_hybrid,ERC,endpoint_off_grid,"Symbol pin or wire end off connection grid :: Horizontal Wire, length 0.0254 mm",ACCEPTED_BY_DESIGN,"KiCad connection-grid residual. ERC text 'length 0.0254 mm' is the 1 mil off-grid error (JSON), not a stub: all schematic wires measure 2.54 mm. Public NX5/SODIMM pin coordinates are not on the default 50 mil grid; snapping would distort radxa_nx5_public_pinout_table.csv.",RETAIN. Do not ignore the ERC check; do not move public pin coordinates.,/,artifacts/supervisor_ready_eda/kicad/handheld_hybrid/erc.json,warning
W0206,handheld_hybrid,ERC,isolated_pin_label,Label connected to only one pin :: Global Label 'UART_RX',ACCEPTED_BY_DESIGN,Named PUBLIC_PINOUT SoM net (radxa_nx5_public_pinout_table.csv) on one SODIMM pin. Far-end connectors are PERIPH placeholders without per-pin symbols; adding a fake second pin would invent routing.,RETAIN. Digital package records named public nets; do not short distinct SoM pins.,/,artifacts/supervisor_ready_eda/kicad/handheld_hybrid/erc.json,warning
W0207,handheld_hybrid,ERC,endpoint_off_grid,"Symbol pin or wire end off connection grid :: Horizontal Wire, length 0.0254 mm",ACCEPTED_BY_DESIGN,"KiCad connection-grid residual. ERC text 'length 0.0254 mm' is the 1 mil off-grid error (JSON), not a stub: all schematic wires measure 2.54 mm. Public NX5/SODIMM pin coordinates are not on the default 50 mil grid; snapping would distort radxa_nx5_public_pinout_table.csv.",RETAIN. Do not ignore the ERC check; do not move public pin coordinates.,/,artifacts/supervisor_ready_eda/kicad/handheld_hybrid/erc.json,warning
W0208,handheld_hybrid,ERC,endpoint_off_grid,"Symbol pin or wire end off connection grid :: Horizontal Wire, length 0.0254 mm",ACCEPTED_BY_DESIGN,"KiCad connection-grid residual. ERC text 'length 0.0254 mm' is the 1 mil off-grid error (JSON), not a stub: all schematic wires measure 2.54 mm. Public NX5/SODIMM pin coordinates are not on the default 50 mil grid; snapping would distort radxa_nx5_public_pinout_table.csv.",RETAIN. Do not ignore the ERC check; do not move public pin coordinates.,/,artifacts/supervisor_ready_eda/kicad/handheld_hybrid/erc.json,warning
W0209,handheld_hybrid,ERC,endpoint_off_grid,"Symbol pin or wire end off connection grid :: Horizontal Wire, length 0.0254 mm",ACCEPTED_BY_DESIGN,"KiCad connection-grid residual. ERC text 'length 0.0254 mm' is the 1 mil off-grid error (JSON), not a stub: all schematic wires measure 2.54 mm. Public NX5/SODIMM pin coordinates are not on the default 50 mil grid; snapping would distort radxa_nx5_public_pinout_table.csv.",RETAIN. Do not ignore the ERC check; do not move public pin coordinates.,/,artifacts/supervisor_ready_eda/kicad/handheld_hybrid/erc.json,warning
W0210,handheld_hybrid,ERC,endpoint_off_grid,"Symbol pin or wire end off connection grid :: Symbol JSOM1 Pin 1 [GND, Passive, Line]",ACCEPTED_BY_DESIGN,"KiCad connection-grid residual. ERC text 'length 0.0254 mm' is the 1 mil off-grid error (JSON), not a stub: all schematic wires measure 2.54 mm. Public NX5/SODIMM pin coordinates are not on the default 50 mil grid; snapping would distort radxa_nx5_public_pinout_table.csv.",RETAIN. Do not ignore the ERC check; do not move public pin coordinates.,/,artifacts/supervisor_ready_eda/kicad/handheld_hybrid/erc.json,warning
W0211,handheld_hybrid,ERC,lib_symbol_issues,The current configuration does not include the symbol library '' :: Symbol JUSB1 [USB_C],ACCEPTED_BY_DESIGN,KiCad parses embedded lib_id 'USB_C' as library ''. Prefixing to gunnchos: plus an extracted .kicad_sym made kicad-cli 10.0.5 fail schematic load. Embedded lib_symbols remain the in-tree source. Warning retained rather than breaking ERC.,RETAIN. Do not invent a pin-accurate symbol library. Do not add ERC ignore keys.,/,artifacts/supervisor_ready_eda/kicad/handheld_hybrid/erc.json,warning
W0212,handheld_hybrid,ERC,lib_symbol_issues,The current configuration does not include the symbol library '' :: Symbol C2 [C],ACCEPTED_BY_DESIGN,KiCad parses embedded lib_id 'USB_C' as library ''. Prefixing to gunnchos: plus an extracted .kicad_sym made kicad-cli 10.0.5 fail schematic load. Embedded lib_symbols remain the in-tree source. Warning retained rather than breaking ERC.,RETAIN. Do not invent a pin-accurate symbol library. Do not add ERC ignore keys.,/,artifacts/supervisor_ready_eda/kicad/handheld_hybrid/erc.json,warning
W0213,handheld_hybrid,ERC,lib_symbol_issues,The current configuration does not include the symbol library '' :: Symbol UHID1 [HID_MCU],ACCEPTED_BY_DESIGN,KiCad parses embedded lib_id 'USB_C' as library ''. Prefixing to gunnchos: plus an extracted .kicad_sym made kicad-cli 10.0.5 fail schematic load. Embedded lib_symbols remain the in-tree source. Warning retained rather than breaking ERC.,RETAIN. Do not invent a pin-accurate symbol library. Do not add ERC ignore keys.,/,artifacts/supervisor_ready_eda/kicad/handheld_hybrid/erc.json,warning
W0214,handheld_hybrid,ERC,lib_symbol_issues,The current configuration does not include the symbol library '' :: Symbol JSOM1 [SODIMM260],ACCEPTED_BY_DESIGN,KiCad parses embedded lib_id 'USB_C' as library ''. Prefixing to gunnchos: plus an extracted .kicad_sym made kicad-cli 10.0.5 fail schematic load. Embedded lib_symbols remain the in-tree source. Warning retained rather than breaking ERC.,RETAIN. Do not invent a pin-accurate symbol library. Do not add ERC ignore keys.,/,artifacts/supervisor_ready_eda/kicad/handheld_hybrid/erc.json,warning
W0215,handheld_hybrid,ERC,lib_symbol_issues,The current configuration does not include the symbol library '' :: Symbol JKEY1 [PERIPH],ACCEPTED_BY_DESIGN,KiCad parses embedded lib_id 'USB_C' as library ''. Prefixing to gunnchos: plus an extracted .kicad_sym made kicad-cli 10.0.5 fail schematic load. Embedded lib_symbols remain the in-tree source. Warning retained rather than breaking ERC.,RETAIN. Do not invent a pin-accurate symbol library. Do not add ERC ignore keys.,/,artifacts/supervisor_ready_eda/kicad/handheld_hybrid/erc.json,warning
W0216,handheld_hybrid,ERC,lib_symbol_issues,The current configuration does not include the symbol library '' :: Symbol JBAT1 [PERIPH],ACCEPTED_BY_DESIGN,KiCad parses embedded lib_id 'USB_C' as library ''. Prefixing to gunnchos: plus an extracted .kicad_sym made kicad-cli 10.0.5 fail schematic load. Embedded lib_symbols remain the in-tree source. Warning retained rather than breaking ERC.,RETAIN. Do not invent a pin-accurate symbol library. Do not add ERC ignore keys.,/,artifacts/supervisor_ready_eda/kicad/handheld_hybrid/erc.json,warning
W0217,handheld_hybrid,ERC,endpoint_off_grid,"Symbol pin or wire end off connection grid :: Horizontal Wire, length 0.0254 mm",ACCEPTED_BY_DESIGN,"KiCad connection-grid residual. ERC text 'length 0.0254 mm' is the 1 mil off-grid error (JSON), not a stub: all schematic wires measure 2.54 mm. Public NX5/SODIMM pin coordinates are not on the default 50 mil grid; snapping would distort radxa_nx5_public_pinout_table.csv.",RETAIN. Do not ignore the ERC check; do not move public pin coordinates.,/,artifacts/supervisor_ready_eda/kicad/handheld_hybrid/erc.json,warning
W0218,handheld_hybrid,ERC,endpoint_off_grid,"Symbol pin or wire end off connection grid :: Horizontal Wire, length 0.0254 mm",ACCEPTED_BY_DESIGN,"KiCad connection-grid residual. ERC text 'length 0.0254 mm' is the 1 mil off-grid error (JSON), not a stub: all schematic wires measure 2.54 mm. Public NX5/SODIMM pin coordinates are not on the default 50 mil grid; snapping would distort radxa_nx5_public_pinout_table.csv.",RETAIN. Do not ignore the ERC check; do not move public pin coordinates.,/,artifacts/supervisor_ready_eda/kicad/handheld_hybrid/erc.json,warning
W0219,handheld_hybrid,ERC,endpoint_off_grid,"Symbol pin or wire end off connection grid :: Horizontal Wire, length 0.0254 mm",ACCEPTED_BY_DESIGN,"KiCad connection-grid residual. ERC text 'length 0.0254 mm' is the 1 mil off-grid error (JSON), not a stub: all schematic wires measure 2.54 mm. Public NX5/SODIMM pin coordinates are not on the default 50 mil grid; snapping would distort radxa_nx5_public_pinout_table.csv.",RETAIN. Do not ignore the ERC check; do not move public pin coordinates.,/,artifacts/supervisor_ready_eda/kicad/handheld_hybrid/erc.json,warning
W0220,handheld_hybrid,ERC,endpoint_off_grid,"Symbol pin or wire end off connection grid :: Horizontal Wire, length 0.0254 mm",ACCEPTED_BY_DESIGN,"KiCad connection-grid residual. ERC text 'length 0.0254 mm' is the 1 mil off-grid error (JSON), not a stub: all schematic wires measure 2.54 mm. Public NX5/SODIMM pin coordinates are not on the default 50 mil grid; snapping would distort radxa_nx5_public_pinout_table.csv.",RETAIN. Do not ignore the ERC check; do not move public pin coordinates.,/,artifacts/supervisor_ready_eda/kicad/handheld_hybrid/erc.json,warning
W0221,handheld_hybrid,ERC,lib_symbol_issues,The current configuration does not include the symbol library '' :: Symbol UPD1 [PD_CTRL],ACCEPTED_BY_DESIGN,KiCad parses embedded lib_id 'USB_C' as library ''. Prefixing to gunnchos: plus an extracted .kicad_sym made kicad-cli 10.0.5 fail schematic load. Embedded lib_symbols remain the in-tree source. Warning retained rather than breaking ERC.,RETAIN. Do not invent a pin-accurate symbol library. Do not add ERC ignore keys.,/,artifacts/supervisor_ready_eda/kicad/handheld_hybrid/erc.json,warning
W0222,handheld_hybrid,ERC,lib_symbol_issues,The current configuration does not include the symbol library '' :: Symbol R1 [R],ACCEPTED_BY_DESIGN,KiCad parses embedded lib_id 'USB_C' as library ''. Prefixing to gunnchos: plus an extracted .kicad_sym made kicad-cli 10.0.5 fail schematic load. Embedded lib_symbols remain the in-tree source. Warning retained rather than breaking ERC.,RETAIN. Do not invent a pin-accurate symbol library. Do not add ERC ignore keys.,/,artifacts/supervisor_ready_eda/kicad/handheld_hybrid/erc.json,warning
W0223,handheld_hybrid,ERC,lib_symbol_issues,The current configuration does not include the symbol library '' :: Symbol JDISP1 [PERIPH],ACCEPTED_BY_DESIGN,KiCad parses embedded lib_id 'USB_C' as library ''. Prefixing to gunnchos: plus an extracted .kicad_sym made kicad-cli 10.0.5 fail schematic load. Embedded lib_symbols remain the in-tree source. Warning retained rather than breaking ERC.,RETAIN. Do not invent a pin-accurate symbol library. Do not add ERC ignore keys.,/,artifacts/supervisor_ready_eda/kicad/handheld_hybrid/erc.json,warning
W0224,handheld_hybrid,ERC,lib_symbol_issues,The current configuration does not include the symbol library '' :: Symbol JTRK1 [PERIPH],ACCEPTED_BY_DESIGN,KiCad parses embedded lib_id 'USB_C' as library ''. Prefixing to gunnchos: plus an extracted .kicad_sym made kicad-cli 10.0.5 fail schematic load. Embedded lib_symbols remain the in-tree source. Warning retained rather than breaking ERC.,RETAIN. Do not invent a pin-accurate symbol library. Do not add ERC ignore keys.,/,artifacts/supervisor_ready_eda/kicad/handheld_hybrid/erc.json,warning
W0225,handheld_hybrid,ERC,lib_symbol_issues,The current configuration does not include the symbol library '' :: Symbol JSEC1 [PERIPH],ACCEPTED_BY_DESIGN,KiCad parses embedded lib_id 'USB_C' as library ''. Prefixing to gunnchos: plus an extracted .kicad_sym made kicad-cli 10.0.5 fail schematic load. Embedded lib_symbols remain the in-tree source. Warning retained rather than breaking ERC.,RETAIN. Do not invent a pin-accurate symbol library. Do not add ERC ignore keys.,/,artifacts/supervisor_ready_eda/kicad/handheld_hybrid/erc.json,warning
W0226,handheld_hybrid,ERC,lib_symbol_issues,The current configuration does not include the symbol library '' :: Symbol UCHG1 [CHARGER],ACCEPTED_BY_DESIGN,KiCad parses embedded lib_id 'USB_C' as library ''. Prefixing to gunnchos: plus an extracted .kicad_sym made kicad-cli 10.0.5 fail schematic load. Embedded lib_symbols remain the in-tree source. Warning retained rather than breaking ERC.,RETAIN. Do not invent a pin-accurate symbol library. Do not add ERC ignore keys.,/,artifacts/supervisor_ready_eda/kicad/handheld_hybrid/erc.json,warning
W0227,handheld_hybrid,ERC,lib_symbol_issues,The current configuration does not include the symbol library '' :: Symbol R2 [R],ACCEPTED_BY_DESIGN,KiCad parses embedded lib_id 'USB_C' as library ''. Prefixing to gunnchos: plus an extracted .kicad_sym made kicad-cli 10.0.5 fail schematic load. Embedded lib_symbols remain the in-tree source. Warning retained rather than breaking ERC.,RETAIN. Do not invent a pin-accurate symbol library. Do not add ERC ignore keys.,/,artifacts/supervisor_ready_eda/kicad/handheld_hybrid/erc.json,warning
W0228,handheld_hybrid,ERC,lib_symbol_issues,The current configuration does not include the symbol library '' :: Symbol JTP1 [PERIPH],ACCEPTED_BY_DESIGN,KiCad parses embedded lib_id 'USB_C' as library ''. Prefixing to gunnchos: plus an extracted .kicad_sym made kicad-cli 10.0.5 fail schematic load. Embedded lib_symbols remain the in-tree source. Warning retained rather than breaking ERC.,RETAIN. Do not invent a pin-accurate symbol library. Do not add ERC ignore keys.,/,artifacts/supervisor_ready_eda/kicad/handheld_hybrid/erc.json,warning
W0229,handheld_hybrid,ERC,lib_symbol_issues,The current configuration does not include the symbol library '' :: Symbol JWWAN1 [PERIPH],ACCEPTED_BY_DESIGN,KiCad parses embedded lib_id 'USB_C' as library ''. Prefixing to gunnchos: plus an extracted .kicad_sym made kicad-cli 10.0.5 fail schematic load. Embedded lib_symbols remain the in-tree source. Warning retained rather than breaking ERC.,RETAIN. Do not invent a pin-accurate symbol library. Do not add ERC ignore keys.,/,artifacts/supervisor_ready_eda/kicad/handheld_hybrid/erc.json,warning
W0230,handheld_hybrid,ERC,lib_symbol_issues,The current configuration does not include the symbol library '' :: Symbol JDBG1 [PERIPH],ACCEPTED_BY_DESIGN,KiCad parses embedded lib_id 'USB_C' as library ''. Prefixing to gunnchos: plus an extracted .kicad_sym made kicad-cli 10.0.5 fail schematic load. Embedded lib_symbols remain the in-tree source. Warning retained rather than breaking ERC.,RETAIN. Do not invent a pin-accurate symbol library. Do not add ERC ignore keys.,/,artifacts/supervisor_ready_eda/kicad/handheld_hybrid/erc.json,warning
W0231,handheld_hybrid,ERC,lib_symbol_issues,The current configuration does not include the symbol library '' :: Symbol U3V3 [BUCK],ACCEPTED_BY_DESIGN,KiCad parses embedded lib_id 'USB_C' as library ''. Prefixing to gunnchos: plus an extracted .kicad_sym made kicad-cli 10.0.5 fail schematic load. Embedded lib_symbols remain the in-tree source. Warning retained rather than breaking ERC.,RETAIN. Do not invent a pin-accurate symbol library. Do not add ERC ignore keys.,/,artifacts/supervisor_ready_eda/kicad/handheld_hybrid/erc.json,warning
W0232,handheld_hybrid,ERC,lib_symbol_issues,The current configuration does not include the symbol library '' :: Symbol D1 [LED],ACCEPTED_BY_DESIGN,KiCad parses embedded lib_id 'USB_C' as library ''. Prefixing to gunnchos: plus an extracted .kicad_sym made kicad-cli 10.0.5 fail schematic load. Embedded lib_symbols remain the in-tree source. Warning retained rather than breaking ERC.,RETAIN. Do not invent a pin-accurate symbol library. Do not add ERC ignore keys.,/,artifacts/supervisor_ready_eda/kicad/handheld_hybrid/erc.json,warning
W0233,handheld_hybrid,ERC,lib_symbol_issues,The current configuration does not include the symbol library '' :: Symbol JAUD1 [PERIPH],ACCEPTED_BY_DESIGN,KiCad parses embedded lib_id 'USB_C' as library ''. Prefixing to gunnchos: plus an extracted .kicad_sym made kicad-cli 10.0.5 fail schematic load. Embedded lib_symbols remain the in-tree source. Warning retained rather than breaking ERC.,RETAIN. Do not invent a pin-accurate symbol library. Do not add ERC ignore keys.,/,artifacts/supervisor_ready_eda/kicad/handheld_hybrid/erc.json,warning
W0234,handheld_hybrid,ERC,lib_symbol_issues,The current configuration does not include the symbol library '' :: Symbol JGNSS1 [PERIPH],ACCEPTED_BY_DESIGN,KiCad parses embedded lib_id 'USB_C' as library ''. Prefixing to gunnchos: plus an extracted .kicad_sym made kicad-cli 10.0.5 fail schematic load. Embedded lib_symbols remain the in-tree source. Warning retained rather than breaking ERC.,RETAIN. Do not invent a pin-accurate symbol library. Do not add ERC ignore keys.,/,artifacts/supervisor_ready_eda/kicad/handheld_hybrid/erc.json,warning
W0235,handheld_hybrid,ERC,lib_symbol_issues,The current configuration does not include the symbol library '' :: Symbol JHAP1 [PERIPH],ACCEPTED_BY_DESIGN,KiCad parses embedded lib_id 'USB_C' as library ''. Prefixing to gunnchos: plus an extracted .kicad_sym made kicad-cli 10.0.5 fail schematic load. Embedded lib_symbols remain the in-tree source. Warning retained rather than breaking ERC.,RETAIN. Do not invent a pin-accurate symbol library. Do not add ERC ignore keys.,/,artifacts/supervisor_ready_eda/kicad/handheld_hybrid/erc.json,warning
W0236,handheld_hybrid,ERC,lib_symbol_issues,The current configuration does not include the symbol library '' :: Symbol C1 [C],ACCEPTED_BY_DESIGN,KiCad parses embedded lib_id 'USB_C' as library ''. Prefixing to gunnchos: plus an extracted .kicad_sym made kicad-cli 10.0.5 fail schematic load. Embedded lib_symbols remain the in-tree source. Warning retained rather than breaking ERC.,RETAIN. Do not invent a pin-accurate symbol library. Do not add ERC ignore keys.,/,artifacts/supervisor_ready_eda/kicad/handheld_hybrid/erc.json,warning
W0237,handheld_hybrid,ERC,lib_symbol_issues,The current configuration does not include the symbol library '' :: Symbol DESD1 [ESD],ACCEPTED_BY_DESIGN,KiCad parses embedded lib_id 'USB_C' as library ''. Prefixing to gunnchos: plus an extracted .kicad_sym made kicad-cli 10.0.5 fail schematic load. Embedded lib_symbols remain the in-tree source. Warning retained rather than breaking ERC.,RETAIN. Do not invent a pin-accurate symbol library. Do not add ERC ignore keys.,/,artifacts/supervisor_ready_eda/kicad/handheld_hybrid/erc.json,warning
W0238,handheld_hybrid,ERC,lib_symbol_issues,The current configuration does not include the symbol library '' :: Symbol JCAM1 [PERIPH],ACCEPTED_BY_DESIGN,KiCad parses embedded lib_id 'USB_C' as library ''. Prefixing to gunnchos: plus an extracted .kicad_sym made kicad-cli 10.0.5 fail schematic load. Embedded lib_symbols remain the in-tree source. Warning retained rather than breaking ERC.,RETAIN. Do not invent a pin-accurate symbol library. Do not add ERC ignore keys.,/,artifacts/supervisor_ready_eda/kicad/handheld_hybrid/erc.json,warning
W0239,handheld_hybrid,ERC,lib_symbol_issues,The current configuration does not include the symbol library '' :: Symbol JWIFI1 [PERIPH],ACCEPTED_BY_DESIGN,KiCad parses embedded lib_id 'USB_C' as library ''. Prefixing to gunnchos: plus an extracted .kicad_sym made kicad-cli 10.0.5 fail schematic load. Embedded lib_symbols remain the in-tree source. Warning retained rather than breaking ERC.,RETAIN. Do not invent a pin-accurate symbol library. Do not add ERC ignore keys.,/,artifacts/supervisor_ready_eda/kicad/handheld_hybrid/erc.json,warning
W0240,handheld_hybrid,ERC,lib_symbol_issues,The current configuration does not include the symbol library '' :: Symbol JFAN1 [PERIPH],ACCEPTED_BY_DESIGN,KiCad parses embedded lib_id 'USB_C' as library ''. Prefixing to gunnchos: plus an extracted .kicad_sym made kicad-cli 10.0.5 fail schematic load. Embedded lib_symbols remain the in-tree source. Warning retained rather than breaking ERC.,RETAIN. Do not invent a pin-accurate symbol library. Do not add ERC ignore keys.,/,artifacts/supervisor_ready_eda/kicad/handheld_hybrid/erc.json,warning
W0241,handheld_hybrid,ERC,endpoint_off_grid,"Symbol pin or wire end off connection grid :: Horizontal Wire, length 0.0254 mm",ACCEPTED_BY_DESIGN,"KiCad connection-grid residual. ERC text 'length 0.0254 mm' is the 1 mil off-grid error (JSON), not a stub: all schematic wires measure 2.54 mm. Public NX5/SODIMM pin coordinates are not on the default 50 mil grid; snapping would distort radxa_nx5_public_pinout_table.csv.",RETAIN. Do not ignore the ERC check; do not move public pin coordinates.,/,artifacts/supervisor_ready_eda/kicad/handheld_hybrid/erc.json,warning
W0242,handheld_hybrid,ERC,endpoint_off_grid,"Symbol pin or wire end off connection grid :: Horizontal Wire, length 0.0254 mm",ACCEPTED_BY_DESIGN,"KiCad connection-grid residual. ERC text 'length 0.0254 mm' is the 1 mil off-grid error (JSON), not a stub: all schematic wires measure 2.54 mm. Public NX5/SODIMM pin coordinates are not on the default 50 mil grid; snapping would distort radxa_nx5_public_pinout_table.csv.",RETAIN. Do not ignore the ERC check; do not move public pin coordinates.,/,artifacts/supervisor_ready_eda/kicad/handheld_hybrid/erc.json,warning
W0243,handheld_hybrid,ERC,endpoint_off_grid,"Symbol pin or wire end off connection grid :: Horizontal Wire, length 0.0254 mm",ACCEPTED_BY_DESIGN,"KiCad connection-grid residual. ERC text 'length 0.0254 mm' is the 1 mil off-grid error (JSON), not a stub: all schematic wires measure 2.54 mm. Public NX5/SODIMM pin coordinates are not on the default 50 mil grid; snapping would distort radxa_nx5_public_pinout_table.csv.",RETAIN. Do not ignore the ERC check; do not move public pin coordinates.,/,artifacts/supervisor_ready_eda/kicad/handheld_hybrid/erc.json,warning
W0244,handheld_hybrid,ERC,endpoint_off_grid,"Symbol pin or wire end off connection grid :: Horizontal Wire, length 0.0254 mm",ACCEPTED_BY_DESIGN,"KiCad connection-grid residual. ERC text 'length 0.0254 mm' is the 1 mil off-grid error (JSON), not a stub: all schematic wires measure 2.54 mm. Public NX5/SODIMM pin coordinates are not on the default 50 mil grid; snapping would distort radxa_nx5_public_pinout_table.csv.",RETAIN. Do not ignore the ERC check; do not move public pin coordinates.,/,artifacts/supervisor_ready_eda/kicad/handheld_hybrid/erc.json,warning
W0245,handheld_hybrid,ERC,endpoint_off_grid,"Symbol pin or wire end off connection grid :: Horizontal Wire, length 0.0254 mm",ACCEPTED_BY_DESIGN,"KiCad connection-grid residual. ERC text 'length 0.0254 mm' is the 1 mil off-grid error (JSON), not a stub: all schematic wires measure 2.54 mm. Public NX5/SODIMM pin coordinates are not on the default 50 mil grid; snapping would distort radxa_nx5_public_pinout_table.csv.",RETAIN. Do not ignore the ERC check; do not move public pin coordinates.,/,artifacts/supervisor_ready_eda/kicad/handheld_hybrid/erc.json,warning
W0246,handheld_hybrid,ERC,endpoint_off_grid,"Symbol pin or wire end off connection grid :: Symbol JS_POWER_5V Pin 251 [VCC_SYSIN, Passive, Line]",ACCEPTED_BY_DESIGN,"KiCad connection-grid residual. ERC text 'length 0.0254 mm' is the 1 mil off-grid error (JSON), not a stub: all schematic wires measure 2.54 mm. Public NX5/SODIMM pin coordinates are not on the default 50 mil grid; snapping would distort radxa_nx5_public_pinout_table.csv.",RETAIN. Do not ignore the ERC check; do not move public pin coordinates.,/,artifacts/supervisor_ready_eda/kicad/handheld_hybrid/erc.json,warning
W0247,handheld_hybrid,ERC,lib_symbol_issues,The current configuration does not include the symbol library '' :: Symbol JS_POWER_5V [SODIMM_POWER_5V],ACCEPTED_BY_DESIGN,KiCad parses embedded lib_id 'USB_C' as library ''. Prefixing to gunnchos: plus an extracted .kicad_sym made kicad-cli 10.0.5 fail schematic load. Embedded lib_symbols remain the in-tree source. Warning retained rather than breaking ERC.,RETAIN. Do not invent a pin-accurate symbol library. Do not add ERC ignore keys.,/,artifacts/supervisor_ready_eda/kicad/handheld_hybrid/erc.json,warning
W0248,handheld_hybrid,ERC,endpoint_off_grid,"Symbol pin or wire end off connection grid :: Horizontal Wire, length 0.0254 mm",ACCEPTED_BY_DESIGN,"KiCad connection-grid residual. ERC text 'length 0.0254 mm' is the 1 mil off-grid error (JSON), not a stub: all schematic wires measure 2.54 mm. Public NX5/SODIMM pin coordinates are not on the default 50 mil grid; snapping would distort radxa_nx5_public_pinout_table.csv.",RETAIN. Do not ignore the ERC check; do not move public pin coordinates.,/,artifacts/supervisor_ready_eda/kicad/handheld_hybrid/erc.json,warning
W0249,handheld_hybrid,ERC,endpoint_off_grid,"Symbol pin or wire end off connection grid :: Horizontal Wire, length 0.0254 mm",ACCEPTED_BY_DESIGN,"KiCad connection-grid residual. ERC text 'length 0.0254 mm' is the 1 mil off-grid error (JSON), not a stub: all schematic wires measure 2.54 mm. Public NX5/SODIMM pin coordinates are not on the default 50 mil grid; snapping would distort radxa_nx5_public_pinout_table.csv.",RETAIN. Do not ignore the ERC check; do not move public pin coordinates.,/,artifacts/supervisor_ready_eda/kicad/handheld_hybrid/erc.json,warning
W0250,handheld_hybrid,ERC,endpoint_off_grid,"Symbol pin or wire end off connection grid :: Horizontal Wire, length 0.0254 mm",ACCEPTED_BY_DESIGN,"KiCad connection-grid residual. ERC text 'length 0.0254 mm' is the 1 mil off-grid error (JSON), not a stub: all schematic wires measure 2.54 mm. Public NX5/SODIMM pin coordinates are not on the default 50 mil grid; snapping would distort radxa_nx5_public_pinout_table.csv.",RETAIN. Do not ignore the ERC check; do not move public pin coordinates.,/,artifacts/supervisor_ready_eda/kicad/handheld_hybrid/erc.json,warning
W0251,handheld_hybrid,ERC,endpoint_off_grid,"Symbol pin or wire end off connection grid :: Horizontal Wire, length 0.0254 mm",ACCEPTED_BY_DESIGN,"KiCad connection-grid residual. ERC text 'length 0.0254 mm' is the 1 mil off-grid error (JSON), not a stub: all schematic wires measure 2.54 mm. Public NX5/SODIMM pin coordinates are not on the default 50 mil grid; snapping would distort radxa_nx5_public_pinout_table.csv.",RETAIN. Do not ignore the ERC check; do not move public pin coordinates.,/,artifacts/supervisor_ready_eda/kicad/handheld_hybrid/erc.json,warning
W0252,handheld_hybrid,ERC,endpoint_off_grid,"Symbol pin or wire end off connection grid :: Horizontal Wire, length 0.0254 mm",ACCEPTED_BY_DESIGN,"KiCad connection-grid residual. ERC text 'length 0.0254 mm' is the 1 mil off-grid error (JSON), not a stub: all schematic wires measure 2.54 mm. Public NX5/SODIMM pin coordinates are not on the default 50 mil grid; snapping would distort radxa_nx5_public_pinout_table.csv.",RETAIN. Do not ignore the ERC check; do not move public pin coordinates.,/,artifacts/supervisor_ready_eda/kicad/handheld_hybrid/erc.json,warning
W0253,handheld_hybrid,ERC,endpoint_off_grid,"Symbol pin or wire end off connection grid :: Horizontal Wire, length 0.0254 mm",ACCEPTED_BY_DESIGN,"KiCad connection-grid residual. ERC text 'length 0.0254 mm' is the 1 mil off-grid error (JSON), not a stub: all schematic wires measure 2.54 mm. Public NX5/SODIMM pin coordinates are not on the default 50 mil grid; snapping would distort radxa_nx5_public_pinout_table.csv.",RETAIN. Do not ignore the ERC check; do not move public pin coordinates.,/,artifacts/supervisor_ready_eda/kicad/handheld_hybrid/erc.json,warning
W0254,handheld_hybrid,ERC,isolated_pin_label,Label connected to only one pin :: Global Label 'SOM_MIPI_DPHY0_TX_D1N',ACCEPTED_BY_DESIGN,Named PUBLIC_PINOUT SoM net (radxa_nx5_public_pinout_table.csv) on one SODIMM pin. Far-end connectors are PERIPH placeholders without per-pin symbols; adding a fake second pin would invent routing.,RETAIN. Digital package records named public nets; do not short distinct SoM pins.,/,artifacts/supervisor_ready_eda/kicad/handheld_hybrid/erc.json,warning
W0255,handheld_hybrid,ERC,endpoint_off_grid,"Symbol pin or wire end off connection grid :: Horizontal Wire, length 0.0254 mm",ACCEPTED_BY_DESIGN,"KiCad connection-grid residual. ERC text 'length 0.0254 mm' is the 1 mil off-grid error (JSON), not a stub: all schematic wires measure 2.54 mm. Public NX5/SODIMM pin coordinates are not on the default 50 mil grid; snapping would distort radxa_nx5_public_pinout_table.csv.",RETAIN. Do not ignore the ERC check; do not move public pin coordinates.,/,artifacts/supervisor_ready_eda/kicad/handheld_hybrid/erc.json,warning
W0256,handheld_hybrid,ERC,isolated_pin_label,Label connected to only one pin :: Global Label 'SOM_MIPI_DPHY0_TX_CLKN',ACCEPTED_BY_DESIGN,Named PUBLIC_PINOUT SoM net (radxa_nx5_public_pinout_table.csv) on one SODIMM pin. Far-end connectors are PERIPH placeholders without per-pin symbols; adding a fake second pin would invent routing.,RETAIN. Digital package records named public nets; do not short distinct SoM pins.,/,artifacts/supervisor_ready_eda/kicad/handheld_hybrid/erc.json,warning
W0257,handheld_hybrid,ERC,endpoint_off_grid,"Symbol pin or wire end off connection grid :: Horizontal Wire, length 0.0254 mm",ACCEPTED_BY_DESIGN,"KiCad connection-grid residual. ERC text 'length 0.0254 mm' is the 1 mil off-grid error (JSON), not a stub: all schematic wires measure 2.54 mm. Public NX5/SODIMM pin coordinates are not on the default 50 mil grid; snapping would distort radxa_nx5_public_pinout_table.csv.",RETAIN. Do not ignore the ERC check; do not move public pin coordinates.,/,artifacts/supervisor_ready_eda/kicad/handheld_hybrid/erc.json,warning
W0258,handheld_hybrid,ERC,isolated_pin_label,Label connected to only one pin :: Global Label 'SOM_MIPI_DPHY0_TX_D0N',ACCEPTED_BY_DESIGN,Named PUBLIC_PINOUT SoM net (radxa_nx5_public_pinout_table.csv) on one SODIMM pin. Far-end connectors are PERIPH placeholders without per-pin symbols; adding a fake second pin would invent routing.,RETAIN. Digital package records named public nets; do not short distinct SoM pins.,/,artifacts/supervisor_ready_eda/kicad/handheld_hybrid/erc.json,warning
W0259,handheld_hybrid,ERC,endpoint_off_grid,"Symbol pin or wire end off connection grid :: Symbol JS_DISPLAY_MI Pin 70 [MIPI_DPHY0_TX_D0N, Passive, Line]",ACCEPTED_BY_DESIGN,"KiCad connection-grid residual. ERC text 'length 0.0254 mm' is the 1 mil off-grid error (JSON), not a stub: all schematic wires measure 2.54 mm. Public NX5/SODIMM pin coordinates are not on the default 50 mil grid; snapping would distort radxa_nx5_public_pinout_table.csv.",RETAIN. Do not ignore the ERC check; do not move public pin coordinates.,/,artifacts/supervisor_ready_eda/kicad/handheld_hybrid/erc.json,warning
W0260,handheld_hybrid,ERC,lib_symbol_issues,The current configuration does not include the symbol library '' :: Symbol JS_DISPLAY_MI [SODIMM_DISPLAY_MIPI_DSI],ACCEPTED_BY_DESIGN,KiCad parses embedded lib_id 'USB_C' as library ''. Prefixing to gunnchos: plus an extracted .kicad_sym made kicad-cli 10.0.5 fail schematic load. Embedded lib_symbols remain the in-tree source. Warning retained rather than breaking ERC.,RETAIN. Do not invent a pin-accurate symbol library. Do not add ERC ignore keys.,/,artifacts/supervisor_ready_eda/kicad/handheld_hybrid/erc.json,warning
W0261,handheld_hybrid,ERC,endpoint_off_grid,"Symbol pin or wire end off connection grid :: Horizontal Wire, length 0.0254 mm",ACCEPTED_BY_DESIGN,"KiCad connection-grid residual. ERC text 'length 0.0254 mm' is the 1 mil off-grid error (JSON), not a stub: all schematic wires measure 2.54 mm. Public NX5/SODIMM pin coordinates are not on the default 50 mil grid; snapping would distort radxa_nx5_public_pinout_table.csv.",RETAIN. Do not ignore the ERC check; do not move public pin coordinates.,/,artifacts/supervisor_ready_eda/kicad/handheld_hybrid/erc.json,warning
W0262,handheld_hybrid,ERC,isolated_pin_label,Label connected to only one pin :: Global Label 'SOM_MIPI_DPHY0_TX_D1P',ACCEPTED_BY_DESIGN,Named PUBLIC_PINOUT SoM net (radxa_nx5_public_pinout_table.csv) on one SODIMM pin. Far-end connectors are PERIPH placeholders without per-pin symbols; adding a fake second pin would invent routing.,RETAIN. Digital package records named public nets; do not short distinct SoM pins.,/,artifacts/supervisor_ready_eda/kicad/handheld_hybrid/erc.json,warning
W0263,handheld_hybrid,ERC,endpoint_off_grid,"Symbol pin or wire end off connection grid :: Horizontal Wire, length 0.0254 mm",ACCEPTED_BY_DESIGN,"KiCad connection-grid residual. ERC text 'length 0.0254 mm' is the 1 mil off-grid error (JSON), not a stub: all schematic wires measure 2.54 mm. Public NX5/SODIMM pin coordinates are not on the default 50 mil grid; snapping would distort radxa_nx5_public_pinout_table.csv.",RETAIN. Do not ignore the ERC check; do not move public pin coordinates.,/,artifacts/supervisor_ready_eda/kicad/handheld_hybrid/erc.json,warning
W0264,handheld_hybrid,ERC,isolated_pin_label,Label connected to only one pin :: Global Label 'SOM_MIPI_DPHY0_TX_CLKP',ACCEPTED_BY_DESIGN,Named PUBLIC_PINOUT SoM net (radxa_nx5_public_pinout_table.csv) on one SODIMM pin. Far-end connectors are PERIPH placeholders without per-pin symbols; adding a fake second pin would invent routing.,RETAIN. Digital package records named public nets; do not short distinct SoM pins.,/,artifacts/supervisor_ready_eda/kicad/handheld_hybrid/erc.json,warning
W0265,handheld_hybrid,ERC,endpoint_off_grid,"Symbol pin or wire end off connection grid :: Horizontal Wire, length 0.0254 mm",ACCEPTED_BY_DESIGN,"KiCad connection-grid residual. ERC text 'length 0.0254 mm' is the 1 mil off-grid error (JSON), not a stub: all schematic wires measure 2.54 mm. Public NX5/SODIMM pin coordinates are not on the default 50 mil grid; snapping would distort radxa_nx5_public_pinout_table.csv.",RETAIN. Do not ignore the ERC check; do not move public pin coordinates.,/,artifacts/supervisor_ready_eda/kicad/handheld_hybrid/erc.json,warning
W0266,handheld_hybrid,ERC,isolated_pin_label,Label connected to only one pin :: Global Label 'SOM_MIPI_DPHY0_TX_D0P',ACCEPTED_BY_DESIGN,Named PUBLIC_PINOUT SoM net (radxa_nx5_public_pinout_table.csv) on one SODIMM pin. Far-end connectors are PERIPH placeholders without per-pin symbols; adding a fake second pin would invent routing.,RETAIN. Digital package records named public nets; do not short distinct SoM pins.,/,artifacts/supervisor_ready_eda/kicad/handheld_hybrid/erc.json,warning
W0267,handheld_hybrid,ERC,endpoint_off_grid,"Symbol pin or wire end off connection grid :: Horizontal Wire, length 0.0254 mm",ACCEPTED_BY_DESIGN,"KiCad connection-grid residual. ERC text 'length 0.0254 mm' is the 1 mil off-grid error (JSON), not a stub: all schematic wires measure 2.54 mm. Public NX5/SODIMM pin coordinates are not on the default 50 mil grid; snapping would distort radxa_nx5_public_pinout_table.csv.",RETAIN. Do not ignore the ERC check; do not move public pin coordinates.,/,artifacts/supervisor_ready_eda/kicad/handheld_hybrid/erc.json,warning
W0268,handheld_hybrid,ERC,isolated_pin_label,Label connected to only one pin :: Global Label 'SOM_SDMMC_CMD',ACCEPTED_BY_DESIGN,Named PUBLIC_PINOUT SoM net (radxa_nx5_public_pinout_table.csv) on one SODIMM pin. Far-end connectors are PERIPH placeholders without per-pin symbols; adding a fake second pin would invent routing.,RETAIN. Digital package records named public nets; do not short distinct SoM pins.,/,artifacts/supervisor_ready_eda/kicad/handheld_hybrid/erc.json,warning
W0269,handheld_hybrid,ERC,endpoint_off_grid,"Symbol pin or wire end off connection grid :: Horizontal Wire, length 0.0254 mm",ACCEPTED_BY_DESIGN,"KiCad connection-grid residual. ERC text 'length 0.0254 mm' is the 1 mil off-grid error (JSON), not a stub: all schematic wires measure 2.54 mm. Public NX5/SODIMM pin coordinates are not on the default 50 mil grid; snapping would distort radxa_nx5_public_pinout_table.csv.",RETAIN. Do not ignore the ERC check; do not move public pin coordinates.,/,artifacts/supervisor_ready_eda/kicad/handheld_hybrid/erc.json,warning
W0270,handheld_hybrid,ERC,isolated_pin_label,Label connected to only one pin :: Global Label 'SOM_SDMMC_D2',ACCEPTED_BY_DESIGN,Named PUBLIC_PINOUT SoM net (radxa_nx5_public_pinout_table.csv) on one SODIMM pin. Far-end connectors are PERIPH placeholders without per-pin symbols; adding a fake second pin would invent routing.,RETAIN. Digital package records named public nets; do not short distinct SoM pins.,/,artifacts/supervisor_ready_eda/kicad/handheld_hybrid/erc.json,warning
W0271,handheld_hybrid,ERC,endpoint_off_grid,"Symbol pin or wire end off connection grid :: Horizontal Wire, length 0.0254 mm",ACCEPTED_BY_DESIGN,"KiCad connection-grid residual. ERC text 'length 0.0254 mm' is the 1 mil off-grid error (JSON), not a stub: all schematic wires measure 2.54 mm. Public NX5/SODIMM pin coordinates are not on the default 50 mil grid; snapping would distort radxa_nx5_public_pinout_table.csv.",RETAIN. Do not ignore the ERC check; do not move public pin coordinates.,/,artifacts/supervisor_ready_eda/kicad/handheld_hybrid/erc.json,warning
W0272,handheld_hybrid,ERC,isolated_pin_label,Label connected to only one pin :: Global Label 'SOM_SDMMC_D0',ACCEPTED_BY_DESIGN,Named PUBLIC_PINOUT SoM net (radxa_nx5_public_pinout_table.csv) on one SODIMM pin. Far-end connectors are PERIPH placeholders without per-pin symbols; adding a fake second pin would invent routing.,RETAIN. Digital package records named public nets; do not short distinct SoM pins.,/,artifacts/supervisor_ready_eda/kicad/handheld_hybrid/erc.json,warning
W0273,handheld_hybrid,ERC,endpoint_off_grid,"Symbol pin or wire end off connection grid :: Horizontal Wire, length 0.0254 mm",ACCEPTED_BY_DESIGN,"KiCad connection-grid residual. ERC text 'length 0.0254 mm' is the 1 mil off-grid error (JSON), not a stub: all schematic wires measure 2.54 mm. Public NX5/SODIMM pin coordinates are not on the default 50 mil grid; snapping would distort radxa_nx5_public_pinout_table.csv.",RETAIN. Do not ignore the ERC check; do not move public pin coordinates.,/,artifacts/supervisor_ready_eda/kicad/handheld_hybrid/erc.json,warning
W0274,handheld_hybrid,ERC,isolated_pin_label,Label connected to only one pin :: Global Label 'SOM_SDMMC_PWREN',ACCEPTED_BY_DESIGN,Named PUBLIC_PINOUT SoM net (radxa_nx5_public_pinout_table.csv) on one SODIMM pin. Far-end connectors are PERIPH placeholders without per-pin symbols; adding a fake second pin would invent routing.,RETAIN. Digital package records named public nets; do not short distinct SoM pins.,/,artifacts/supervisor_ready_eda/kicad/handheld_hybrid/erc.json,warning
W0275,handheld_hybrid,ERC,endpoint_off_grid,"Symbol pin or wire end off connection grid :: Symbol JS_STORAGE_SD Pin 88 [SDMMC_PWREN, Passive, Line]",ACCEPTED_BY_DESIGN,"KiCad connection-grid residual. ERC text 'length 0.0254 mm' is the 1 mil off-grid error (JSON), not a stub: all schematic wires measure 2.54 mm. Public NX5/SODIMM pin coordinates are not on the default 50 mil grid; snapping would distort radxa_nx5_public_pinout_table.csv.",RETAIN. Do not ignore the ERC check; do not move public pin coordinates.,/,artifacts/supervisor_ready_eda/kicad/handheld_hybrid/erc.json,warning
W0276,handheld_hybrid,ERC,lib_symbol_issues,The current configuration does not include the symbol library '' :: Symbol JS_STORAGE_SD [SODIMM_STORAGE_SDMMC],ACCEPTED_BY_DESIGN,KiCad parses embedded lib_id 'USB_C' as library ''. Prefixing to gunnchos: plus an extracted .kicad_sym made kicad-cli 10.0.5 fail schematic load. Embedded lib_symbols remain the in-tree source. Warning retained rather than breaking ERC.,RETAIN. Do not invent a pin-accurate symbol library. Do not add ERC ignore keys.,/,artifacts/supervisor_ready_eda/kicad/handheld_hybrid/erc.json,warning
W0277,handheld_hybrid,ERC,endpoint_off_grid,"Symbol pin or wire end off connection grid :: Horizontal Wire, length 0.0254 mm",ACCEPTED_BY_DESIGN,"KiCad connection-grid residual. ERC text 'length 0.0254 mm' is the 1 mil off-grid error (JSON), not a stub: all schematic wires measure 2.54 mm. Public NX5/SODIMM pin coordinates are not on the default 50 mil grid; snapping would distort radxa_nx5_public_pinout_table.csv.",RETAIN. Do not ignore the ERC check; do not move public pin coordinates.,/,artifacts/supervisor_ready_eda/kicad/handheld_hybrid/erc.json,warning
W0278,handheld_hybrid,ERC,isolated_pin_label,Label connected to only one pin :: Global Label 'SOM_SDMMC_CLK',ACCEPTED_BY_DESIGN,Named PUBLIC_PINOUT SoM net (radxa_nx5_public_pinout_table.csv) on one SODIMM pin. Far-end connectors are PERIPH placeholders without per-pin symbols; adding a fake second pin would invent routing.,RETAIN. Digital package records named public nets; do not short distinct SoM pins.,/,artifacts/supervisor_ready_eda/kicad/handheld_hybrid/erc.json,warning
W0279,handheld_hybrid,ERC,endpoint_off_grid,"Symbol pin or wire end off connection grid :: Horizontal Wire, length 0.0254 mm",ACCEPTED_BY_DESIGN,"KiCad connection-grid residual. ERC text 'length 0.0254 mm' is the 1 mil off-grid error (JSON), not a stub: all schematic wires measure 2.54 mm. Public NX5/SODIMM pin coordinates are not on the default 50 mil grid; snapping would distort radxa_nx5_public_pinout_table.csv.",RETAIN. Do not ignore the ERC check; do not move public pin coordinates.,/,artifacts/supervisor_ready_eda/kicad/handheld_hybrid/erc.json,warning
W0280,handheld_hybrid,ERC,isolated_pin_label,Label connected to only one pin :: Global Label 'SOM_SDMMC_D3',ACCEPTED_BY_DESIGN,Named PUBLIC_PINOUT SoM net (radxa_nx5_public_pinout_table.csv) on one SODIMM pin. Far-end connectors are PERIPH placeholders without per-pin symbols; adding a fake second pin would invent routing.,RETAIN. Digital package records named public nets; do not short distinct SoM pins.,/,artifacts/supervisor_ready_eda/kicad/handheld_hybrid/erc.json,warning
W0281,handheld_hybrid,ERC,endpoint_off_grid,"Symbol pin or wire end off connection grid :: Horizontal Wire, length 0.0254 mm",ACCEPTED_BY_DESIGN,"KiCad connection-grid residual. ERC text 'length 0.0254 mm' is the 1 mil off-grid error (JSON), not a stub: all schematic wires measure 2.54 mm. Public NX5/SODIMM pin coordinates are not on the default 50 mil grid; snapping would distort radxa_nx5_public_pinout_table.csv.",RETAIN. Do not ignore the ERC check; do not move public pin coordinates.,/,artifacts/supervisor_ready_eda/kicad/handheld_hybrid/erc.json,warning
W0282,handheld_hybrid,ERC,isolated_pin_label,Label connected to only one pin :: Global Label 'SOM_SDMMC_D1',ACCEPTED_BY_DESIGN,Named PUBLIC_PINOUT SoM net (radxa_nx5_public_pinout_table.csv) on one SODIMM pin. Far-end connectors are PERIPH placeholders without per-pin symbols; adding a fake second pin would invent routing.,RETAIN. Digital package records named public nets; do not short distinct SoM pins.,/,artifacts/supervisor_ready_eda/kicad/handheld_hybrid/erc.json,warning
W0283,handheld_hybrid,ERC,endpoint_off_grid,"Symbol pin or wire end off connection grid :: Horizontal Wire, length 0.0254 mm",ACCEPTED_BY_DESIGN,"KiCad connection-grid residual. ERC text 'length 0.0254 mm' is the 1 mil off-grid error (JSON), not a stub: all schematic wires measure 2.54 mm. Public NX5/SODIMM pin coordinates are not on the default 50 mil grid; snapping would distort radxa_nx5_public_pinout_table.csv.",RETAIN. Do not ignore the ERC check; do not move public pin coordinates.,/,artifacts/supervisor_ready_eda/kicad/handheld_hybrid/erc.json,warning
W0284,handheld_hybrid,ERC,isolated_pin_label,Label connected to only one pin :: Global Label 'SOM_SDMMC_DET_L',ACCEPTED_BY_DESIGN,Named PUBLIC_PINOUT SoM net (radxa_nx5_public_pinout_table.csv) on one SODIMM pin. Far-end connectors are PERIPH placeholders without per-pin symbols; adding a fake second pin would invent routing.,RETAIN. Digital package records named public nets; do not short distinct SoM pins.,/,artifacts/supervisor_ready_eda/kicad/handheld_hybrid/erc.json,warning
W0285,handheld_hybrid,ERC,endpoint_off_grid,"Symbol pin or wire end off connection grid :: Horizontal Wire, length 0.0254 mm",ACCEPTED_BY_DESIGN,"KiCad connection-grid residual. ERC text 'length 0.0254 mm' is the 1 mil off-grid error (JSON), not a stub: all schematic wires measure 2.54 mm. Public NX5/SODIMM pin coordinates are not on the default 50 mil grid; snapping would distort radxa_nx5_public_pinout_table.csv.",RETAIN. Do not ignore the ERC check; do not move public pin coordinates.,/,artifacts/supervisor_ready_eda/kicad/handheld_hybrid/erc.json,warning
W0286,handheld_hybrid,ERC,isolated_pin_label,Label connected to only one pin :: Global Label 'SOM_WIFI_WAKE_HOST_H',ACCEPTED_BY_DESIGN,Named PUBLIC_PINOUT SoM net (radxa_nx5_public_pinout_table.csv) on one SODIMM pin. Far-end connectors are PERIPH placeholders without per-pin symbols; adding a fake second pin would invent routing.,RETAIN. Digital package records named public nets; do not short distinct SoM pins.,/,artifacts/supervisor_ready_eda/kicad/handheld_hybrid/erc.json,warning
W0287,handheld_hybrid,ERC,endpoint_off_grid,"Symbol pin or wire end off connection grid :: Horizontal Wire, length 0.0254 mm",ACCEPTED_BY_DESIGN,"KiCad connection-grid residual. ERC text 'length 0.0254 mm' is the 1 mil off-grid error (JSON), not a stub: all schematic wires measure 2.54 mm. Public NX5/SODIMM pin coordinates are not on the default 50 mil grid; snapping would distort radxa_nx5_public_pinout_table.csv.",RETAIN. Do not ignore the ERC check; do not move public pin coordinates.,/,artifacts/supervisor_ready_eda/kicad/handheld_hybrid/erc.json,warning
W0288,handheld_hybrid,ERC,isolated_pin_label,Label connected to only one pin :: Global Label 'SOM_32KOUT_WIFI',ACCEPTED_BY_DESIGN,Named PUBLIC_PINOUT SoM net (radxa_nx5_public_pinout_table.csv) on one SODIMM pin. Far-end connectors are PERIPH placeholders without per-pin symbols; adding a fake second pin would invent routing.,RETAIN. Digital package records named public nets; do not short distinct SoM pins.,/,artifacts/supervisor_ready_eda/kicad/handheld_hybrid/erc.json,warning
W0289,handheld_hybrid,ERC,endpoint_off_grid,"Symbol pin or wire end off connection grid :: Horizontal Wire, length 0.0254 mm",ACCEPTED_BY_DESIGN,"KiCad connection-grid residual. ERC text 'length 0.0254 mm' is the 1 mil off-grid error (JSON), not a stub: all schematic wires measure 2.54 mm. Public NX5/SODIMM pin coordinates are not on the default 50 mil grid; snapping would distort radxa_nx5_public_pinout_table.csv.",RETAIN. Do not ignore the ERC check; do not move public pin coordinates.,/,artifacts/supervisor_ready_eda/kicad/handheld_hybrid/erc.json,warning
W0290,handheld_hybrid,ERC,isolated_pin_label,Label connected to only one pin :: Global Label 'SOM_BT_REG_ON_H',ACCEPTED_BY_DESIGN,Named PUBLIC_PINOUT SoM net (radxa_nx5_public_pinout_table.csv) on one SODIMM pin. Far-end connectors are PERIPH placeholders without per-pin symbols; adding a fake second pin would invent routing.,RETAIN. Digital package records named public nets; do not short distinct SoM pins.,/,artifacts/supervisor_ready_eda/kicad/handheld_hybrid/erc.json,warning
W0291,handheld_hybrid,ERC,endpoint_off_grid,"Symbol pin or wire end off connection grid :: Symbol JS_WIFI_BT_CT Pin 143 [BT_REG_ON_H, Passive, Line]",ACCEPTED_BY_DESIGN,"KiCad connection-grid residual. ERC text 'length 0.0254 mm' is the 1 mil off-grid error (JSON), not a stub: all schematic wires measure 2.54 mm. Public NX5/SODIMM pin coordinates are not on the default 50 mil grid; snapping would distort radxa_nx5_public_pinout_table.csv.",RETAIN. Do not ignore the ERC check; do not move public pin coordinates.,/,artifacts/supervisor_ready_eda/kicad/handheld_hybrid/erc.json,warning
W0292,handheld_hybrid,ERC,lib_symbol_issues,The current configuration does not include the symbol library '' :: Symbol JS_WIFI_BT_CT [SODIMM_WIFI_BT_CTRL],ACCEPTED_BY_DESIGN,KiCad parses embedded lib_id 'USB_C' as library ''. Prefixing to gunnchos: plus an extracted .kicad_sym made kicad-cli 10.0.5 fail schematic load. Embedded lib_symbols remain the in-tree source. Warning retained rather than breaking ERC.,RETAIN. Do not invent a pin-accurate symbol library. Do not add ERC ignore keys.,/,artifacts/supervisor_ready_eda/kicad/handheld_hybrid/erc.json,warning
W0293,handheld_hybrid,ERC,endpoint_off_grid,"Symbol pin or wire end off connection grid :: Horizontal Wire, length 0.0254 mm",ACCEPTED_BY_DESIGN,"KiCad connection-grid residual. ERC text 'length 0.0254 mm' is the 1 mil off-grid error (JSON), not a stub: all schematic wires measure 2.54 mm. Public NX5/SODIMM pin coordinates are not on the default 50 mil grid; snapping would distort radxa_nx5_public_pinout_table.csv.",RETAIN. Do not ignore the ERC check; do not move public pin coordinates.,/,artifacts/supervisor_ready_eda/kicad/handheld_hybrid/erc.json,warning
W0294,handheld_hybrid,ERC,isolated_pin_label,Label connected to only one pin :: Global Label 'SOM_WIFI_REG_ON_H',ACCEPTED_BY_DESIGN,Named PUBLIC_PINOUT SoM net (radxa_nx5_public_pinout_table.csv) on one SODIMM pin. Far-end connectors are PERIPH placeholders without per-pin symbols; adding a fake second pin would invent routing.,RETAIN. Digital package records named public nets; do not short distinct SoM pins.,/,artifacts/supervisor_ready_eda/kicad/handheld_hybrid/erc.json,warning
W0295,handheld_hybrid,ERC,endpoint_off_grid,"Symbol pin or wire end off connection grid :: Horizontal Wire, length 0.0254 mm",ACCEPTED_BY_DESIGN,"KiCad connection-grid residual. ERC text 'length 0.0254 mm' is the 1 mil off-grid error (JSON), not a stub: all schematic wires measure 2.54 mm. Public NX5/SODIMM pin coordinates are not on the default 50 mil grid; snapping would distort radxa_nx5_public_pinout_table.csv.",RETAIN. Do not ignore the ERC check; do not move public pin coordinates.,/,artifacts/supervisor_ready_eda/kicad/handheld_hybrid/erc.json,warning
W0296,handheld_hybrid,ERC,isolated_pin_label,Label connected to only one pin :: Global Label 'SOM_BT_WAKE_HOST_H',ACCEPTED_BY_DESIGN,Named PUBLIC_PINOUT SoM net (radxa_nx5_public_pinout_table.csv) on one SODIMM pin. Far-end connectors are PERIPH placeholders without per-pin symbols; adding a fake second pin would invent routing.,RETAIN. Digital package records named public nets; do not short distinct SoM pins.,/,artifacts/supervisor_ready_eda/kicad/handheld_hybrid/erc.json,warning
W0297,handheld_hybrid,ERC,endpoint_off_grid,"Symbol pin or wire end off connection grid :: Horizontal Wire, length 0.0254 mm",ACCEPTED_BY_DESIGN,"KiCad connection-grid residual. ERC text 'length 0.0254 mm' is the 1 mil off-grid error (JSON), not a stub: all schematic wires measure 2.54 mm. Public NX5/SODIMM pin coordinates are not on the default 50 mil grid; snapping would distort radxa_nx5_public_pinout_table.csv.",RETAIN. Do not ignore the ERC check; do not move public pin coordinates.,/,artifacts/supervisor_ready_eda/kicad/handheld_hybrid/erc.json,warning
W0298,handheld_hybrid,ERC,isolated_pin_label,Label connected to only one pin :: Global Label 'SOM_RTC_INT_L',ACCEPTED_BY_DESIGN,Named PUBLIC_PINOUT SoM net (radxa_nx5_public_pinout_table.csv) on one SODIMM pin. Far-end connectors are PERIPH placeholders without per-pin symbols; adding a fake second pin would invent routing.,RETAIN. Digital package records named public nets; do not short distinct SoM pins.,/,artifacts/supervisor_ready_eda/kicad/handheld_hybrid/erc.json,warning
W0299,handheld_hybrid,ERC,endpoint_off_grid,"Symbol pin or wire end off connection grid :: Symbol JS_RTC Pin 218 [RTC_INT_L, Passive, Line]",ACCEPTED_BY_DESIGN,"KiCad connection-grid residual. ERC text 'length 0.0254 mm' is the 1 mil off-grid error (JSON), not a stub: all schematic wires measure 2.54 mm. Public NX5/SODIMM pin coordinates are not on the default 50 mil grid; snapping would distort radxa_nx5_public_pinout_table.csv.",RETAIN. Do not ignore the ERC check; do not move public pin coordinates.,/,artifacts/supervisor_ready_eda/kicad/handheld_hybrid/erc.json,warning
W0300,handheld_hybrid,ERC,lib_symbol_issues,The current configuration does not include the symbol library '' :: Symbol JS_RTC [SODIMM_RTC],ACCEPTED_BY_DESIGN,KiCad parses embedded lib_id 'USB_C' as library ''. Prefixing to gunnchos: plus an extracted .kicad_sym made kicad-cli 10.0.5 fail schematic load. Embedded lib_symbols remain the in-tree source. Warning retained rather than breaking ERC.,RETAIN. Do not invent a pin-accurate symbol library. Do not add ERC ignore keys.,/,artifacts/supervisor_ready_eda/kicad/handheld_hybrid/erc.json,warning
W0301,handheld_hybrid,ERC,endpoint_off_grid,"Symbol pin or wire end off connection grid :: Horizontal Wire, length 0.0254 mm",ACCEPTED_BY_DESIGN,"KiCad connection-grid residual. ERC text 'length 0.0254 mm' is the 1 mil off-grid error (JSON), not a stub: all schematic wires measure 2.54 mm. Public NX5/SODIMM pin coordinates are not on the default 50 mil grid; snapping would distort radxa_nx5_public_pinout_table.csv.",RETAIN. Do not ignore the ERC check; do not move public pin coordinates.,/,artifacts/supervisor_ready_eda/kicad/handheld_hybrid/erc.json,warning
W0302,handheld_hybrid,ERC,endpoint_off_grid,"Symbol pin or wire end off connection grid :: Horizontal Wire, length 0.0254 mm",ACCEPTED_BY_DESIGN,"KiCad connection-grid residual. ERC text 'length 0.0254 mm' is the 1 mil off-grid error (JSON), not a stub: all schematic wires measure 2.54 mm. Public NX5/SODIMM pin coordinates are not on the default 50 mil grid; snapping would distort radxa_nx5_public_pinout_table.csv.",RETAIN. Do not ignore the ERC check; do not move public pin coordinates.,/,artifacts/supervisor_ready_eda/kicad/handheld_hybrid/erc.json,warning
W0303,handheld_hybrid,ERC,endpoint_off_grid,"Symbol pin or wire end off connection grid :: Horizontal Wire, length 0.0254 mm",ACCEPTED_BY_DESIGN,"KiCad connection-grid residual. ERC text 'length 0.0254 mm' is the 1 mil off-grid error (JSON), not a stub: all schematic wires measure 2.54 mm. Public NX5/SODIMM pin coordinates are not on the default 50 mil grid; snapping would distort radxa_nx5_public_pinout_table.csv.",RETAIN. Do not ignore the ERC check; do not move public pin coordinates.,/,artifacts/supervisor_ready_eda/kicad/handheld_hybrid/erc.json,warning
W0304,handheld_hybrid,ERC,endpoint_off_grid,"Symbol pin or wire end off connection grid :: Horizontal Wire, length 0.0254 mm",ACCEPTED_BY_DESIGN,"KiCad connection-grid residual. ERC text 'length 0.0254 mm' is the 1 mil off-grid error (JSON), not a stub: all schematic wires measure 2.54 mm. Public NX5/SODIMM pin coordinates are not on the default 50 mil grid; snapping would distort radxa_nx5_public_pinout_table.csv.",RETAIN. Do not ignore the ERC check; do not move public pin coordinates.,/,artifacts/supervisor_ready_eda/kicad/handheld_hybrid/erc.json,warning
W0305,handheld_hybrid,ERC,endpoint_off_grid,"Symbol pin or wire end off connection grid :: Horizontal Wire, length 0.0254 mm",ACCEPTED_BY_DESIGN,"KiCad connection-grid residual. ERC text 'length 0.0254 mm' is the 1 mil off-grid error (JSON), not a stub: all schematic wires measure 2.54 mm. Public NX5/SODIMM pin coordinates are not on the default 50 mil grid; snapping would distort radxa_nx5_public_pinout_table.csv.",RETAIN. Do not ignore the ERC check; do not move public pin coordinates.,/,artifacts/supervisor_ready_eda/kicad/handheld_hybrid/erc.json,warning
W0306,handheld_hybrid,ERC,endpoint_off_grid,"Symbol pin or wire end off connection grid :: Horizontal Wire, length 0.0254 mm",ACCEPTED_BY_DESIGN,"KiCad connection-grid residual. ERC text 'length 0.0254 mm' is the 1 mil off-grid error (JSON), not a stub: all schematic wires measure 2.54 mm. Public NX5/SODIMM pin coordinates are not on the default 50 mil grid; snapping would distort radxa_nx5_public_pinout_table.csv.",RETAIN. Do not ignore the ERC check; do not move public pin coordinates.,/,artifacts/supervisor_ready_eda/kicad/handheld_hybrid/erc.json,warning
W0307,handheld_hybrid,ERC,endpoint_off_grid,"Symbol pin or wire end off connection grid :: Horizontal Wire, length 0.0254 mm",ACCEPTED_BY_DESIGN,"KiCad connection-grid residual. ERC text 'length 0.0254 mm' is the 1 mil off-grid error (JSON), not a stub: all schematic wires measure 2.54 mm. Public NX5/SODIMM pin coordinates are not on the default 50 mil grid; snapping would distort radxa_nx5_public_pinout_table.csv.",RETAIN. Do not ignore the ERC check; do not move public pin coordinates.,/,artifacts/supervisor_ready_eda/kicad/handheld_hybrid/erc.json,warning
W0308,handheld_hybrid,ERC,endpoint_off_grid,"Symbol pin or wire end off connection grid :: Horizontal Wire, length 0.0254 mm",ACCEPTED_BY_DESIGN,"KiCad connection-grid residual. ERC text 'length 0.0254 mm' is the 1 mil off-grid error (JSON), not a stub: all schematic wires measure 2.54 mm. Public NX5/SODIMM pin coordinates are not on the default 50 mil grid; snapping would distort radxa_nx5_public_pinout_table.csv.",RETAIN. Do not ignore the ERC check; do not move public pin coordinates.,/,artifacts/supervisor_ready_eda/kicad/handheld_hybrid/erc.json,warning
W0309,handheld_hybrid,ERC,endpoint_off_grid,"Symbol pin or wire end off connection grid :: Horizontal Wire, length 0.0254 mm",ACCEPTED_BY_DESIGN,"KiCad connection-grid residual. ERC text 'length 0.0254 mm' is the 1 mil off-grid error (JSON), not a stub: all schematic wires measure 2.54 mm. Public NX5/SODIMM pin coordinates are not on the default 50 mil grid; snapping would distort radxa_nx5_public_pinout_table.csv.",RETAIN. Do not ignore the ERC check; do not move public pin coordinates.,/,artifacts/supervisor_ready_eda/kicad/handheld_hybrid/erc.json,warning
W0310,handheld_hybrid,ERC,endpoint_off_grid,"Symbol pin or wire end off connection grid :: Horizontal Wire, length 0.0254 mm",ACCEPTED_BY_DESIGN,"KiCad connection-grid residual. ERC text 'length 0.0254 mm' is the 1 mil off-grid error (JSON), not a stub: all schematic wires measure 2.54 mm. Public NX5/SODIMM pin coordinates are not on the default 50 mil grid; snapping would distort radxa_nx5_public_pinout_table.csv.",RETAIN. Do not ignore the ERC check; do not move public pin coordinates.,/,artifacts/supervisor_ready_eda/kicad/handheld_hybrid/erc.json,warning
W0311,handheld_hybrid,ERC,endpoint_off_grid,"Symbol pin or wire end off connection grid :: Horizontal Wire, length 0.0254 mm",ACCEPTED_BY_DESIGN,"KiCad connection-grid residual. ERC text 'length 0.0254 mm' is the 1 mil off-grid error (JSON), not a stub: all schematic wires measure 2.54 mm. Public NX5/SODIMM pin coordinates are not on the default 50 mil grid; snapping would distort radxa_nx5_public_pinout_table.csv.",RETAIN. Do not ignore the ERC check; do not move public pin coordinates.,/,artifacts/supervisor_ready_eda/kicad/handheld_hybrid/erc.json,warning
W0312,handheld_hybrid,ERC,endpoint_off_grid,"Symbol pin or wire end off connection grid :: Horizontal Wire, length 0.0254 mm",ACCEPTED_BY_DESIGN,"KiCad connection-grid residual. ERC text 'length 0.0254 mm' is the 1 mil off-grid error (JSON), not a stub: all schematic wires measure 2.54 mm. Public NX5/SODIMM pin coordinates are not on the default 50 mil grid; snapping would distort radxa_nx5_public_pinout_table.csv.",RETAIN. Do not ignore the ERC check; do not move public pin coordinates.,/,artifacts/supervisor_ready_eda/kicad/handheld_hybrid/erc.json,warning
W0313,handheld_hybrid,ERC,endpoint_off_grid,"Symbol pin or wire end off connection grid :: Horizontal Wire, length 0.0254 mm",ACCEPTED_BY_DESIGN,"KiCad connection-grid residual. ERC text 'length 0.0254 mm' is the 1 mil off-grid error (JSON), not a stub: all schematic wires measure 2.54 mm. Public NX5/SODIMM pin coordinates are not on the default 50 mil grid; snapping would distort radxa_nx5_public_pinout_table.csv.",RETAIN. Do not ignore the ERC check; do not move public pin coordinates.,/,artifacts/supervisor_ready_eda/kicad/handheld_hybrid/erc.json,warning
W0314,handheld_hybrid,ERC,endpoint_off_grid,"Symbol pin or wire end off connection grid :: Horizontal Wire, length 0.0254 mm",ACCEPTED_BY_DESIGN,"KiCad connection-grid residual. ERC text 'length 0.0254 mm' is the 1 mil off-grid error (JSON), not a stub: all schematic wires measure 2.54 mm. Public NX5/SODIMM pin coordinates are not on the default 50 mil grid; snapping would distort radxa_nx5_public_pinout_table.csv.",RETAIN. Do not ignore the ERC check; do not move public pin coordinates.,/,artifacts/supervisor_ready_eda/kicad/handheld_hybrid/erc.json,warning
W0315,handheld_hybrid,ERC,endpoint_off_grid,"Symbol pin or wire end off connection grid :: Horizontal Wire, length 0.0254 mm",ACCEPTED_BY_DESIGN,"KiCad connection-grid residual. ERC text 'length 0.0254 mm' is the 1 mil off-grid error (JSON), not a stub: all schematic wires measure 2.54 mm. Public NX5/SODIMM pin coordinates are not on the default 50 mil grid; snapping would distort radxa_nx5_public_pinout_table.csv.",RETAIN. Do not ignore the ERC check; do not move public pin coordinates.,/,artifacts/supervisor_ready_eda/kicad/handheld_hybrid/erc.json,warning
W0316,handheld_hybrid,ERC,endpoint_off_grid,"Symbol pin or wire end off connection grid :: Horizontal Wire, length 0.0254 mm",ACCEPTED_BY_DESIGN,"KiCad connection-grid residual. ERC text 'length 0.0254 mm' is the 1 mil off-grid error (JSON), not a stub: all schematic wires measure 2.54 mm. Public NX5/SODIMM pin coordinates are not on the default 50 mil grid; snapping would distort radxa_nx5_public_pinout_table.csv.",RETAIN. Do not ignore the ERC check; do not move public pin coordinates.,/,artifacts/supervisor_ready_eda/kicad/handheld_hybrid/erc.json,warning
W0317,handheld_hybrid,ERC,endpoint_off_grid,"Symbol pin or wire end off connection grid :: Vertical Wire, length 0.0254 mm",ACCEPTED_BY_DESIGN,"KiCad connection-grid residual. ERC text 'length 0.0254 mm' is the 1 mil off-grid error (JSON), not a stub: all schematic wires measure 2.54 mm. Public NX5/SODIMM pin coordinates are not on the default 50 mil grid; snapping would distort radxa_nx5_public_pinout_table.csv.",RETAIN. Do not ignore the ERC check; do not move public pin coordinates.,/,artifacts/supervisor_ready_eda/kicad/handheld_hybrid/erc.json,warning
W0318,handheld_hybrid,ERC,endpoint_off_grid,"Symbol pin or wire end off connection grid :: Symbol JS_GND Pin 1 [GND, Passive, Line]",ACCEPTED_BY_DESIGN,"KiCad connection-grid residual. ERC text 'length 0.0254 mm' is the 1 mil off-grid error (JSON), not a stub: all schematic wires measure 2.54 mm. Public NX5/SODIMM pin coordinates are not on the default 50 mil grid; snapping would distort radxa_nx5_public_pinout_table.csv.",RETAIN. Do not ignore the ERC check; do not move public pin coordinates.,/,artifacts/supervisor_ready_eda/kicad/handheld_hybrid/erc.json,warning
W0319,handheld_hybrid,ERC,endpoint_off_grid,"Symbol pin or wire end off connection grid :: Vertical Wire, length 0.0254 mm",ACCEPTED_BY_DESIGN,"KiCad connection-grid residual. ERC text 'length 0.0254 mm' is the 1 mil off-grid error (JSON), not a stub: all schematic wires measure 2.54 mm. Public NX5/SODIMM pin coordinates are not on the default 50 mil grid; snapping would distort radxa_nx5_public_pinout_table.csv.",RETAIN. Do not ignore the ERC check; do not move public pin coordinates.,/,artifacts/supervisor_ready_eda/kicad/handheld_hybrid/erc.json,warning
W0320,handheld_hybrid,ERC,endpoint_off_grid,"Symbol pin or wire end off connection grid :: Vertical Wire, length 0.0254 mm",ACCEPTED_BY_DESIGN,"KiCad connection-grid residual. ERC text 'length 0.0254 mm' is the 1 mil off-grid error (JSON), not a stub: all schematic wires measure 2.54 mm. Public NX5/SODIMM pin coordinates are not on the default 50 mil grid; snapping would distort radxa_nx5_public_pinout_table.csv.",RETAIN. Do not ignore the ERC check; do not move public pin coordinates.,/,artifacts/supervisor_ready_eda/kicad/handheld_hybrid/erc.json,warning
W0321,handheld_hybrid,ERC,endpoint_off_grid,"Symbol pin or wire end off connection grid :: Vertical Wire, length 0.0254 mm",ACCEPTED_BY_DESIGN,"KiCad connection-grid residual. ERC text 'length 0.0254 mm' is the 1 mil off-grid error (JSON), not a stub: all schematic wires measure 2.54 mm. Public NX5/SODIMM pin coordinates are not on the default 50 mil grid; snapping would distort radxa_nx5_public_pinout_table.csv.",RETAIN. Do not ignore the ERC check; do not move public pin coordinates.,/,artifacts/supervisor_ready_eda/kicad/handheld_hybrid/erc.json,warning
W0322,handheld_hybrid,ERC,endpoint_off_grid,"Symbol pin or wire end off connection grid :: Vertical Wire, length 0.0254 mm",ACCEPTED_BY_DESIGN,"KiCad connection-grid residual. ERC text 'length 0.0254 mm' is the 1 mil off-grid error (JSON), not a stub: all schematic wires measure 2.54 mm. Public NX5/SODIMM pin coordinates are not on the default 50 mil grid; snapping would distort radxa_nx5_public_pinout_table.csv.",RETAIN. Do not ignore the ERC check; do not move public pin coordinates.,/,artifacts/supervisor_ready_eda/kicad/handheld_hybrid/erc.json,warning
W0323,handheld_hybrid,ERC,endpoint_off_grid,"Symbol pin or wire end off connection grid :: Vertical Wire, length 0.0254 mm",ACCEPTED_BY_DESIGN,"KiCad connection-grid residual. ERC text 'length 0.0254 mm' is the 1 mil off-grid error (JSON), not a stub: all schematic wires measure 2.54 mm. Public NX5/SODIMM pin coordinates are not on the default 50 mil grid; snapping would distort radxa_nx5_public_pinout_table.csv.",RETAIN. Do not ignore the ERC check; do not move public pin coordinates.,/,artifacts/supervisor_ready_eda/kicad/handheld_hybrid/erc.json,warning
W0324,handheld_hybrid,ERC,endpoint_off_grid,"Symbol pin or wire end off connection grid :: Vertical Wire, length 0.0254 mm",ACCEPTED_BY_DESIGN,"KiCad connection-grid residual. ERC text 'length 0.0254 mm' is the 1 mil off-grid error (JSON), not a stub: all schematic wires measure 2.54 mm. Public NX5/SODIMM pin coordinates are not on the default 50 mil grid; snapping would distort radxa_nx5_public_pinout_table.csv.",RETAIN. Do not ignore the ERC check; do not move public pin coordinates.,/,artifacts/supervisor_ready_eda/kicad/handheld_hybrid/erc.json,warning
W0325,handheld_hybrid,ERC,endpoint_off_grid,"Symbol pin or wire end off connection grid :: Vertical Wire, length 0.0254 mm",ACCEPTED_BY_DESIGN,"KiCad connection-grid residual. ERC text 'length 0.0254 mm' is the 1 mil off-grid error (JSON), not a stub: all schematic wires measure 2.54 mm. Public NX5/SODIMM pin coordinates are not on the default 50 mil grid; snapping would distort radxa_nx5_public_pinout_table.csv.",RETAIN. Do not ignore the ERC check; do not move public pin coordinates.,/,artifacts/supervisor_ready_eda/kicad/handheld_hybrid/erc.json,warning
W0326,handheld_hybrid,ERC,endpoint_off_grid,"Symbol pin or wire end off connection grid :: Vertical Wire, length 0.0254 mm",ACCEPTED_BY_DESIGN,"KiCad connection-grid residual. ERC text 'length 0.0254 mm' is the 1 mil off-grid error (JSON), not a stub: all schematic wires measure 2.54 mm. Public NX5/SODIMM pin coordinates are not on the default 50 mil grid; snapping would distort radxa_nx5_public_pinout_table.csv.",RETAIN. Do not ignore the ERC check; do not move public pin coordinates.,/,artifacts/supervisor_ready_eda/kicad/handheld_hybrid/erc.json,warning
W0327,handheld_hybrid,ERC,endpoint_off_grid,"Symbol pin or wire end off connection grid :: Vertical Wire, length 0.0254 mm",ACCEPTED_BY_DESIGN,"KiCad connection-grid residual. ERC text 'length 0.0254 mm' is the 1 mil off-grid error (JSON), not a stub: all schematic wires measure 2.54 mm. Public NX5/SODIMM pin coordinates are not on the default 50 mil grid; snapping would distort radxa_nx5_public_pinout_table.csv.",RETAIN. Do not ignore the ERC check; do not move public pin coordinates.,/,artifacts/supervisor_ready_eda/kicad/handheld_hybrid/erc.json,warning
W0328,handheld_hybrid,ERC,endpoint_off_grid,"Symbol pin or wire end off connection grid :: Vertical Wire, length 0.0254 mm",ACCEPTED_BY_DESIGN,"KiCad connection-grid residual. ERC text 'length 0.0254 mm' is the 1 mil off-grid error (JSON), not a stub: all schematic wires measure 2.54 mm. Public NX5/SODIMM pin coordinates are not on the default 50 mil grid; snapping would distort radxa_nx5_public_pinout_table.csv.",RETAIN. Do not ignore the ERC check; do not move public pin coordinates.,/,artifacts/supervisor_ready_eda/kicad/handheld_hybrid/erc.json,warning
W0329,handheld_hybrid,ERC,endpoint_off_grid,"Symbol pin or wire end off connection grid :: Vertical Wire, length 0.0254 mm",ACCEPTED_BY_DESIGN,"KiCad connection-grid residual. ERC text 'length 0.0254 mm' is the 1 mil off-grid error (JSON), not a stub: all schematic wires measure 2.54 mm. Public NX5/SODIMM pin coordinates are not on the default 50 mil grid; snapping would distort radxa_nx5_public_pinout_table.csv.",RETAIN. Do not ignore the ERC check; do not move public pin coordinates.,/,artifacts/supervisor_ready_eda/kicad/handheld_hybrid/erc.json,warning
W0330,handheld_hybrid,ERC,endpoint_off_grid,"Symbol pin or wire end off connection grid :: Vertical Wire, length 0.0254 mm",ACCEPTED_BY_DESIGN,"KiCad connection-grid residual. ERC text 'length 0.0254 mm' is the 1 mil off-grid error (JSON), not a stub: all schematic wires measure 2.54 mm. Public NX5/SODIMM pin coordinates are not on the default 50 mil grid; snapping would distort radxa_nx5_public_pinout_table.csv.",RETAIN. Do not ignore the ERC check; do not move public pin coordinates.,/,artifacts/supervisor_ready_eda/kicad/handheld_hybrid/erc.json,warning
W0331,handheld_hybrid,ERC,endpoint_off_grid,"Symbol pin or wire end off connection grid :: Vertical Wire, length 0.0254 mm",ACCEPTED_BY_DESIGN,"KiCad connection-grid residual. ERC text 'length 0.0254 mm' is the 1 mil off-grid error (JSON), not a stub: all schematic wires measure 2.54 mm. Public NX5/SODIMM pin coordinates are not on the default 50 mil grid; snapping would distort radxa_nx5_public_pinout_table.csv.",RETAIN. Do not ignore the ERC check; do not move public pin coordinates.,/,artifacts/supervisor_ready_eda/kicad/handheld_hybrid/erc.json,warning
W0332,handheld_hybrid,ERC,endpoint_off_grid,"Symbol pin or wire end off connection grid :: Vertical Wire, length 0.0254 mm",ACCEPTED_BY_DESIGN,"KiCad connection-grid residual. ERC text 'length 0.0254 mm' is the 1 mil off-grid error (JSON), not a stub: all schematic wires measure 2.54 mm. Public NX5/SODIMM pin coordinates are not on the default 50 mil grid; snapping would distort radxa_nx5_public_pinout_table.csv.",RETAIN. Do not ignore the ERC check; do not move public pin coordinates.,/,artifacts/supervisor_ready_eda/kicad/handheld_hybrid/erc.json,warning
W0333,handheld_hybrid,ERC,endpoint_off_grid,"Symbol pin or wire end off connection grid :: Vertical Wire, length 0.0254 mm",ACCEPTED_BY_DESIGN,"KiCad connection-grid residual. ERC text 'length 0.0254 mm' is the 1 mil off-grid error (JSON), not a stub: all schematic wires measure 2.54 mm. Public NX5/SODIMM pin coordinates are not on the default 50 mil grid; snapping would distort radxa_nx5_public_pinout_table.csv.",RETAIN. Do not ignore the ERC check; do not move public pin coordinates.,/,artifacts/supervisor_ready_eda/kicad/handheld_hybrid/erc.json,warning
W0334,handheld_hybrid,ERC,endpoint_off_grid,"Symbol pin or wire end off connection grid :: Vertical Wire, length 0.0254 mm",ACCEPTED_BY_DESIGN,"KiCad connection-grid residual. ERC text 'length 0.0254 mm' is the 1 mil off-grid error (JSON), not a stub: all schematic wires measure 2.54 mm. Public NX5/SODIMM pin coordinates are not on the default 50 mil grid; snapping would distort radxa_nx5_public_pinout_table.csv.",RETAIN. Do not ignore the ERC check; do not move public pin coordinates.,/,artifacts/supervisor_ready_eda/kicad/handheld_hybrid/erc.json,warning
W0335,handheld_hybrid,ERC,endpoint_off_grid,"Symbol pin or wire end off connection grid :: Vertical Wire, length 0.0254 mm",ACCEPTED_BY_DESIGN,"KiCad connection-grid residual. ERC text 'length 0.0254 mm' is the 1 mil off-grid error (JSON), not a stub: all schematic wires measure 2.54 mm. Public NX5/SODIMM pin coordinates are not on the default 50 mil grid; snapping would distort radxa_nx5_public_pinout_table.csv.",RETAIN. Do not ignore the ERC check; do not move public pin coordinates.,/,artifacts/supervisor_ready_eda/kicad/handheld_hybrid/erc.json,warning
W0336,handheld_hybrid,ERC,lib_symbol_issues,The current configuration does not include the symbol library '' :: Symbol JS_GND [SODIMM_GND],ACCEPTED_BY_DESIGN,KiCad parses embedded lib_id 'USB_C' as library ''. Prefixing to gunnchos: plus an extracted .kicad_sym made kicad-cli 10.0.5 fail schematic load. Embedded lib_symbols remain the in-tree source. Warning retained rather than breaking ERC.,RETAIN. Do not invent a pin-accurate symbol library. Do not add ERC ignore keys.,/,artifacts/supervisor_ready_eda/kicad/handheld_hybrid/erc.json,warning
W0337,handheld_hybrid,ERC,endpoint_off_grid,"Symbol pin or wire end off connection grid :: Vertical Wire, length 0.0254 mm",ACCEPTED_BY_DESIGN,"KiCad connection-grid residual. ERC text 'length 0.0254 mm' is the 1 mil off-grid error (JSON), not a stub: all schematic wires measure 2.54 mm. Public NX5/SODIMM pin coordinates are not on the default 50 mil grid; snapping would distort radxa_nx5_public_pinout_table.csv.",RETAIN. Do not ignore the ERC check; do not move public pin coordinates.,/,artifacts/supervisor_ready_eda/kicad/handheld_hybrid/erc.json,warning
W0338,handheld_hybrid,ERC,endpoint_off_grid,"Symbol pin or wire end off connection grid :: Vertical Wire, length 0.0254 mm",ACCEPTED_BY_DESIGN,"KiCad connection-grid residual. ERC text 'length 0.0254 mm' is the 1 mil off-grid error (JSON), not a stub: all schematic wires measure 2.54 mm. Public NX5/SODIMM pin coordinates are not on the default 50 mil grid; snapping would distort radxa_nx5_public_pinout_table.csv.",RETAIN. Do not ignore the ERC check; do not move public pin coordinates.,/,artifacts/supervisor_ready_eda/kicad/handheld_hybrid/erc.json,warning
W0339,handheld_hybrid,ERC,endpoint_off_grid,"Symbol pin or wire end off connection grid :: Vertical Wire, length 0.0254 mm",ACCEPTED_BY_DESIGN,"KiCad connection-grid residual. ERC text 'length 0.0254 mm' is the 1 mil off-grid error (JSON), not a stub: all schematic wires measure 2.54 mm. Public NX5/SODIMM pin coordinates are not on the default 50 mil grid; snapping would distort radxa_nx5_public_pinout_table.csv.",RETAIN. Do not ignore the ERC check; do not move public pin coordinates.,/,artifacts/supervisor_ready_eda/kicad/handheld_hybrid/erc.json,warning
W0340,handheld_hybrid,ERC,endpoint_off_grid,"Symbol pin or wire end off connection grid :: Vertical Wire, length 0.0254 mm",ACCEPTED_BY_DESIGN,"KiCad connection-grid residual. ERC text 'length 0.0254 mm' is the 1 mil off-grid error (JSON), not a stub: all schematic wires measure 2.54 mm. Public NX5/SODIMM pin coordinates are not on the default 50 mil grid; snapping would distort radxa_nx5_public_pinout_table.csv.",RETAIN. Do not ignore the ERC check; do not move public pin coordinates.,/,artifacts/supervisor_ready_eda/kicad/handheld_hybrid/erc.json,warning
W0341,handheld_hybrid,ERC,endpoint_off_grid,"Symbol pin or wire end off connection grid :: Vertical Wire, length 0.0254 mm",ACCEPTED_BY_DESIGN,"KiCad connection-grid residual. ERC text 'length 0.0254 mm' is the 1 mil off-grid error (JSON), not a stub: all schematic wires measure 2.54 mm. Public NX5/SODIMM pin coordinates are not on the default 50 mil grid; snapping would distort radxa_nx5_public_pinout_table.csv.",RETAIN. Do not ignore the ERC check; do not move public pin coordinates.,/,artifacts/supervisor_ready_eda/kicad/handheld_hybrid/erc.json,warning
W0342,handheld_hybrid,ERC,endpoint_off_grid,"Symbol pin or wire end off connection grid :: Vertical Wire, length 0.0254 mm",ACCEPTED_BY_DESIGN,"KiCad connection-grid residual. ERC text 'length 0.0254 mm' is the 1 mil off-grid error (JSON), not a stub: all schematic wires measure 2.54 mm. Public NX5/SODIMM pin coordinates are not on the default 50 mil grid; snapping would distort radxa_nx5_public_pinout_table.csv.",RETAIN. Do not ignore the ERC check; do not move public pin coordinates.,/,artifacts/supervisor_ready_eda/kicad/handheld_hybrid/erc.json,warning
W0343,handheld_hybrid,ERC,endpoint_off_grid,"Symbol pin or wire end off connection grid :: Vertical Wire, length 0.0254 mm",ACCEPTED_BY_DESIGN,"KiCad connection-grid residual. ERC text 'length 0.0254 mm' is the 1 mil off-grid error (JSON), not a stub: all schematic wires measure 2.54 mm. Public NX5/SODIMM pin coordinates are not on the default 50 mil grid; snapping would distort radxa_nx5_public_pinout_table.csv.",RETAIN. Do not ignore the ERC check; do not move public pin coordinates.,/,artifacts/supervisor_ready_eda/kicad/handheld_hybrid/erc.json,warning
W0344,handheld_hybrid,ERC,endpoint_off_grid,"Symbol pin or wire end off connection grid :: Vertical Wire, length 0.0254 mm",ACCEPTED_BY_DESIGN,"KiCad connection-grid residual. ERC text 'length 0.0254 mm' is the 1 mil off-grid error (JSON), not a stub: all schematic wires measure 2.54 mm. Public NX5/SODIMM pin coordinates are not on the default 50 mil grid; snapping would distort radxa_nx5_public_pinout_table.csv.",RETAIN. Do not ignore the ERC check; do not move public pin coordinates.,/,artifacts/supervisor_ready_eda/kicad/handheld_hybrid/erc.json,warning
W0345,handheld_hybrid,ERC,endpoint_off_grid,"Symbol pin or wire end off connection grid :: Vertical Wire, length 0.0254 mm",ACCEPTED_BY_DESIGN,"KiCad connection-grid residual. ERC text 'length 0.0254 mm' is the 1 mil off-grid error (JSON), not a stub: all schematic wires measure 2.54 mm. Public NX5/SODIMM pin coordinates are not on the default 50 mil grid; snapping would distort radxa_nx5_public_pinout_table.csv.",RETAIN. Do not ignore the ERC check; do not move public pin coordinates.,/,artifacts/supervisor_ready_eda/kicad/handheld_hybrid/erc.json,warning
W0346,handheld_hybrid,ERC,endpoint_off_grid,"Symbol pin or wire end off connection grid :: Vertical Wire, length 0.0254 mm",ACCEPTED_BY_DESIGN,"KiCad connection-grid residual. ERC text 'length 0.0254 mm' is the 1 mil off-grid error (JSON), not a stub: all schematic wires measure 2.54 mm. Public NX5/SODIMM pin coordinates are not on the default 50 mil grid; snapping would distort radxa_nx5_public_pinout_table.csv.",RETAIN. Do not ignore the ERC check; do not move public pin coordinates.,/,artifacts/supervisor_ready_eda/kicad/handheld_hybrid/erc.json,warning
W0347,handheld_hybrid,ERC,endpoint_off_grid,"Symbol pin or wire end off connection grid :: Vertical Wire, length 0.0254 mm",ACCEPTED_BY_DESIGN,"KiCad connection-grid residual. ERC text 'length 0.0254 mm' is the 1 mil off-grid error (JSON), not a stub: all schematic wires measure 2.54 mm. Public NX5/SODIMM pin coordinates are not on the default 50 mil grid; snapping would distort radxa_nx5_public_pinout_table.csv.",RETAIN. Do not ignore the ERC check; do not move public pin coordinates.,/,artifacts/supervisor_ready_eda/kicad/handheld_hybrid/erc.json,warning
W0348,handheld_hybrid,ERC,endpoint_off_grid,"Symbol pin or wire end off connection grid :: Vertical Wire, length 0.0254 mm",ACCEPTED_BY_DESIGN,"KiCad connection-grid residual. ERC text 'length 0.0254 mm' is the 1 mil off-grid error (JSON), not a stub: all schematic wires measure 2.54 mm. Public NX5/SODIMM pin coordinates are not on the default 50 mil grid; snapping would distort radxa_nx5_public_pinout_table.csv.",RETAIN. Do not ignore the ERC check; do not move public pin coordinates.,/,artifacts/supervisor_ready_eda/kicad/handheld_hybrid/erc.json,warning
W0349,handheld_hybrid,ERC,endpoint_off_grid,"Symbol pin or wire end off connection grid :: Vertical Wire, length 0.0254 mm",ACCEPTED_BY_DESIGN,"KiCad connection-grid residual. ERC text 'length 0.0254 mm' is the 1 mil off-grid error (JSON), not a stub: all schematic wires measure 2.54 mm. Public NX5/SODIMM pin coordinates are not on the default 50 mil grid; snapping would distort radxa_nx5_public_pinout_table.csv.",RETAIN. Do not ignore the ERC check; do not move public pin coordinates.,/,artifacts/supervisor_ready_eda/kicad/handheld_hybrid/erc.json,warning
W0350,handheld_hybrid,ERC,endpoint_off_grid,"Symbol pin or wire end off connection grid :: Vertical Wire, length 0.0254 mm",ACCEPTED_BY_DESIGN,"KiCad connection-grid residual. ERC text 'length 0.0254 mm' is the 1 mil off-grid error (JSON), not a stub: all schematic wires measure 2.54 mm. Public NX5/SODIMM pin coordinates are not on the default 50 mil grid; snapping would distort radxa_nx5_public_pinout_table.csv.",RETAIN. Do not ignore the ERC check; do not move public pin coordinates.,/,artifacts/supervisor_ready_eda/kicad/handheld_hybrid/erc.json,warning
W0351,handheld_hybrid,ERC,endpoint_off_grid,"Symbol pin or wire end off connection grid :: Vertical Wire, length 0.0254 mm",ACCEPTED_BY_DESIGN,"KiCad connection-grid residual. ERC text 'length 0.0254 mm' is the 1 mil off-grid error (JSON), not a stub: all schematic wires measure 2.54 mm. Public NX5/SODIMM pin coordinates are not on the default 50 mil grid; snapping would distort radxa_nx5_public_pinout_table.csv.",RETAIN. Do not ignore the ERC check; do not move public pin coordinates.,/,artifacts/supervisor_ready_eda/kicad/handheld_hybrid/erc.json,warning
W0352,handheld_hybrid,ERC,endpoint_off_grid,"Symbol pin or wire end off connection grid :: Vertical Wire, length 0.0254 mm",ACCEPTED_BY_DESIGN,"KiCad connection-grid residual. ERC text 'length 0.0254 mm' is the 1 mil off-grid error (JSON), not a stub: all schematic wires measure 2.54 mm. Public NX5/SODIMM pin coordinates are not on the default 50 mil grid; snapping would distort radxa_nx5_public_pinout_table.csv.",RETAIN. Do not ignore the ERC check; do not move public pin coordinates.,/,artifacts/supervisor_ready_eda/kicad/handheld_hybrid/erc.json,warning
W0353,handheld_hybrid,ERC,endpoint_off_grid,"Symbol pin or wire end off connection grid :: Vertical Wire, length 0.0254 mm",ACCEPTED_BY_DESIGN,"KiCad connection-grid residual. ERC text 'length 0.0254 mm' is the 1 mil off-grid error (JSON), not a stub: all schematic wires measure 2.54 mm. Public NX5/SODIMM pin coordinates are not on the default 50 mil grid; snapping would distort radxa_nx5_public_pinout_table.csv.",RETAIN. Do not ignore the ERC check; do not move public pin coordinates.,/,artifacts/supervisor_ready_eda/kicad/handheld_hybrid/erc.json,warning
W0354,handheld_hybrid,ERC,endpoint_off_grid,"Symbol pin or wire end off connection grid :: Vertical Wire, length 0.0254 mm",ACCEPTED_BY_DESIGN,"KiCad connection-grid residual. ERC text 'length 0.0254 mm' is the 1 mil off-grid error (JSON), not a stub: all schematic wires measure 2.54 mm. Public NX5/SODIMM pin coordinates are not on the default 50 mil grid; snapping would distort radxa_nx5_public_pinout_table.csv.",RETAIN. Do not ignore the ERC check; do not move public pin coordinates.,/,artifacts/supervisor_ready_eda/kicad/handheld_hybrid/erc.json,warning
W0355,handheld_hybrid,ERC,endpoint_off_grid,"Symbol pin or wire end off connection grid :: Horizontal Wire, length 0.0254 mm",ACCEPTED_BY_DESIGN,"KiCad connection-grid residual. ERC text 'length 0.0254 mm' is the 1 mil off-grid error (JSON), not a stub: all schematic wires measure 2.54 mm. Public NX5/SODIMM pin coordinates are not on the default 50 mil grid; snapping would distort radxa_nx5_public_pinout_table.csv.",RETAIN. Do not ignore the ERC check; do not move public pin coordinates.,/,artifacts/supervisor_ready_eda/kicad/handheld_hybrid/erc.json,warning
W0356,handheld_hybrid,ERC,endpoint_off_grid,"Symbol pin or wire end off connection grid :: Horizontal Wire, length 0.0254 mm",ACCEPTED_BY_DESIGN,"KiCad connection-grid residual. ERC text 'length 0.0254 mm' is the 1 mil off-grid error (JSON), not a stub: all schematic wires measure 2.54 mm. Public NX5/SODIMM pin coordinates are not on the default 50 mil grid; snapping would distort radxa_nx5_public_pinout_table.csv.",RETAIN. Do not ignore the ERC check; do not move public pin coordinates.,/,artifacts/supervisor_ready_eda/kicad/handheld_hybrid/erc.json,warning
W0357,handheld_hybrid,ERC,endpoint_off_grid,"Symbol pin or wire end off connection grid :: Horizontal Wire, length 0.0254 mm",ACCEPTED_BY_DESIGN,"KiCad connection-grid residual. ERC text 'length 0.0254 mm' is the 1 mil off-grid error (JSON), not a stub: all schematic wires measure 2.54 mm. Public NX5/SODIMM pin coordinates are not on the default 50 mil grid; snapping would distort radxa_nx5_public_pinout_table.csv.",RETAIN. Do not ignore the ERC check; do not move public pin coordinates.,/,artifacts/supervisor_ready_eda/kicad/handheld_hybrid/erc.json,warning
W0358,handheld_hybrid,ERC,endpoint_off_grid,"Symbol pin or wire end off connection grid :: Horizontal Wire, length 0.0254 mm",ACCEPTED_BY_DESIGN,"KiCad connection-grid residual. ERC text 'length 0.0254 mm' is the 1 mil off-grid error (JSON), not a stub: all schematic wires measure 2.54 mm. Public NX5/SODIMM pin coordinates are not on the default 50 mil grid; snapping would distort radxa_nx5_public_pinout_table.csv.",RETAIN. Do not ignore the ERC check; do not move public pin coordinates.,/,artifacts/supervisor_ready_eda/kicad/handheld_hybrid/erc.json,warning
W0359,handheld_hybrid,ERC,endpoint_off_grid,"Symbol pin or wire end off connection grid :: Horizontal Wire, length 0.0254 mm",ACCEPTED_BY_DESIGN,"KiCad connection-grid residual. ERC text 'length 0.0254 mm' is the 1 mil off-grid error (JSON), not a stub: all schematic wires measure 2.54 mm. Public NX5/SODIMM pin coordinates are not on the default 50 mil grid; snapping would distort radxa_nx5_public_pinout_table.csv.",RETAIN. Do not ignore the ERC check; do not move public pin coordinates.,/,artifacts/supervisor_ready_eda/kicad/handheld_hybrid/erc.json,warning
W0360,handheld_hybrid,ERC,endpoint_off_grid,"Symbol pin or wire end off connection grid :: Horizontal Wire, length 0.0254 mm",ACCEPTED_BY_DESIGN,"KiCad connection-grid residual. ERC text 'length 0.0254 mm' is the 1 mil off-grid error (JSON), not a stub: all schematic wires measure 2.54 mm. Public NX5/SODIMM pin coordinates are not on the default 50 mil grid; snapping would distort radxa_nx5_public_pinout_table.csv.",RETAIN. Do not ignore the ERC check; do not move public pin coordinates.,/,artifacts/supervisor_ready_eda/kicad/handheld_hybrid/erc.json,warning
W0361,handheld_hybrid,ERC,endpoint_off_grid,"Symbol pin or wire end off connection grid :: Horizontal Wire, length 0.0254 mm",ACCEPTED_BY_DESIGN,"KiCad connection-grid residual. ERC text 'length 0.0254 mm' is the 1 mil off-grid error (JSON), not a stub: all schematic wires measure 2.54 mm. Public NX5/SODIMM pin coordinates are not on the default 50 mil grid; snapping would distort radxa_nx5_public_pinout_table.csv.",RETAIN. Do not ignore the ERC check; do not move public pin coordinates.,/,artifacts/supervisor_ready_eda/kicad/handheld_hybrid/erc.json,warning
W0362,handheld_hybrid,ERC,endpoint_off_grid,"Symbol pin or wire end off connection grid :: Horizontal Wire, length 0.0254 mm",ACCEPTED_BY_DESIGN,"KiCad connection-grid residual. ERC text 'length 0.0254 mm' is the 1 mil off-grid error (JSON), not a stub: all schematic wires measure 2.54 mm. Public NX5/SODIMM pin coordinates are not on the default 50 mil grid; snapping would distort radxa_nx5_public_pinout_table.csv.",RETAIN. Do not ignore the ERC check; do not move public pin coordinates.,/,artifacts/supervisor_ready_eda/kicad/handheld_hybrid/erc.json,warning
W0363,handheld_hybrid,ERC,endpoint_off_grid,"Symbol pin or wire end off connection grid :: Horizontal Wire, length 0.0254 mm",ACCEPTED_BY_DESIGN,"KiCad connection-grid residual. ERC text 'length 0.0254 mm' is the 1 mil off-grid error (JSON), not a stub: all schematic wires measure 2.54 mm. Public NX5/SODIMM pin coordinates are not on the default 50 mil grid; snapping would distort radxa_nx5_public_pinout_table.csv.",RETAIN. Do not ignore the ERC check; do not move public pin coordinates.,/,artifacts/supervisor_ready_eda/kicad/handheld_hybrid/erc.json,warning
W0364,handheld_hybrid,ERC,endpoint_off_grid,"Symbol pin or wire end off connection grid :: Horizontal Wire, length 0.0254 mm",ACCEPTED_BY_DESIGN,"KiCad connection-grid residual. ERC text 'length 0.0254 mm' is the 1 mil off-grid error (JSON), not a stub: all schematic wires measure 2.54 mm. Public NX5/SODIMM pin coordinates are not on the default 50 mil grid; snapping would distort radxa_nx5_public_pinout_table.csv.",RETAIN. Do not ignore the ERC check; do not move public pin coordinates.,/,artifacts/supervisor_ready_eda/kicad/handheld_hybrid/erc.json,warning
W0365,handheld_hybrid,ERC,endpoint_off_grid,"Symbol pin or wire end off connection grid :: Horizontal Wire, length 0.0254 mm",ACCEPTED_BY_DESIGN,"KiCad connection-grid residual. ERC text 'length 0.0254 mm' is the 1 mil off-grid error (JSON), not a stub: all schematic wires measure 2.54 mm. Public NX5/SODIMM pin coordinates are not on the default 50 mil grid; snapping would distort radxa_nx5_public_pinout_table.csv.",RETAIN. Do not ignore the ERC check; do not move public pin coordinates.,/,artifacts/supervisor_ready_eda/kicad/handheld_hybrid/erc.json,warning
W0366,handheld_hybrid,ERC,endpoint_off_grid,"Symbol pin or wire end off connection grid :: Horizontal Wire, length 0.0254 mm",ACCEPTED_BY_DESIGN,"KiCad connection-grid residual. ERC text 'length 0.0254 mm' is the 1 mil off-grid error (JSON), not a stub: all schematic wires measure 2.54 mm. Public NX5/SODIMM pin coordinates are not on the default 50 mil grid; snapping would distort radxa_nx5_public_pinout_table.csv.",RETAIN. Do not ignore the ERC check; do not move public pin coordinates.,/,artifacts/supervisor_ready_eda/kicad/handheld_hybrid/erc.json,warning
W0367,handheld_hybrid,ERC,endpoint_off_grid,"Symbol pin or wire end off connection grid :: Horizontal Wire, length 0.0254 mm",ACCEPTED_BY_DESIGN,"KiCad connection-grid residual. ERC text 'length 0.0254 mm' is the 1 mil off-grid error (JSON), not a stub: all schematic wires measure 2.54 mm. Public NX5/SODIMM pin coordinates are not on the default 50 mil grid; snapping would distort radxa_nx5_public_pinout_table.csv.",RETAIN. Do not ignore the ERC check; do not move public pin coordinates.,/,artifacts/supervisor_ready_eda/kicad/handheld_hybrid/erc.json,warning
W0368,handheld_hybrid,ERC,endpoint_off_grid,"Symbol pin or wire end off connection grid :: Horizontal Wire, length 0.0254 mm",ACCEPTED_BY_DESIGN,"KiCad connection-grid residual. ERC text 'length 0.0254 mm' is the 1 mil off-grid error (JSON), not a stub: all schematic wires measure 2.54 mm. Public NX5/SODIMM pin coordinates are not on the default 50 mil grid; snapping would distort radxa_nx5_public_pinout_table.csv.",RETAIN. Do not ignore the ERC check; do not move public pin coordinates.,/,artifacts/supervisor_ready_eda/kicad/handheld_hybrid/erc.json,warning
W0369,handheld_hybrid,ERC,endpoint_off_grid,"Symbol pin or wire end off connection grid :: Horizontal Wire, length 0.0254 mm",ACCEPTED_BY_DESIGN,"KiCad connection-grid residual. ERC text 'length 0.0254 mm' is the 1 mil off-grid error (JSON), not a stub: all schematic wires measure 2.54 mm. Public NX5/SODIMM pin coordinates are not on the default 50 mil grid; snapping would distort radxa_nx5_public_pinout_table.csv.",RETAIN. Do not ignore the ERC check; do not move public pin coordinates.,/,artifacts/supervisor_ready_eda/kicad/handheld_hybrid/erc.json,warning
W0370,handheld_hybrid,ERC,endpoint_off_grid,"Symbol pin or wire end off connection grid :: Horizontal Wire, length 0.0254 mm",ACCEPTED_BY_DESIGN,"KiCad connection-grid residual. ERC text 'length 0.0254 mm' is the 1 mil off-grid error (JSON), not a stub: all schematic wires measure 2.54 mm. Public NX5/SODIMM pin coordinates are not on the default 50 mil grid; snapping would distort radxa_nx5_public_pinout_table.csv.",RETAIN. Do not ignore the ERC check; do not move public pin coordinates.,/,artifacts/supervisor_ready_eda/kicad/handheld_hybrid/erc.json,warning
W0371,handheld_hybrid,ERC,isolated_pin_label,Label connected to only one pin :: Global Label 'SOM_LCD_RESET_L',ACCEPTED_BY_DESIGN,Named PUBLIC_PINOUT SoM net (radxa_nx5_public_pinout_table.csv) on one SODIMM pin. Far-end connectors are PERIPH placeholders without per-pin symbols; adding a fake second pin would invent routing.,RETAIN. Digital package records named public nets; do not short distinct SoM pins.,/,artifacts/supervisor_ready_eda/kicad/handheld_hybrid/erc.json,warning
W0372,handheld_hybrid,ERC,endpoint_off_grid,"Symbol pin or wire end off connection grid :: Symbol JS_DISPLAY_CT Pin 126 [LCD_RESET_L, Passive, Line]",ACCEPTED_BY_DESIGN,"KiCad connection-grid residual. ERC text 'length 0.0254 mm' is the 1 mil off-grid error (JSON), not a stub: all schematic wires measure 2.54 mm. Public NX5/SODIMM pin coordinates are not on the default 50 mil grid; snapping would distort radxa_nx5_public_pinout_table.csv.",RETAIN. Do not ignore the ERC check; do not move public pin coordinates.,/,artifacts/supervisor_ready_eda/kicad/handheld_hybrid/erc.json,warning
W0373,handheld_hybrid,ERC,lib_symbol_issues,The current configuration does not include the symbol library '' :: Symbol JS_DISPLAY_CT [SODIMM_DISPLAY_CTRL],ACCEPTED_BY_DESIGN,KiCad parses embedded lib_id 'USB_C' as library ''. Prefixing to gunnchos: plus an extracted .kicad_sym made kicad-cli 10.0.5 fail schematic load. Embedded lib_symbols remain the in-tree source. Warning retained rather than breaking ERC.,RETAIN. Do not invent a pin-accurate symbol library. Do not add ERC ignore keys.,/,artifacts/supervisor_ready_eda/kicad/handheld_hybrid/erc.json,warning
W0374,handheld_hybrid,ERC,endpoint_off_grid,"Symbol pin or wire end off connection grid :: Horizontal Wire, length 0.0254 mm",ACCEPTED_BY_DESIGN,"KiCad connection-grid residual. ERC text 'length 0.0254 mm' is the 1 mil off-grid error (JSON), not a stub: all schematic wires measure 2.54 mm. Public NX5/SODIMM pin coordinates are not on the default 50 mil grid; snapping would distort radxa_nx5_public_pinout_table.csv.",RETAIN. Do not ignore the ERC check; do not move public pin coordinates.,/,artifacts/supervisor_ready_eda/kicad/handheld_hybrid/erc.json,warning
W0375,handheld_hybrid,ERC,endpoint_off_grid,"Symbol pin or wire end off connection grid :: Horizontal Wire, length 0.0254 mm",ACCEPTED_BY_DESIGN,"KiCad connection-grid residual. ERC text 'length 0.0254 mm' is the 1 mil off-grid error (JSON), not a stub: all schematic wires measure 2.54 mm. Public NX5/SODIMM pin coordinates are not on the default 50 mil grid; snapping would distort radxa_nx5_public_pinout_table.csv.",RETAIN. Do not ignore the ERC check; do not move public pin coordinates.,/,artifacts/supervisor_ready_eda/kicad/handheld_hybrid/erc.json,warning
W0376,handheld_hybrid,ERC,isolated_pin_label,Label connected to only one pin :: Global Label 'SOM_I2C3-SCL',ACCEPTED_BY_DESIGN,Named PUBLIC_PINOUT SoM net (radxa_nx5_public_pinout_table.csv) on one SODIMM pin. Far-end connectors are PERIPH placeholders without per-pin symbols; adding a fake second pin would invent routing.,RETAIN. Digital package records named public nets; do not short distinct SoM pins.,/,artifacts/supervisor_ready_eda/kicad/handheld_hybrid/erc.json,warning
W0377,handheld_hybrid,ERC,endpoint_off_grid,"Symbol pin or wire end off connection grid :: Horizontal Wire, length 0.0254 mm",ACCEPTED_BY_DESIGN,"KiCad connection-grid residual. ERC text 'length 0.0254 mm' is the 1 mil off-grid error (JSON), not a stub: all schematic wires measure 2.54 mm. Public NX5/SODIMM pin coordinates are not on the default 50 mil grid; snapping would distort radxa_nx5_public_pinout_table.csv.",RETAIN. Do not ignore the ERC check; do not move public pin coordinates.,/,artifacts/supervisor_ready_eda/kicad/handheld_hybrid/erc.json,warning
W0378,handheld_hybrid,ERC,endpoint_off_grid,"Symbol pin or wire end off connection grid :: Horizontal Wire, length 0.0254 mm",ACCEPTED_BY_DESIGN,"KiCad connection-grid residual. ERC text 'length 0.0254 mm' is the 1 mil off-grid error (JSON), not a stub: all schematic wires measure 2.54 mm. Public NX5/SODIMM pin coordinates are not on the default 50 mil grid; snapping would distort radxa_nx5_public_pinout_table.csv.",RETAIN. Do not ignore the ERC check; do not move public pin coordinates.,/,artifacts/supervisor_ready_eda/kicad/handheld_hybrid/erc.json,warning
W0379,handheld_hybrid,ERC,isolated_pin_label,Label connected to only one pin :: Global Label 'SOM_I2C6_SCL_M3',ACCEPTED_BY_DESIGN,Named PUBLIC_PINOUT SoM net (radxa_nx5_public_pinout_table.csv) on one SODIMM pin. Far-end connectors are PERIPH placeholders without per-pin symbols; adding a fake second pin would invent routing.,RETAIN. Digital package records named public nets; do not short distinct SoM pins.,/,artifacts/supervisor_ready_eda/kicad/handheld_hybrid/erc.json,warning
W0380,handheld_hybrid,ERC,endpoint_off_grid,"Symbol pin or wire end off connection grid :: Horizontal Wire, length 0.0254 mm",ACCEPTED_BY_DESIGN,"KiCad connection-grid residual. ERC text 'length 0.0254 mm' is the 1 mil off-grid error (JSON), not a stub: all schematic wires measure 2.54 mm. Public NX5/SODIMM pin coordinates are not on the default 50 mil grid; snapping would distort radxa_nx5_public_pinout_table.csv.",RETAIN. Do not ignore the ERC check; do not move public pin coordinates.,/,artifacts/supervisor_ready_eda/kicad/handheld_hybrid/erc.json,warning
W0381,handheld_hybrid,ERC,isolated_pin_label,Label connected to only one pin :: Global Label 'SOM_I2C8_SDA_M2_CAM',ACCEPTED_BY_DESIGN,Named PUBLIC_PINOUT SoM net (radxa_nx5_public_pinout_table.csv) on one SODIMM pin. Far-end connectors are PERIPH placeholders without per-pin symbols; adding a fake second pin would invent routing.,RETAIN. Digital package records named public nets; do not short distinct SoM pins.,/,artifacts/supervisor_ready_eda/kicad/handheld_hybrid/erc.json,warning
W0382,handheld_hybrid,ERC,endpoint_off_grid,"Symbol pin or wire end off connection grid :: Horizontal Wire, length 0.0254 mm",ACCEPTED_BY_DESIGN,"KiCad connection-grid residual. ERC text 'length 0.0254 mm' is the 1 mil off-grid error (JSON), not a stub: all schematic wires measure 2.54 mm. Public NX5/SODIMM pin coordinates are not on the default 50 mil grid; snapping would distort radxa_nx5_public_pinout_table.csv.",RETAIN. Do not ignore the ERC check; do not move public pin coordinates.,/,artifacts/supervisor_ready_eda/kicad/handheld_hybrid/erc.json,warning
W0383,handheld_hybrid,ERC,isolated_pin_label,Label connected to only one pin :: Global Label 'SOM_I2C8_SCL_M2_CAM',ACCEPTED_BY_DESIGN,Named PUBLIC_PINOUT SoM net (radxa_nx5_public_pinout_table.csv) on one SODIMM pin. Far-end connectors are PERIPH placeholders without per-pin symbols; adding a fake second pin would invent routing.,RETAIN. Digital package records named public nets; do not short distinct SoM pins.,/,artifacts/supervisor_ready_eda/kicad/handheld_hybrid/erc.json,warning
W0384,handheld_hybrid,ERC,endpoint_off_grid,"Symbol pin or wire end off connection grid :: Horizontal Wire, length 0.0254 mm",ACCEPTED_BY_DESIGN,"KiCad connection-grid residual. ERC text 'length 0.0254 mm' is the 1 mil off-grid error (JSON), not a stub: all schematic wires measure 2.54 mm. Public NX5/SODIMM pin coordinates are not on the default 50 mil grid; snapping would distort radxa_nx5_public_pinout_table.csv.",RETAIN. Do not ignore the ERC check; do not move public pin coordinates.,/,artifacts/supervisor_ready_eda/kicad/handheld_hybrid/erc.json,warning
W0385,handheld_hybrid,ERC,isolated_pin_label,Label connected to only one pin :: Global Label 'SOM_I2C5_SCL_M3_CAM',ACCEPTED_BY_DESIGN,Named PUBLIC_PINOUT SoM net (radxa_nx5_public_pinout_table.csv) on one SODIMM pin. Far-end connectors are PERIPH placeholders without per-pin symbols; adding a fake second pin would invent routing.,RETAIN. Digital package records named public nets; do not short distinct SoM pins.,/,artifacts/supervisor_ready_eda/kicad/handheld_hybrid/erc.json,warning
W0386,handheld_hybrid,ERC,endpoint_off_grid,"Symbol pin or wire end off connection grid :: Symbol JS_I2C Pin 99 [I2C5_SCL_M3_CAM, Passive, Line]",ACCEPTED_BY_DESIGN,"KiCad connection-grid residual. ERC text 'length 0.0254 mm' is the 1 mil off-grid error (JSON), not a stub: all schematic wires measure 2.54 mm. Public NX5/SODIMM pin coordinates are not on the default 50 mil grid; snapping would distort radxa_nx5_public_pinout_table.csv.",RETAIN. Do not ignore the ERC check; do not move public pin coordinates.,/,artifacts/supervisor_ready_eda/kicad/handheld_hybrid/erc.json,warning
W0387,handheld_hybrid,ERC,lib_symbol_issues,The current configuration does not include the symbol library '' :: Symbol JS_I2C [SODIMM_I2C],ACCEPTED_BY_DESIGN,KiCad parses embedded lib_id 'USB_C' as library ''. Prefixing to gunnchos: plus an extracted .kicad_sym made kicad-cli 10.0.5 fail schematic load. Embedded lib_symbols remain the in-tree source. Warning retained rather than breaking ERC.,RETAIN. Do not invent a pin-accurate symbol library. Do not add ERC ignore keys.,/,artifacts/supervisor_ready_eda/kicad/handheld_hybrid/erc.json,warning
W0388,handheld_hybrid,ERC,endpoint_off_grid,"Symbol pin or wire end off connection grid :: Horizontal Wire, length 0.0254 mm",ACCEPTED_BY_DESIGN,"KiCad connection-grid residual. ERC text 'length 0.0254 mm' is the 1 mil off-grid error (JSON), not a stub: all schematic wires measure 2.54 mm. Public NX5/SODIMM pin coordinates are not on the default 50 mil grid; snapping would distort radxa_nx5_public_pinout_table.csv.",RETAIN. Do not ignore the ERC check; do not move public pin coordinates.,/,artifacts/supervisor_ready_eda/kicad/handheld_hybrid/erc.json,warning
W0389,handheld_hybrid,ERC,isolated_pin_label,Label connected to only one pin :: Global Label 'SOM_I2C3-SDA',ACCEPTED_BY_DESIGN,Named PUBLIC_PINOUT SoM net (radxa_nx5_public_pinout_table.csv) on one SODIMM pin. Far-end connectors are PERIPH placeholders without per-pin symbols; adding a fake second pin would invent routing.,RETAIN. Digital package records named public nets; do not short distinct SoM pins.,/,artifacts/supervisor_ready_eda/kicad/handheld_hybrid/erc.json,warning
W0390,handheld_hybrid,ERC,endpoint_off_grid,"Symbol pin or wire end off connection grid :: Horizontal Wire, length 0.0254 mm",ACCEPTED_BY_DESIGN,"KiCad connection-grid residual. ERC text 'length 0.0254 mm' is the 1 mil off-grid error (JSON), not a stub: all schematic wires measure 2.54 mm. Public NX5/SODIMM pin coordinates are not on the default 50 mil grid; snapping would distort radxa_nx5_public_pinout_table.csv.",RETAIN. Do not ignore the ERC check; do not move public pin coordinates.,/,artifacts/supervisor_ready_eda/kicad/handheld_hybrid/erc.json,warning
W0391,handheld_hybrid,ERC,endpoint_off_grid,"Symbol pin or wire end off connection grid :: Horizontal Wire, length 0.0254 mm",ACCEPTED_BY_DESIGN,"KiCad connection-grid residual. ERC text 'length 0.0254 mm' is the 1 mil off-grid error (JSON), not a stub: all schematic wires measure 2.54 mm. Public NX5/SODIMM pin coordinates are not on the default 50 mil grid; snapping would distort radxa_nx5_public_pinout_table.csv.",RETAIN. Do not ignore the ERC check; do not move public pin coordinates.,/,artifacts/supervisor_ready_eda/kicad/handheld_hybrid/erc.json,warning
W0392,handheld_hybrid,ERC,isolated_pin_label,Label connected to only one pin :: Global Label 'SOM_I2C6_SDA_M3',ACCEPTED_BY_DESIGN,Named PUBLIC_PINOUT SoM net (radxa_nx5_public_pinout_table.csv) on one SODIMM pin. Far-end connectors are PERIPH placeholders without per-pin symbols; adding a fake second pin would invent routing.,RETAIN. Digital package records named public nets; do not short distinct SoM pins.,/,artifacts/supervisor_ready_eda/kicad/handheld_hybrid/erc.json,warning
W0393,handheld_hybrid,ERC,endpoint_off_grid,"Symbol pin or wire end off connection grid :: Horizontal Wire, length 0.0254 mm",ACCEPTED_BY_DESIGN,"KiCad connection-grid residual. ERC text 'length 0.0254 mm' is the 1 mil off-grid error (JSON), not a stub: all schematic wires measure 2.54 mm. Public NX5/SODIMM pin coordinates are not on the default 50 mil grid; snapping would distort radxa_nx5_public_pinout_table.csv.",RETAIN. Do not ignore the ERC check; do not move public pin coordinates.,/,artifacts/supervisor_ready_eda/kicad/handheld_hybrid/erc.json,warning
W0394,handheld_hybrid,ERC,isolated_pin_label,Label connected to only one pin :: Global Label 'SOM_I2C7_SCL_M0_CODEC',ACCEPTED_BY_DESIGN,Named PUBLIC_PINOUT SoM net (radxa_nx5_public_pinout_table.csv) on one SODIMM pin. Far-end connectors are PERIPH placeholders without per-pin symbols; adding a fake second pin would invent routing.,RETAIN. Digital package records named public nets; do not short distinct SoM pins.,/,artifacts/supervisor_ready_eda/kicad/handheld_hybrid/erc.json,warning
W0395,handheld_hybrid,ERC,endpoint_off_grid,"Symbol pin or wire end off connection grid :: Horizontal Wire, length 0.0254 mm",ACCEPTED_BY_DESIGN,"KiCad connection-grid residual. ERC text 'length 0.0254 mm' is the 1 mil off-grid error (JSON), not a stub: all schematic wires measure 2.54 mm. Public NX5/SODIMM pin coordinates are not on the default 50 mil grid; snapping would distort radxa_nx5_public_pinout_table.csv.",RETAIN. Do not ignore the ERC check; do not move public pin coordinates.,/,artifacts/supervisor_ready_eda/kicad/handheld_hybrid/erc.json,warning
W0396,handheld_hybrid,ERC,isolated_pin_label,Label connected to only one pin :: Global Label 'SOM_I2C7_SDA_M0_CODEC',ACCEPTED_BY_DESIGN,Named PUBLIC_PINOUT SoM net (radxa_nx5_public_pinout_table.csv) on one SODIMM pin. Far-end connectors are PERIPH placeholders without per-pin symbols; adding a fake second pin would invent routing.,RETAIN. Digital package records named public nets; do not short distinct SoM pins.,/,artifacts/supervisor_ready_eda/kicad/handheld_hybrid/erc.json,warning
W0397,handheld_hybrid,ERC,endpoint_off_grid,"Symbol pin or wire end off connection grid :: Horizontal Wire, length 0.0254 mm",ACCEPTED_BY_DESIGN,"KiCad connection-grid residual. ERC text 'length 0.0254 mm' is the 1 mil off-grid error (JSON), not a stub: all schematic wires measure 2.54 mm. Public NX5/SODIMM pin coordinates are not on the default 50 mil grid; snapping would distort radxa_nx5_public_pinout_table.csv.",RETAIN. Do not ignore the ERC check; do not move public pin coordinates.,/,artifacts/supervisor_ready_eda/kicad/handheld_hybrid/erc.json,warning
W0398,handheld_hybrid,ERC,isolated_pin_label,Label connected to only one pin :: Global Label 'SOM_I2C5_SDA_M3_CAM',ACCEPTED_BY_DESIGN,Named PUBLIC_PINOUT SoM net (radxa_nx5_public_pinout_table.csv) on one SODIMM pin. Far-end connectors are PERIPH placeholders without per-pin symbols; adding a fake second pin would invent routing.,RETAIN. Digital package records named public nets; do not short distinct SoM pins.,/,artifacts/supervisor_ready_eda/kicad/handheld_hybrid/erc.json,warning
W0399,handheld_hybrid,ERC,endpoint_off_grid,"Symbol pin or wire end off connection grid :: Horizontal Wire, length 0.0254 mm",ACCEPTED_BY_DESIGN,"KiCad connection-grid residual. ERC text 'length 0.0254 mm' is the 1 mil off-grid error (JSON), not a stub: all schematic wires measure 2.54 mm. Public NX5/SODIMM pin coordinates are not on the default 50 mil grid; snapping would distort radxa_nx5_public_pinout_table.csv.",RETAIN. Do not ignore the ERC check; do not move public pin coordinates.,/,artifacts/supervisor_ready_eda/kicad/handheld_hybrid/erc.json,warning
W0400,handheld_hybrid,ERC,isolated_pin_label,Label connected to only one pin :: Global Label 'SOM_SHUTDOWN-REQ',ACCEPTED_BY_DESIGN,Named PUBLIC_PINOUT SoM net (radxa_nx5_public_pinout_table.csv) on one SODIMM pin. Far-end connectors are PERIPH placeholders without per-pin symbols; adding a fake second pin would invent routing.,RETAIN. Digital package records named public nets; do not short distinct SoM pins.,/,artifacts/supervisor_ready_eda/kicad/handheld_hybrid/erc.json,warning
W0401,handheld_hybrid,ERC,endpoint_off_grid,"Symbol pin or wire end off connection grid :: Symbol JS_SYS_CTRL Pin 233 [SHUTDOWN-REQ, Passive, Line]",ACCEPTED_BY_DESIGN,"KiCad connection-grid residual. ERC text 'length 0.0254 mm' is the 1 mil off-grid error (JSON), not a stub: all schematic wires measure 2.54 mm. Public NX5/SODIMM pin coordinates are not on the default 50 mil grid; snapping would distort radxa_nx5_public_pinout_table.csv.",RETAIN. Do not ignore the ERC check; do not move public pin coordinates.,/,artifacts/supervisor_ready_eda/kicad/handheld_hybrid/erc.json,warning
W0402,handheld_hybrid,ERC,lib_symbol_issues,The current configuration does not include the symbol library '' :: Symbol JS_SYS_CTRL [SODIMM_SYS_CTRL],ACCEPTED_BY_DESIGN,KiCad parses embedded lib_id 'USB_C' as library ''. Prefixing to gunnchos: plus an extracted .kicad_sym made kicad-cli 10.0.5 fail schematic load. Embedded lib_symbols remain the in-tree source. Warning retained rather than breaking ERC.,RETAIN. Do not invent a pin-accurate symbol library. Do not add ERC ignore keys.,/,artifacts/supervisor_ready_eda/kicad/handheld_hybrid/erc.json,warning
W0403,handheld_hybrid,ERC,endpoint_off_grid,"Symbol pin or wire end off connection grid :: Horizontal Wire, length 0.0254 mm",ACCEPTED_BY_DESIGN,"KiCad connection-grid residual. ERC text 'length 0.0254 mm' is the 1 mil off-grid error (JSON), not a stub: all schematic wires measure 2.54 mm. Public NX5/SODIMM pin coordinates are not on the default 50 mil grid; snapping would distort radxa_nx5_public_pinout_table.csv.",RETAIN. Do not ignore the ERC check; do not move public pin coordinates.,/,artifacts/supervisor_ready_eda/kicad/handheld_hybrid/erc.json,warning
W0404,handheld_hybrid,ERC,isolated_pin_label,Label connected to only one pin :: Global Label 'SOM_PMIC_RESET_L',ACCEPTED_BY_DESIGN,Named PUBLIC_PINOUT SoM net (radxa_nx5_public_pinout_table.csv) on one SODIMM pin. Far-end connectors are PERIPH placeholders without per-pin symbols; adding a fake second pin would invent routing.,RETAIN. Digital package records named public nets; do not short distinct SoM pins.,/,artifacts/supervisor_ready_eda/kicad/handheld_hybrid/erc.json,warning
W0405,handheld_hybrid,ERC,endpoint_off_grid,"Symbol pin or wire end off connection grid :: Symbol JS_NC Pin 21 [NC, Passive, Line]",ACCEPTED_BY_DESIGN,"KiCad connection-grid residual. ERC text 'length 0.0254 mm' is the 1 mil off-grid error (JSON), not a stub: all schematic wires measure 2.54 mm. Public NX5/SODIMM pin coordinates are not on the default 50 mil grid; snapping would distort radxa_nx5_public_pinout_table.csv.",RETAIN. Do not ignore the ERC check; do not move public pin coordinates.,/,artifacts/supervisor_ready_eda/kicad/handheld_hybrid/erc.json,warning
W0406,handheld_hybrid,ERC,lib_symbol_issues,The current configuration does not include the symbol library '' :: Symbol JS_NC [SODIMM_NC],ACCEPTED_BY_DESIGN,KiCad parses embedded lib_id 'USB_C' as library ''. Prefixing to gunnchos: plus an extracted .kicad_sym made kicad-cli 10.0.5 fail schematic load. Embedded lib_symbols remain the in-tree source. Warning retained rather than breaking ERC.,RETAIN. Do not invent a pin-accurate symbol library. Do not add ERC ignore keys.,/,artifacts/supervisor_ready_eda/kicad/handheld_hybrid/erc.json,warning
W0407,handheld_hybrid,ERC,endpoint_off_grid,"Symbol pin or wire end off connection grid :: Horizontal Wire, length 0.0254 mm",ACCEPTED_BY_DESIGN,"KiCad connection-grid residual. ERC text 'length 0.0254 mm' is the 1 mil off-grid error (JSON), not a stub: all schematic wires measure 2.54 mm. Public NX5/SODIMM pin coordinates are not on the default 50 mil grid; snapping would distort radxa_nx5_public_pinout_table.csv.",RETAIN. Do not ignore the ERC check; do not move public pin coordinates.,/,artifacts/supervisor_ready_eda/kicad/handheld_hybrid/erc.json,warning
W0408,handheld_hybrid,ERC,isolated_pin_label,Label connected to only one pin :: Global Label 'SOM_USB_HOST_PWREN_H',ACCEPTED_BY_DESIGN,Named PUBLIC_PINOUT SoM net (radxa_nx5_public_pinout_table.csv) on one SODIMM pin. Far-end connectors are PERIPH placeholders without per-pin symbols; adding a fake second pin would invent routing.,RETAIN. Digital package records named public nets; do not short distinct SoM pins.,/,artifacts/supervisor_ready_eda/kicad/handheld_hybrid/erc.json,warning
W0409,handheld_hybrid,ERC,endpoint_off_grid,"Symbol pin or wire end off connection grid :: Horizontal Wire, length 0.0254 mm",ACCEPTED_BY_DESIGN,"KiCad connection-grid residual. ERC text 'length 0.0254 mm' is the 1 mil off-grid error (JSON), not a stub: all schematic wires measure 2.54 mm. Public NX5/SODIMM pin coordinates are not on the default 50 mil grid; snapping would distort radxa_nx5_public_pinout_table.csv.",RETAIN. Do not ignore the ERC check; do not move public pin coordinates.,/,artifacts/supervisor_ready_eda/kicad/handheld_hybrid/erc.json,warning
W0410,handheld_hybrid,ERC,isolated_pin_label,Label connected to only one pin :: Global Label 'SOM_USB30_2_SSTXN',ACCEPTED_BY_DESIGN,Named PUBLIC_PINOUT SoM net (radxa_nx5_public_pinout_table.csv) on one SODIMM pin. Far-end connectors are PERIPH placeholders without per-pin symbols; adding a fake second pin would invent routing.,RETAIN. Digital package records named public nets; do not short distinct SoM pins.,/,artifacts/supervisor_ready_eda/kicad/handheld_hybrid/erc.json,warning
W0411,handheld_hybrid,ERC,endpoint_off_grid,"Symbol pin or wire end off connection grid :: Horizontal Wire, length 0.0254 mm",ACCEPTED_BY_DESIGN,"KiCad connection-grid residual. ERC text 'length 0.0254 mm' is the 1 mil off-grid error (JSON), not a stub: all schematic wires measure 2.54 mm. Public NX5/SODIMM pin coordinates are not on the default 50 mil grid; snapping would distort radxa_nx5_public_pinout_table.csv.",RETAIN. Do not ignore the ERC check; do not move public pin coordinates.,/,artifacts/supervisor_ready_eda/kicad/handheld_hybrid/erc.json,warning
W0412,handheld_hybrid,ERC,isolated_pin_label,Label connected to only one pin :: Global Label 'SOM_TYPEC0_SSTX2P',ACCEPTED_BY_DESIGN,Named PUBLIC_PINOUT SoM net (radxa_nx5_public_pinout_table.csv) on one SODIMM pin. Far-end connectors are PERIPH placeholders without per-pin symbols; adding a fake second pin would invent routing.,RETAIN. Digital package records named public nets; do not short distinct SoM pins.,/,artifacts/supervisor_ready_eda/kicad/handheld_hybrid/erc.json,warning
W0413,handheld_hybrid,ERC,endpoint_off_grid,"Symbol pin or wire end off connection grid :: Horizontal Wire, length 0.0254 mm",ACCEPTED_BY_DESIGN,"KiCad connection-grid residual. ERC text 'length 0.0254 mm' is the 1 mil off-grid error (JSON), not a stub: all schematic wires measure 2.54 mm. Public NX5/SODIMM pin coordinates are not on the default 50 mil grid; snapping would distort radxa_nx5_public_pinout_table.csv.",RETAIN. Do not ignore the ERC check; do not move public pin coordinates.,/,artifacts/supervisor_ready_eda/kicad/handheld_hybrid/erc.json,warning
W0414,handheld_hybrid,ERC,isolated_pin_label,Label connected to only one pin :: Global Label 'SOM_TYPEC0_SSTX2N',ACCEPTED_BY_DESIGN,Named PUBLIC_PINOUT SoM net (radxa_nx5_public_pinout_table.csv) on one SODIMM pin. Far-end connectors are PERIPH placeholders without per-pin symbols; adding a fake second pin would invent routing.,RETAIN. Digital package records named public nets; do not short distinct SoM pins.,/,artifacts/supervisor_ready_eda/kicad/handheld_hybrid/erc.json,warning
W0415,handheld_hybrid,ERC,endpoint_off_grid,"Symbol pin or wire end off connection grid :: Horizontal Wire, length 0.0254 mm",ACCEPTED_BY_DESIGN,"KiCad connection-grid residual. ERC text 'length 0.0254 mm' is the 1 mil off-grid error (JSON), not a stub: all schematic wires measure 2.54 mm. Public NX5/SODIMM pin coordinates are not on the default 50 mil grid; snapping would distort radxa_nx5_public_pinout_table.csv.",RETAIN. Do not ignore the ERC check; do not move public pin coordinates.,/,artifacts/supervisor_ready_eda/kicad/handheld_hybrid/erc.json,warning
W0416,handheld_hybrid,ERC,isolated_pin_label,Label connected to only one pin :: Global Label 'SOM_TYPEC0_SSRX2N',ACCEPTED_BY_DESIGN,Named PUBLIC_PINOUT SoM net (radxa_nx5_public_pinout_table.csv) on one SODIMM pin. Far-end connectors are PERIPH placeholders without per-pin symbols; adding a fake second pin would invent routing.,RETAIN. Digital package records named public nets; do not short distinct SoM pins.,/,artifacts/supervisor_ready_eda/kicad/handheld_hybrid/erc.json,warning
W0417,handheld_hybrid,ERC,endpoint_off_grid,"Symbol pin or wire end off connection grid :: Horizontal Wire, length 0.0254 mm",ACCEPTED_BY_DESIGN,"KiCad connection-grid residual. ERC text 'length 0.0254 mm' is the 1 mil off-grid error (JSON), not a stub: all schematic wires measure 2.54 mm. Public NX5/SODIMM pin coordinates are not on the default 50 mil grid; snapping would distort radxa_nx5_public_pinout_table.csv.",RETAIN. Do not ignore the ERC check; do not move public pin coordinates.,/,artifacts/supervisor_ready_eda/kicad/handheld_hybrid/erc.json,warning
W0418,handheld_hybrid,ERC,isolated_pin_label,Label connected to only one pin :: Global Label 'SOM_USB20_HOST1_DM',ACCEPTED_BY_DESIGN,Named PUBLIC_PINOUT SoM net (radxa_nx5_public_pinout_table.csv) on one SODIMM pin. Far-end connectors are PERIPH placeholders without per-pin symbols; adding a fake second pin would invent routing.,RETAIN. Digital package records named public nets; do not short distinct SoM pins.,/,artifacts/supervisor_ready_eda/kicad/handheld_hybrid/erc.json,warning
W0419,handheld_hybrid,ERC,endpoint_off_grid,"Symbol pin or wire end off connection grid :: Horizontal Wire, length 0.0254 mm",ACCEPTED_BY_DESIGN,"KiCad connection-grid residual. ERC text 'length 0.0254 mm' is the 1 mil off-grid error (JSON), not a stub: all schematic wires measure 2.54 mm. Public NX5/SODIMM pin coordinates are not on the default 50 mil grid; snapping would distort radxa_nx5_public_pinout_table.csv.",RETAIN. Do not ignore the ERC check; do not move public pin coordinates.,/,artifacts/supervisor_ready_eda/kicad/handheld_hybrid/erc.json,warning
W0420,handheld_hybrid,ERC,isolated_pin_label,Label connected to only one pin :: Global Label 'SOM_TYPEC0_OTG_DM',ACCEPTED_BY_DESIGN,Named PUBLIC_PINOUT SoM net (radxa_nx5_public_pinout_table.csv) on one SODIMM pin. Far-end connectors are PERIPH placeholders without per-pin symbols; adding a fake second pin would invent routing.,RETAIN. Digital package records named public nets; do not short distinct SoM pins.,/,artifacts/supervisor_ready_eda/kicad/handheld_hybrid/erc.json,warning
W0421,handheld_hybrid,ERC,endpoint_off_grid,"Symbol pin or wire end off connection grid :: Horizontal Wire, length 0.0254 mm",ACCEPTED_BY_DESIGN,"KiCad connection-grid residual. ERC text 'length 0.0254 mm' is the 1 mil off-grid error (JSON), not a stub: all schematic wires measure 2.54 mm. Public NX5/SODIMM pin coordinates are not on the default 50 mil grid; snapping would distort radxa_nx5_public_pinout_table.csv.",RETAIN. Do not ignore the ERC check; do not move public pin coordinates.,/,artifacts/supervisor_ready_eda/kicad/handheld_hybrid/erc.json,warning
W0422,handheld_hybrid,ERC,endpoint_off_grid,"Symbol pin or wire end off connection grid :: Horizontal Wire, length 0.0254 mm",ACCEPTED_BY_DESIGN,"KiCad connection-grid residual. ERC text 'length 0.0254 mm' is the 1 mil off-grid error (JSON), not a stub: all schematic wires measure 2.54 mm. Public NX5/SODIMM pin coordinates are not on the default 50 mil grid; snapping would distort radxa_nx5_public_pinout_table.csv.",RETAIN. Do not ignore the ERC check; do not move public pin coordinates.,/,artifacts/supervisor_ready_eda/kicad/handheld_hybrid/erc.json,warning
W0423,handheld_hybrid,ERC,isolated_pin_label,Label connected to only one pin :: Global Label 'SOM_TYPEC0_SBU2',ACCEPTED_BY_DESIGN,Named PUBLIC_PINOUT SoM net (radxa_nx5_public_pinout_table.csv) on one SODIMM pin. Far-end connectors are PERIPH placeholders without per-pin symbols; adding a fake second pin would invent routing.,RETAIN. Digital package records named public nets; do not short distinct SoM pins.,/,artifacts/supervisor_ready_eda/kicad/handheld_hybrid/erc.json,warning
W0424,handheld_hybrid,ERC,endpoint_off_grid,"Symbol pin or wire end off connection grid :: Horizontal Wire, length 0.0254 mm",ACCEPTED_BY_DESIGN,"KiCad connection-grid residual. ERC text 'length 0.0254 mm' is the 1 mil off-grid error (JSON), not a stub: all schematic wires measure 2.54 mm. Public NX5/SODIMM pin coordinates are not on the default 50 mil grid; snapping would distort radxa_nx5_public_pinout_table.csv.",RETAIN. Do not ignore the ERC check; do not move public pin coordinates.,/,artifacts/supervisor_ready_eda/kicad/handheld_hybrid/erc.json,warning
W0425,handheld_hybrid,ERC,isolated_pin_label,Label connected to only one pin :: Global Label 'SOM_TYPEC0_SSRX1N',ACCEPTED_BY_DESIGN,Named PUBLIC_PINOUT SoM net (radxa_nx5_public_pinout_table.csv) on one SODIMM pin. Far-end connectors are PERIPH placeholders without per-pin symbols; adding a fake second pin would invent routing.,RETAIN. Digital package records named public nets; do not short distinct SoM pins.,/,artifacts/supervisor_ready_eda/kicad/handheld_hybrid/erc.json,warning
W0426,handheld_hybrid,ERC,endpoint_off_grid,"Symbol pin or wire end off connection grid :: Horizontal Wire, length 0.0254 mm",ACCEPTED_BY_DESIGN,"KiCad connection-grid residual. ERC text 'length 0.0254 mm' is the 1 mil off-grid error (JSON), not a stub: all schematic wires measure 2.54 mm. Public NX5/SODIMM pin coordinates are not on the default 50 mil grid; snapping would distort radxa_nx5_public_pinout_table.csv.",RETAIN. Do not ignore the ERC check; do not move public pin coordinates.,/,artifacts/supervisor_ready_eda/kicad/handheld_hybrid/erc.json,warning
W0427,handheld_hybrid,ERC,isolated_pin_label,Label connected to only one pin :: Global Label 'SOM_TYPEC0_SSTX1N',ACCEPTED_BY_DESIGN,Named PUBLIC_PINOUT SoM net (radxa_nx5_public_pinout_table.csv) on one SODIMM pin. Far-end connectors are PERIPH placeholders without per-pin symbols; adding a fake second pin would invent routing.,RETAIN. Digital package records named public nets; do not short distinct SoM pins.,/,artifacts/supervisor_ready_eda/kicad/handheld_hybrid/erc.json,warning
W0428,handheld_hybrid,ERC,endpoint_off_grid,"Symbol pin or wire end off connection grid :: Symbol JS_USB Pin 39 [TYPEC0_SSTX1N, Passive, Line]",ACCEPTED_BY_DESIGN,"KiCad connection-grid residual. ERC text 'length 0.0254 mm' is the 1 mil off-grid error (JSON), not a stub: all schematic wires measure 2.54 mm. Public NX5/SODIMM pin coordinates are not on the default 50 mil grid; snapping would distort radxa_nx5_public_pinout_table.csv.",RETAIN. Do not ignore the ERC check; do not move public pin coordinates.,/,artifacts/supervisor_ready_eda/kicad/handheld_hybrid/erc.json,warning
W0429,handheld_hybrid,ERC,lib_symbol_issues,The current configuration does not include the symbol library '' :: Symbol JS_USB [SODIMM_USB],ACCEPTED_BY_DESIGN,KiCad parses embedded lib_id 'USB_C' as library ''. Prefixing to gunnchos: plus an extracted .kicad_sym made kicad-cli 10.0.5 fail schematic load. Embedded lib_symbols remain the in-tree source. Warning retained rather than breaking ERC.,RETAIN. Do not invent a pin-accurate symbol library. Do not add ERC ignore keys.,/,artifacts/supervisor_ready_eda/kicad/handheld_hybrid/erc.json,warning
W0430,handheld_hybrid,ERC,endpoint_off_grid,"Symbol pin or wire end off connection grid :: Horizontal Wire, length 0.0254 mm",ACCEPTED_BY_DESIGN,"KiCad connection-grid residual. ERC text 'length 0.0254 mm' is the 1 mil off-grid error (JSON), not a stub: all schematic wires measure 2.54 mm. Public NX5/SODIMM pin coordinates are not on the default 50 mil grid; snapping would distort radxa_nx5_public_pinout_table.csv.",RETAIN. Do not ignore the ERC check; do not move public pin coordinates.,/,artifacts/supervisor_ready_eda/kicad/handheld_hybrid/erc.json,warning
W0431,handheld_hybrid,ERC,isolated_pin_label,Label connected to only one pin :: Global Label 'SOM_USB30_2_SSTXP',ACCEPTED_BY_DESIGN,Named PUBLIC_PINOUT SoM net (radxa_nx5_public_pinout_table.csv) on one SODIMM pin. Far-end connectors are PERIPH placeholders without per-pin symbols; adding a fake second pin would invent routing.,RETAIN. Digital package records named public nets; do not short distinct SoM pins.,/,artifacts/supervisor_ready_eda/kicad/handheld_hybrid/erc.json,warning
W0432,handheld_hybrid,ERC,endpoint_off_grid,"Symbol pin or wire end off connection grid :: Horizontal Wire, length 0.0254 mm",ACCEPTED_BY_DESIGN,"KiCad connection-grid residual. ERC text 'length 0.0254 mm' is the 1 mil off-grid error (JSON), not a stub: all schematic wires measure 2.54 mm. Public NX5/SODIMM pin coordinates are not on the default 50 mil grid; snapping would distort radxa_nx5_public_pinout_table.csv.",RETAIN. Do not ignore the ERC check; do not move public pin coordinates.,/,artifacts/supervisor_ready_eda/kicad/handheld_hybrid/erc.json,warning
W0433,handheld_hybrid,ERC,isolated_pin_label,Label connected to only one pin :: Global Label 'SOM_USB30_2_SSRXP',ACCEPTED_BY_DESIGN,Named PUBLIC_PINOUT SoM net (radxa_nx5_public_pinout_table.csv) on one SODIMM pin. Far-end connectors are PERIPH placeholders without per-pin symbols; adding a fake second pin would invent routing.,RETAIN. Digital package records named public nets; do not short distinct SoM pins.,/,artifacts/supervisor_ready_eda/kicad/handheld_hybrid/erc.json,warning
W0434,handheld_hybrid,ERC,endpoint_off_grid,"Symbol pin or wire end off connection grid :: Horizontal Wire, length 0.0254 mm",ACCEPTED_BY_DESIGN,"KiCad connection-grid residual. ERC text 'length 0.0254 mm' is the 1 mil off-grid error (JSON), not a stub: all schematic wires measure 2.54 mm. Public NX5/SODIMM pin coordinates are not on the default 50 mil grid; snapping would distort radxa_nx5_public_pinout_table.csv.",RETAIN. Do not ignore the ERC check; do not move public pin coordinates.,/,artifacts/supervisor_ready_eda/kicad/handheld_hybrid/erc.json,warning
W0435,handheld_hybrid,ERC,isolated_pin_label,Label connected to only one pin :: Global Label 'SOM_USB30_2_SSRXN',ACCEPTED_BY_DESIGN,Named PUBLIC_PINOUT SoM net (radxa_nx5_public_pinout_table.csv) on one SODIMM pin. Far-end connectors are PERIPH placeholders without per-pin symbols; adding a fake second pin would invent routing.,RETAIN. Digital package records named public nets; do not short distinct SoM pins.,/,artifacts/supervisor_ready_eda/kicad/handheld_hybrid/erc.json,warning
W0436,handheld_hybrid,ERC,endpoint_off_grid,"Symbol pin or wire end off connection grid :: Horizontal Wire, length 0.0254 mm",ACCEPTED_BY_DESIGN,"KiCad connection-grid residual. ERC text 'length 0.0254 mm' is the 1 mil off-grid error (JSON), not a stub: all schematic wires measure 2.54 mm. Public NX5/SODIMM pin coordinates are not on the default 50 mil grid; snapping would distort radxa_nx5_public_pinout_table.csv.",RETAIN. Do not ignore the ERC check; do not move public pin coordinates.,/,artifacts/supervisor_ready_eda/kicad/handheld_hybrid/erc.json,warning
W0437,handheld_hybrid,ERC,isolated_pin_label,Label connected to only one pin :: Global Label 'SOM_TYPEC0_SSRX2P',ACCEPTED_BY_DESIGN,Named PUBLIC_PINOUT SoM net (radxa_nx5_public_pinout_table.csv) on one SODIMM pin. Far-end connectors are PERIPH placeholders without per-pin symbols; adding a fake second pin would invent routing.,RETAIN. Digital package records named public nets; do not short distinct SoM pins.,/,artifacts/supervisor_ready_eda/kicad/handheld_hybrid/erc.json,warning
W0438,handheld_hybrid,ERC,endpoint_off_grid,"Symbol pin or wire end off connection grid :: Horizontal Wire, length 0.0254 mm",ACCEPTED_BY_DESIGN,"KiCad connection-grid residual. ERC text 'length 0.0254 mm' is the 1 mil off-grid error (JSON), not a stub: all schematic wires measure 2.54 mm. Public NX5/SODIMM pin coordinates are not on the default 50 mil grid; snapping would distort radxa_nx5_public_pinout_table.csv.",RETAIN. Do not ignore the ERC check; do not move public pin coordinates.,/,artifacts/supervisor_ready_eda/kicad/handheld_hybrid/erc.json,warning
W0439,handheld_hybrid,ERC,isolated_pin_label,Label connected to only one pin :: Global Label 'SOM_USB20_HOST1_DP',ACCEPTED_BY_DESIGN,Named PUBLIC_PINOUT SoM net (radxa_nx5_public_pinout_table.csv) on one SODIMM pin. Far-end connectors are PERIPH placeholders without per-pin symbols; adding a fake second pin would invent routing.,RETAIN. Digital package records named public nets; do not short distinct SoM pins.,/,artifacts/supervisor_ready_eda/kicad/handheld_hybrid/erc.json,warning
W0440,handheld_hybrid,ERC,endpoint_off_grid,"Symbol pin or wire end off connection grid :: Horizontal Wire, length 0.0254 mm",ACCEPTED_BY_DESIGN,"KiCad connection-grid residual. ERC text 'length 0.0254 mm' is the 1 mil off-grid error (JSON), not a stub: all schematic wires measure 2.54 mm. Public NX5/SODIMM pin coordinates are not on the default 50 mil grid; snapping would distort radxa_nx5_public_pinout_table.csv.",RETAIN. Do not ignore the ERC check; do not move public pin coordinates.,/,artifacts/supervisor_ready_eda/kicad/handheld_hybrid/erc.json,warning
W0441,handheld_hybrid,ERC,isolated_pin_label,Label connected to only one pin :: Global Label 'SOM_TYPEC0_OTG_DP',ACCEPTED_BY_DESIGN,Named PUBLIC_PINOUT SoM net (radxa_nx5_public_pinout_table.csv) on one SODIMM pin. Far-end connectors are PERIPH placeholders without per-pin symbols; adding a fake second pin would invent routing.,RETAIN. Digital package records named public nets; do not short distinct SoM pins.,/,artifacts/supervisor_ready_eda/kicad/handheld_hybrid/erc.json,warning
W0442,handheld_hybrid,ERC,endpoint_off_grid,"Symbol pin or wire end off connection grid :: Horizontal Wire, length 0.0254 mm",ACCEPTED_BY_DESIGN,"KiCad connection-grid residual. ERC text 'length 0.0254 mm' is the 1 mil off-grid error (JSON), not a stub: all schematic wires measure 2.54 mm. Public NX5/SODIMM pin coordinates are not on the default 50 mil grid; snapping would distort radxa_nx5_public_pinout_table.csv.",RETAIN. Do not ignore the ERC check; do not move public pin coordinates.,/,artifacts/supervisor_ready_eda/kicad/handheld_hybrid/erc.json,warning
W0443,handheld_hybrid,ERC,endpoint_off_grid,"Symbol pin or wire end off connection grid :: Horizontal Wire, length 0.0254 mm",ACCEPTED_BY_DESIGN,"KiCad connection-grid residual. ERC text 'length 0.0254 mm' is the 1 mil off-grid error (JSON), not a stub: all schematic wires measure 2.54 mm. Public NX5/SODIMM pin coordinates are not on the default 50 mil grid; snapping would distort radxa_nx5_public_pinout_table.csv.",RETAIN. Do not ignore the ERC check; do not move public pin coordinates.,/,artifacts/supervisor_ready_eda/kicad/handheld_hybrid/erc.json,warning
W0444,handheld_hybrid,ERC,isolated_pin_label,Label connected to only one pin :: Global Label 'SOM_TYPEC0_SBU1',ACCEPTED_BY_DESIGN,Named PUBLIC_PINOUT SoM net (radxa_nx5_public_pinout_table.csv) on one SODIMM pin. Far-end connectors are PERIPH placeholders without per-pin symbols; adding a fake second pin would invent routing.,RETAIN. Digital package records named public nets; do not short distinct SoM pins.,/,artifacts/supervisor_ready_eda/kicad/handheld_hybrid/erc.json,warning
W0445,handheld_hybrid,ERC,endpoint_off_grid,"Symbol pin or wire end off connection grid :: Horizontal Wire, length 0.0254 mm",ACCEPTED_BY_DESIGN,"KiCad connection-grid residual. ERC text 'length 0.0254 mm' is the 1 mil off-grid error (JSON), not a stub: all schematic wires measure 2.54 mm. Public NX5/SODIMM pin coordinates are not on the default 50 mil grid; snapping would distort radxa_nx5_public_pinout_table.csv.",RETAIN. Do not ignore the ERC check; do not move public pin coordinates.,/,artifacts/supervisor_ready_eda/kicad/handheld_hybrid/erc.json,warning
W0446,handheld_hybrid,ERC,isolated_pin_label,Label connected to only one pin :: Global Label 'SOM_TYPEC0_SSRX1P',ACCEPTED_BY_DESIGN,Named PUBLIC_PINOUT SoM net (radxa_nx5_public_pinout_table.csv) on one SODIMM pin. Far-end connectors are PERIPH placeholders without per-pin symbols; adding a fake second pin would invent routing.,RETAIN. Digital package records named public nets; do not short distinct SoM pins.,/,artifacts/supervisor_ready_eda/kicad/handheld_hybrid/erc.json,warning
W0447,handheld_hybrid,ERC,endpoint_off_grid,"Symbol pin or wire end off connection grid :: Horizontal Wire, length 0.0254 mm",ACCEPTED_BY_DESIGN,"KiCad connection-grid residual. ERC text 'length 0.0254 mm' is the 1 mil off-grid error (JSON), not a stub: all schematic wires measure 2.54 mm. Public NX5/SODIMM pin coordinates are not on the default 50 mil grid; snapping would distort radxa_nx5_public_pinout_table.csv.",RETAIN. Do not ignore the ERC check; do not move public pin coordinates.,/,artifacts/supervisor_ready_eda/kicad/handheld_hybrid/erc.json,warning
W0448,handheld_hybrid,ERC,isolated_pin_label,Label connected to only one pin :: Global Label 'SOM_TYPEC0_SSTX1P',ACCEPTED_BY_DESIGN,Named PUBLIC_PINOUT SoM net (radxa_nx5_public_pinout_table.csv) on one SODIMM pin. Far-end connectors are PERIPH placeholders without per-pin symbols; adding a fake second pin would invent routing.,RETAIN. Digital package records named public nets; do not short distinct SoM pins.,/,artifacts/supervisor_ready_eda/kicad/handheld_hybrid/erc.json,warning
W0449,handheld_hybrid,ERC,endpoint_off_grid,"Symbol pin or wire end off connection grid :: Horizontal Wire, length 0.0254 mm",ACCEPTED_BY_DESIGN,"KiCad connection-grid residual. ERC text 'length 0.0254 mm' is the 1 mil off-grid error (JSON), not a stub: all schematic wires measure 2.54 mm. Public NX5/SODIMM pin coordinates are not on the default 50 mil grid; snapping would distort radxa_nx5_public_pinout_table.csv.",RETAIN. Do not ignore the ERC check; do not move public pin coordinates.,/,artifacts/supervisor_ready_eda/kicad/handheld_hybrid/erc.json,warning
W0450,handheld_hybrid,ERC,isolated_pin_label,Label connected to only one pin :: Global Label 'SOM_MIPI_CAM3_PDN_L',ACCEPTED_BY_DESIGN,Named PUBLIC_PINOUT SoM net (radxa_nx5_public_pinout_table.csv) on one SODIMM pin. Far-end connectors are PERIPH placeholders without per-pin symbols; adding a fake second pin would invent routing.,RETAIN. Digital package records named public nets; do not short distinct SoM pins.,/,artifacts/supervisor_ready_eda/kicad/handheld_hybrid/erc.json,warning
W0451,handheld_hybrid,ERC,endpoint_off_grid,"Symbol pin or wire end off connection grid :: Horizontal Wire, length 0.0254 mm",ACCEPTED_BY_DESIGN,"KiCad connection-grid residual. ERC text 'length 0.0254 mm' is the 1 mil off-grid error (JSON), not a stub: all schematic wires measure 2.54 mm. Public NX5/SODIMM pin coordinates are not on the default 50 mil grid; snapping would distort radxa_nx5_public_pinout_table.csv.",RETAIN. Do not ignore the ERC check; do not move public pin coordinates.,/,artifacts/supervisor_ready_eda/kicad/handheld_hybrid/erc.json,warning
W0452,handheld_hybrid,ERC,isolated_pin_label,Label connected to only one pin :: Global Label 'SOM_MIPI_CAM2_PDN_L',ACCEPTED_BY_DESIGN,Named PUBLIC_PINOUT SoM net (radxa_nx5_public_pinout_table.csv) on one SODIMM pin. Far-end connectors are PERIPH placeholders without per-pin symbols; adding a fake second pin would invent routing.,RETAIN. Digital package records named public nets; do not short distinct SoM pins.,/,artifacts/supervisor_ready_eda/kicad/handheld_hybrid/erc.json,warning
W0453,handheld_hybrid,ERC,endpoint_off_grid,"Symbol pin or wire end off connection grid :: Horizontal Wire, length 0.0254 mm",ACCEPTED_BY_DESIGN,"KiCad connection-grid residual. ERC text 'length 0.0254 mm' is the 1 mil off-grid error (JSON), not a stub: all schematic wires measure 2.54 mm. Public NX5/SODIMM pin coordinates are not on the default 50 mil grid; snapping would distort radxa_nx5_public_pinout_table.csv.",RETAIN. Do not ignore the ERC check; do not move public pin coordinates.,/,artifacts/supervisor_ready_eda/kicad/handheld_hybrid/erc.json,warning
W0454,handheld_hybrid,ERC,isolated_pin_label,Label connected to only one pin :: Global Label 'SOM_MIPI_CAM2_PWREN_H',ACCEPTED_BY_DESIGN,Named PUBLIC_PINOUT SoM net (radxa_nx5_public_pinout_table.csv) on one SODIMM pin. Far-end connectors are PERIPH placeholders without per-pin symbols; adding a fake second pin would invent routing.,RETAIN. Digital package records named public nets; do not short distinct SoM pins.,/,artifacts/supervisor_ready_eda/kicad/handheld_hybrid/erc.json,warning
W0455,handheld_hybrid,ERC,endpoint_off_grid,"Symbol pin or wire end off connection grid :: Horizontal Wire, length 0.0254 mm",ACCEPTED_BY_DESIGN,"KiCad connection-grid residual. ERC text 'length 0.0254 mm' is the 1 mil off-grid error (JSON), not a stub: all schematic wires measure 2.54 mm. Public NX5/SODIMM pin coordinates are not on the default 50 mil grid; snapping would distort radxa_nx5_public_pinout_table.csv.",RETAIN. Do not ignore the ERC check; do not move public pin coordinates.,/,artifacts/supervisor_ready_eda/kicad/handheld_hybrid/erc.json,warning
W0456,handheld_hybrid,ERC,isolated_pin_label,Label connected to only one pin :: Global Label 'SOM_MIPI_CAM1_RST_L',ACCEPTED_BY_DESIGN,Named PUBLIC_PINOUT SoM net (radxa_nx5_public_pinout_table.csv) on one SODIMM pin. Far-end connectors are PERIPH placeholders without per-pin symbols; adding a fake second pin would invent routing.,RETAIN. Digital package records named public nets; do not short distinct SoM pins.,/,artifacts/supervisor_ready_eda/kicad/handheld_hybrid/erc.json,warning
W0457,handheld_hybrid,ERC,endpoint_off_grid,"Symbol pin or wire end off connection grid :: Horizontal Wire, length 0.0254 mm",ACCEPTED_BY_DESIGN,"KiCad connection-grid residual. ERC text 'length 0.0254 mm' is the 1 mil off-grid error (JSON), not a stub: all schematic wires measure 2.54 mm. Public NX5/SODIMM pin coordinates are not on the default 50 mil grid; snapping would distort radxa_nx5_public_pinout_table.csv.",RETAIN. Do not ignore the ERC check; do not move public pin coordinates.,/,artifacts/supervisor_ready_eda/kicad/handheld_hybrid/erc.json,warning
W0458,handheld_hybrid,ERC,isolated_pin_label,Label connected to only one pin :: Global Label 'SOM_MIPI_CSI0_RX_D1P',ACCEPTED_BY_DESIGN,Named PUBLIC_PINOUT SoM net (radxa_nx5_public_pinout_table.csv) on one SODIMM pin. Far-end connectors are PERIPH placeholders without per-pin symbols; adding a fake second pin would invent routing.,RETAIN. Digital package records named public nets; do not short distinct SoM pins.,/,artifacts/supervisor_ready_eda/kicad/handheld_hybrid/erc.json,warning
W0459,handheld_hybrid,ERC,endpoint_off_grid,"Symbol pin or wire end off connection grid :: Horizontal Wire, length 0.0254 mm",ACCEPTED_BY_DESIGN,"KiCad connection-grid residual. ERC text 'length 0.0254 mm' is the 1 mil off-grid error (JSON), not a stub: all schematic wires measure 2.54 mm. Public NX5/SODIMM pin coordinates are not on the default 50 mil grid; snapping would distort radxa_nx5_public_pinout_table.csv.",RETAIN. Do not ignore the ERC check; do not move public pin coordinates.,/,artifacts/supervisor_ready_eda/kicad/handheld_hybrid/erc.json,warning
W0460,handheld_hybrid,ERC,isolated_pin_label,Label connected to only one pin :: Global Label 'SOM_MIPI_CSI0_RX_D1N',ACCEPTED_BY_DESIGN,Named PUBLIC_PINOUT SoM net (radxa_nx5_public_pinout_table.csv) on one SODIMM pin. Far-end connectors are PERIPH placeholders without per-pin symbols; adding a fake second pin would invent routing.,RETAIN. Digital package records named public nets; do not short distinct SoM pins.,/,artifacts/supervisor_ready_eda/kicad/handheld_hybrid/erc.json,warning
W0461,handheld_hybrid,ERC,endpoint_off_grid,"Symbol pin or wire end off connection grid :: Horizontal Wire, length 0.0254 mm",ACCEPTED_BY_DESIGN,"KiCad connection-grid residual. ERC text 'length 0.0254 mm' is the 1 mil off-grid error (JSON), not a stub: all schematic wires measure 2.54 mm. Public NX5/SODIMM pin coordinates are not on the default 50 mil grid; snapping would distort radxa_nx5_public_pinout_table.csv.",RETAIN. Do not ignore the ERC check; do not move public pin coordinates.,/,artifacts/supervisor_ready_eda/kicad/handheld_hybrid/erc.json,warning
W0462,handheld_hybrid,ERC,isolated_pin_label,Label connected to only one pin :: Global Label 'SOM_MIPI_CSI0_RX_CLK0P',ACCEPTED_BY_DESIGN,Named PUBLIC_PINOUT SoM net (radxa_nx5_public_pinout_table.csv) on one SODIMM pin. Far-end connectors are PERIPH placeholders without per-pin symbols; adding a fake second pin would invent routing.,RETAIN. Digital package records named public nets; do not short distinct SoM pins.,/,artifacts/supervisor_ready_eda/kicad/handheld_hybrid/erc.json,warning
W0463,handheld_hybrid,ERC,endpoint_off_grid,"Symbol pin or wire end off connection grid :: Horizontal Wire, length 0.0254 mm",ACCEPTED_BY_DESIGN,"KiCad connection-grid residual. ERC text 'length 0.0254 mm' is the 1 mil off-grid error (JSON), not a stub: all schematic wires measure 2.54 mm. Public NX5/SODIMM pin coordinates are not on the default 50 mil grid; snapping would distort radxa_nx5_public_pinout_table.csv.",RETAIN. Do not ignore the ERC check; do not move public pin coordinates.,/,artifacts/supervisor_ready_eda/kicad/handheld_hybrid/erc.json,warning
W0464,handheld_hybrid,ERC,isolated_pin_label,Label connected to only one pin :: Global Label 'SOM_MIPI_CSI0_RX_CLK0N',ACCEPTED_BY_DESIGN,Named PUBLIC_PINOUT SoM net (radxa_nx5_public_pinout_table.csv) on one SODIMM pin. Far-end connectors are PERIPH placeholders without per-pin symbols; adding a fake second pin would invent routing.,RETAIN. Digital package records named public nets; do not short distinct SoM pins.,/,artifacts/supervisor_ready_eda/kicad/handheld_hybrid/erc.json,warning
W0465,handheld_hybrid,ERC,endpoint_off_grid,"Symbol pin or wire end off connection grid :: Horizontal Wire, length 0.0254 mm",ACCEPTED_BY_DESIGN,"KiCad connection-grid residual. ERC text 'length 0.0254 mm' is the 1 mil off-grid error (JSON), not a stub: all schematic wires measure 2.54 mm. Public NX5/SODIMM pin coordinates are not on the default 50 mil grid; snapping would distort radxa_nx5_public_pinout_table.csv.",RETAIN. Do not ignore the ERC check; do not move public pin coordinates.,/,artifacts/supervisor_ready_eda/kicad/handheld_hybrid/erc.json,warning
W0466,handheld_hybrid,ERC,isolated_pin_label,Label connected to only one pin :: Global Label 'SOM_MIPI_CSI0_RX_D0P',ACCEPTED_BY_DESIGN,Named PUBLIC_PINOUT SoM net (radxa_nx5_public_pinout_table.csv) on one SODIMM pin. Far-end connectors are PERIPH placeholders without per-pin symbols; adding a fake second pin would invent routing.,RETAIN. Digital package records named public nets; do not short distinct SoM pins.,/,artifacts/supervisor_ready_eda/kicad/handheld_hybrid/erc.json,warning
W0467,handheld_hybrid,ERC,endpoint_off_grid,"Symbol pin or wire end off connection grid :: Horizontal Wire, length 0.0254 mm",ACCEPTED_BY_DESIGN,"KiCad connection-grid residual. ERC text 'length 0.0254 mm' is the 1 mil off-grid error (JSON), not a stub: all schematic wires measure 2.54 mm. Public NX5/SODIMM pin coordinates are not on the default 50 mil grid; snapping would distort radxa_nx5_public_pinout_table.csv.",RETAIN. Do not ignore the ERC check; do not move public pin coordinates.,/,artifacts/supervisor_ready_eda/kicad/handheld_hybrid/erc.json,warning
W0468,handheld_hybrid,ERC,isolated_pin_label,Label connected to only one pin :: Global Label 'SOM_MIPI_CSI0_RX_D0N',ACCEPTED_BY_DESIGN,Named PUBLIC_PINOUT SoM net (radxa_nx5_public_pinout_table.csv) on one SODIMM pin. Far-end connectors are PERIPH placeholders without per-pin symbols; adding a fake second pin would invent routing.,RETAIN. Digital package records named public nets; do not short distinct SoM pins.,/,artifacts/supervisor_ready_eda/kicad/handheld_hybrid/erc.json,warning
W0469,handheld_hybrid,ERC,endpoint_off_grid,"Symbol pin or wire end off connection grid :: Symbol JS_CAMERA Pin 3 [MIPI_CSI0_RX_D0N, Passive, Line]",ACCEPTED_BY_DESIGN,"KiCad connection-grid residual. ERC text 'length 0.0254 mm' is the 1 mil off-grid error (JSON), not a stub: all schematic wires measure 2.54 mm. Public NX5/SODIMM pin coordinates are not on the default 50 mil grid; snapping would distort radxa_nx5_public_pinout_table.csv.",RETAIN. Do not ignore the ERC check; do not move public pin coordinates.,/,artifacts/supervisor_ready_eda/kicad/handheld_hybrid/erc.json,warning
W0470,handheld_hybrid,ERC,lib_symbol_issues,The current configuration does not include the symbol library '' :: Symbol JS_CAMERA [SODIMM_CAMERA],ACCEPTED_BY_DESIGN,KiCad parses embedded lib_id 'USB_C' as library ''. Prefixing to gunnchos: plus an extracted .kicad_sym made kicad-cli 10.0.5 fail schematic load. Embedded lib_symbols remain the in-tree source. Warning retained rather than breaking ERC.,RETAIN. Do not invent a pin-accurate symbol library. Do not add ERC ignore keys.,/,artifacts/supervisor_ready_eda/kicad/handheld_hybrid/erc.json,warning
W0471,handheld_hybrid,ERC,endpoint_off_grid,"Symbol pin or wire end off connection grid :: Horizontal Wire, length 0.0254 mm",ACCEPTED_BY_DESIGN,"KiCad connection-grid residual. ERC text 'length 0.0254 mm' is the 1 mil off-grid error (JSON), not a stub: all schematic wires measure 2.54 mm. Public NX5/SODIMM pin coordinates are not on the default 50 mil grid; snapping would distort radxa_nx5_public_pinout_table.csv.",RETAIN. Do not ignore the ERC check; do not move public pin coordinates.,/,artifacts/supervisor_ready_eda/kicad/handheld_hybrid/erc.json,warning
W0472,handheld_hybrid,ERC,isolated_pin_label,Label connected to only one pin :: Global Label 'SOM_MIPI_CAM1_PWREN_H',ACCEPTED_BY_DESIGN,Named PUBLIC_PINOUT SoM net (radxa_nx5_public_pinout_table.csv) on one SODIMM pin. Far-end connectors are PERIPH placeholders without per-pin symbols; adding a fake second pin would invent routing.,RETAIN. Digital package records named public nets; do not short distinct SoM pins.,/,artifacts/supervisor_ready_eda/kicad/handheld_hybrid/erc.json,warning
W0473,handheld_hybrid,ERC,endpoint_off_grid,"Symbol pin or wire end off connection grid :: Horizontal Wire, length 0.0254 mm",ACCEPTED_BY_DESIGN,"KiCad connection-grid residual. ERC text 'length 0.0254 mm' is the 1 mil off-grid error (JSON), not a stub: all schematic wires measure 2.54 mm. Public NX5/SODIMM pin coordinates are not on the default 50 mil grid; snapping would distort radxa_nx5_public_pinout_table.csv.",RETAIN. Do not ignore the ERC check; do not move public pin coordinates.,/,artifacts/supervisor_ready_eda/kicad/handheld_hybrid/erc.json,warning
W0474,handheld_hybrid,ERC,isolated_pin_label,Label connected to only one pin :: Global Label 'SOM_MIPI_CAM1_PDN_L',ACCEPTED_BY_DESIGN,Named PUBLIC_PINOUT SoM net (radxa_nx5_public_pinout_table.csv) on one SODIMM pin. Far-end connectors are PERIPH placeholders without per-pin symbols; adding a fake second pin would invent routing.,RETAIN. Digital package records named public nets; do not short distinct SoM pins.,/,artifacts/supervisor_ready_eda/kicad/handheld_hybrid/erc.json,warning
W0475,handheld_hybrid,ERC,endpoint_off_grid,"Symbol pin or wire end off connection grid :: Horizontal Wire, length 0.0254 mm",ACCEPTED_BY_DESIGN,"KiCad connection-grid residual. ERC text 'length 0.0254 mm' is the 1 mil off-grid error (JSON), not a stub: all schematic wires measure 2.54 mm. Public NX5/SODIMM pin coordinates are not on the default 50 mil grid; snapping would distort radxa_nx5_public_pinout_table.csv.",RETAIN. Do not ignore the ERC check; do not move public pin coordinates.,/,artifacts/supervisor_ready_eda/kicad/handheld_hybrid/erc.json,warning
W0476,handheld_hybrid,ERC,isolated_pin_label,Label connected to only one pin :: Global Label 'SOM_MIPI_CAM2_RST_L',ACCEPTED_BY_DESIGN,Named PUBLIC_PINOUT SoM net (radxa_nx5_public_pinout_table.csv) on one SODIMM pin. Far-end connectors are PERIPH placeholders without per-pin symbols; adding a fake second pin would invent routing.,RETAIN. Digital package records named public nets; do not short distinct SoM pins.,/,artifacts/supervisor_ready_eda/kicad/handheld_hybrid/erc.json,warning
W0477,handheld_hybrid,ERC,endpoint_off_grid,"Symbol pin or wire end off connection grid :: Horizontal Wire, length 0.0254 mm",ACCEPTED_BY_DESIGN,"KiCad connection-grid residual. ERC text 'length 0.0254 mm' is the 1 mil off-grid error (JSON), not a stub: all schematic wires measure 2.54 mm. Public NX5/SODIMM pin coordinates are not on the default 50 mil grid; snapping would distort radxa_nx5_public_pinout_table.csv.",RETAIN. Do not ignore the ERC check; do not move public pin coordinates.,/,artifacts/supervisor_ready_eda/kicad/handheld_hybrid/erc.json,warning
W0478,handheld_hybrid,ERC,isolated_pin_label,Label connected to only one pin :: Global Label 'SOM_MIPI_CSI0_RX_D3P',ACCEPTED_BY_DESIGN,Named PUBLIC_PINOUT SoM net (radxa_nx5_public_pinout_table.csv) on one SODIMM pin. Far-end connectors are PERIPH placeholders without per-pin symbols; adding a fake second pin would invent routing.,RETAIN. Digital package records named public nets; do not short distinct SoM pins.,/,artifacts/supervisor_ready_eda/kicad/handheld_hybrid/erc.json,warning
W0479,handheld_hybrid,ERC,endpoint_off_grid,"Symbol pin or wire end off connection grid :: Horizontal Wire, length 0.0254 mm",ACCEPTED_BY_DESIGN,"KiCad connection-grid residual. ERC text 'length 0.0254 mm' is the 1 mil off-grid error (JSON), not a stub: all schematic wires measure 2.54 mm. Public NX5/SODIMM pin coordinates are not on the default 50 mil grid; snapping would distort radxa_nx5_public_pinout_table.csv.",RETAIN. Do not ignore the ERC check; do not move public pin coordinates.,/,artifacts/supervisor_ready_eda/kicad/handheld_hybrid/erc.json,warning
W0480,handheld_hybrid,ERC,isolated_pin_label,Label connected to only one pin :: Global Label 'SOM_MIPI_CSI0_RX_D3N',ACCEPTED_BY_DESIGN,Named PUBLIC_PINOUT SoM net (radxa_nx5_public_pinout_table.csv) on one SODIMM pin. Far-end connectors are PERIPH placeholders without per-pin symbols; adding a fake second pin would invent routing.,RETAIN. Digital package records named public nets; do not short distinct SoM pins.,/,artifacts/supervisor_ready_eda/kicad/handheld_hybrid/erc.json,warning
W0481,handheld_hybrid,ERC,endpoint_off_grid,"Symbol pin or wire end off connection grid :: Horizontal Wire, length 0.0254 mm",ACCEPTED_BY_DESIGN,"KiCad connection-grid residual. ERC text 'length 0.0254 mm' is the 1 mil off-grid error (JSON), not a stub: all schematic wires measure 2.54 mm. Public NX5/SODIMM pin coordinates are not on the default 50 mil grid; snapping would distort radxa_nx5_public_pinout_table.csv.",RETAIN. Do not ignore the ERC check; do not move public pin coordinates.,/,artifacts/supervisor_ready_eda/kicad/handheld_hybrid/erc.json,warning
W0482,handheld_hybrid,ERC,isolated_pin_label,Label connected to only one pin :: Global Label 'SOM_MIPI_CSI0_RX_CLK1P',ACCEPTED_BY_DESIGN,Named PUBLIC_PINOUT SoM net (radxa_nx5_public_pinout_table.csv) on one SODIMM pin. Far-end connectors are PERIPH placeholders without per-pin symbols; adding a fake second pin would invent routing.,RETAIN. Digital package records named public nets; do not short distinct SoM pins.,/,artifacts/supervisor_ready_eda/kicad/handheld_hybrid/erc.json,warning
W0483,handheld_hybrid,ERC,endpoint_off_grid,"Symbol pin or wire end off connection grid :: Horizontal Wire, length 0.0254 mm",ACCEPTED_BY_DESIGN,"KiCad connection-grid residual. ERC text 'length 0.0254 mm' is the 1 mil off-grid error (JSON), not a stub: all schematic wires measure 2.54 mm. Public NX5/SODIMM pin coordinates are not on the default 50 mil grid; snapping would distort radxa_nx5_public_pinout_table.csv.",RETAIN. Do not ignore the ERC check; do not move public pin coordinates.,/,artifacts/supervisor_ready_eda/kicad/handheld_hybrid/erc.json,warning
W0484,handheld_hybrid,ERC,isolated_pin_label,Label connected to only one pin :: Global Label 'SOM_MIPI_CSI0_RX_CLK1N',ACCEPTED_BY_DESIGN,Named PUBLIC_PINOUT SoM net (radxa_nx5_public_pinout_table.csv) on one SODIMM pin. Far-end connectors are PERIPH placeholders without per-pin symbols; adding a fake second pin would invent routing.,RETAIN. Digital package records named public nets; do not short distinct SoM pins.,/,artifacts/supervisor_ready_eda/kicad/handheld_hybrid/erc.json,warning
W0485,handheld_hybrid,ERC,endpoint_off_grid,"Symbol pin or wire end off connection grid :: Horizontal Wire, length 0.0254 mm",ACCEPTED_BY_DESIGN,"KiCad connection-grid residual. ERC text 'length 0.0254 mm' is the 1 mil off-grid error (JSON), not a stub: all schematic wires measure 2.54 mm. Public NX5/SODIMM pin coordinates are not on the default 50 mil grid; snapping would distort radxa_nx5_public_pinout_table.csv.",RETAIN. Do not ignore the ERC check; do not move public pin coordinates.,/,artifacts/supervisor_ready_eda/kicad/handheld_hybrid/erc.json,warning
W0486,handheld_hybrid,ERC,isolated_pin_label,Label connected to only one pin :: Global Label 'SOM_MIPI_CSI0_RX_D2P',ACCEPTED_BY_DESIGN,Named PUBLIC_PINOUT SoM net (radxa_nx5_public_pinout_table.csv) on one SODIMM pin. Far-end connectors are PERIPH placeholders without per-pin symbols; adding a fake second pin would invent routing.,RETAIN. Digital package records named public nets; do not short distinct SoM pins.,/,artifacts/supervisor_ready_eda/kicad/handheld_hybrid/erc.json,warning
W0487,handheld_hybrid,ERC,endpoint_off_grid,"Symbol pin or wire end off connection grid :: Horizontal Wire, length 0.0254 mm",ACCEPTED_BY_DESIGN,"KiCad connection-grid residual. ERC text 'length 0.0254 mm' is the 1 mil off-grid error (JSON), not a stub: all schematic wires measure 2.54 mm. Public NX5/SODIMM pin coordinates are not on the default 50 mil grid; snapping would distort radxa_nx5_public_pinout_table.csv.",RETAIN. Do not ignore the ERC check; do not move public pin coordinates.,/,artifacts/supervisor_ready_eda/kicad/handheld_hybrid/erc.json,warning
W0488,handheld_hybrid,ERC,isolated_pin_label,Label connected to only one pin :: Global Label 'SOM_MIPI_CSI0_RX_D2N',ACCEPTED_BY_DESIGN,Named PUBLIC_PINOUT SoM net (radxa_nx5_public_pinout_table.csv) on one SODIMM pin. Far-end connectors are PERIPH placeholders without per-pin symbols; adding a fake second pin would invent routing.,RETAIN. Digital package records named public nets; do not short distinct SoM pins.,/,artifacts/supervisor_ready_eda/kicad/handheld_hybrid/erc.json,warning
W0489,handheld_hybrid,ERC,endpoint_off_grid,"Symbol pin or wire end off connection grid :: Horizontal Wire, length 0.0254 mm",ACCEPTED_BY_DESIGN,"KiCad connection-grid residual. ERC text 'length 0.0254 mm' is the 1 mil off-grid error (JSON), not a stub: all schematic wires measure 2.54 mm. Public NX5/SODIMM pin coordinates are not on the default 50 mil grid; snapping would distort radxa_nx5_public_pinout_table.csv.",RETAIN. Do not ignore the ERC check; do not move public pin coordinates.,/,artifacts/supervisor_ready_eda/kicad/handheld_hybrid/erc.json,warning
W0490,handheld_hybrid,ERC,isolated_pin_label,Label connected to only one pin :: Global Label 'SOM_UART2-TX',ACCEPTED_BY_DESIGN,Named PUBLIC_PINOUT SoM net (radxa_nx5_public_pinout_table.csv) on one SODIMM pin. Far-end connectors are PERIPH placeholders without per-pin symbols; adding a fake second pin would invent routing.,RETAIN. Digital package records named public nets; do not short distinct SoM pins.,/,artifacts/supervisor_ready_eda/kicad/handheld_hybrid/erc.json,warning
W0491,handheld_hybrid,ERC,endpoint_off_grid,"Symbol pin or wire end off connection grid :: Horizontal Wire, length 0.0254 mm",ACCEPTED_BY_DESIGN,"KiCad connection-grid residual. ERC text 'length 0.0254 mm' is the 1 mil off-grid error (JSON), not a stub: all schematic wires measure 2.54 mm. Public NX5/SODIMM pin coordinates are not on the default 50 mil grid; snapping would distort radxa_nx5_public_pinout_table.csv.",RETAIN. Do not ignore the ERC check; do not move public pin coordinates.,/,artifacts/supervisor_ready_eda/kicad/handheld_hybrid/erc.json,warning
W0492,handheld_hybrid,ERC,isolated_pin_label,Label connected to only one pin :: Global Label 'SOM_UART9-RTSN',ACCEPTED_BY_DESIGN,Named PUBLIC_PINOUT SoM net (radxa_nx5_public_pinout_table.csv) on one SODIMM pin. Far-end connectors are PERIPH placeholders without per-pin symbols; adding a fake second pin would invent routing.,RETAIN. Digital package records named public nets; do not short distinct SoM pins.,/,artifacts/supervisor_ready_eda/kicad/handheld_hybrid/erc.json,warning
W0493,handheld_hybrid,ERC,endpoint_off_grid,"Symbol pin or wire end off connection grid :: Horizontal Wire, length 0.0254 mm",ACCEPTED_BY_DESIGN,"KiCad connection-grid residual. ERC text 'length 0.0254 mm' is the 1 mil off-grid error (JSON), not a stub: all schematic wires measure 2.54 mm. Public NX5/SODIMM pin coordinates are not on the default 50 mil grid; snapping would distort radxa_nx5_public_pinout_table.csv.",RETAIN. Do not ignore the ERC check; do not move public pin coordinates.,/,artifacts/supervisor_ready_eda/kicad/handheld_hybrid/erc.json,warning
W0494,handheld_hybrid,ERC,isolated_pin_label,Label connected to only one pin :: Global Label 'SOM_UART9-TX',ACCEPTED_BY_DESIGN,Named PUBLIC_PINOUT SoM net (radxa_nx5_public_pinout_table.csv) on one SODIMM pin. Far-end connectors are PERIPH placeholders without per-pin symbols; adding a fake second pin would invent routing.,RETAIN. Digital package records named public nets; do not short distinct SoM pins.,/,artifacts/supervisor_ready_eda/kicad/handheld_hybrid/erc.json,warning
W0495,handheld_hybrid,ERC,endpoint_off_grid,"Symbol pin or wire end off connection grid :: Symbol JS_UART_DEBUG Pin 203 [UART9-TX, Passive, Line]",ACCEPTED_BY_DESIGN,"KiCad connection-grid residual. ERC text 'length 0.0254 mm' is the 1 mil off-grid error (JSON), not a stub: all schematic wires measure 2.54 mm. Public NX5/SODIMM pin coordinates are not on the default 50 mil grid; snapping would distort radxa_nx5_public_pinout_table.csv.",RETAIN. Do not ignore the ERC check; do not move public pin coordinates.,/,artifacts/supervisor_ready_eda/kicad/handheld_hybrid/erc.json,warning
W0496,handheld_hybrid,ERC,lib_symbol_issues,The current configuration does not include the symbol library '' :: Symbol JS_UART_DEBUG [SODIMM_UART_DEBUG],ACCEPTED_BY_DESIGN,KiCad parses embedded lib_id 'USB_C' as library ''. Prefixing to gunnchos: plus an extracted .kicad_sym made kicad-cli 10.0.5 fail schematic load. Embedded lib_symbols remain the in-tree source. Warning retained rather than breaking ERC.,RETAIN. Do not invent a pin-accurate symbol library. Do not add ERC ignore keys.,/,artifacts/supervisor_ready_eda/kicad/handheld_hybrid/erc.json,warning
W0497,handheld_hybrid,ERC,endpoint_off_grid,"Symbol pin or wire end off connection grid :: Horizontal Wire, length 0.0254 mm",ACCEPTED_BY_DESIGN,"KiCad connection-grid residual. ERC text 'length 0.0254 mm' is the 1 mil off-grid error (JSON), not a stub: all schematic wires measure 2.54 mm. Public NX5/SODIMM pin coordinates are not on the default 50 mil grid; snapping would distort radxa_nx5_public_pinout_table.csv.",RETAIN. Do not ignore the ERC check; do not move public pin coordinates.,/,artifacts/supervisor_ready_eda/kicad/handheld_hybrid/erc.json,warning
W0498,handheld_hybrid,ERC,isolated_pin_label,Label connected to only one pin :: Global Label 'SOM_UART2-RX',ACCEPTED_BY_DESIGN,Named PUBLIC_PINOUT SoM net (radxa_nx5_public_pinout_table.csv) on one SODIMM pin. Far-end connectors are PERIPH placeholders without per-pin symbols; adding a fake second pin would invent routing.,RETAIN. Digital package records named public nets; do not short distinct SoM pins.,/,artifacts/supervisor_ready_eda/kicad/handheld_hybrid/erc.json,warning
W0499,handheld_hybrid,ERC,endpoint_off_grid,"Symbol pin or wire end off connection grid :: Horizontal Wire, length 0.0254 mm",ACCEPTED_BY_DESIGN,"KiCad connection-grid residual. ERC text 'length 0.0254 mm' is the 1 mil off-grid error (JSON), not a stub: all schematic wires measure 2.54 mm. Public NX5/SODIMM pin coordinates are not on the default 50 mil grid; snapping would distort radxa_nx5_public_pinout_table.csv.",RETAIN. Do not ignore the ERC check; do not move public pin coordinates.,/,artifacts/supervisor_ready_eda/kicad/handheld_hybrid/erc.json,warning
W0500,handheld_hybrid,ERC,isolated_pin_label,Label connected to only one pin :: Global Label 'SOM_UART9-CTSN',ACCEPTED_BY_DESIGN,Named PUBLIC_PINOUT SoM net (radxa_nx5_public_pinout_table.csv) on one SODIMM pin. Far-end connectors are PERIPH placeholders without per-pin symbols; adding a fake second pin would invent routing.,RETAIN. Digital package records named public nets; do not short distinct SoM pins.,/,artifacts/supervisor_ready_eda/kicad/handheld_hybrid/erc.json,warning
W0501,handheld_hybrid,ERC,endpoint_off_grid,"Symbol pin or wire end off connection grid :: Horizontal Wire, length 0.0254 mm",ACCEPTED_BY_DESIGN,"KiCad connection-grid residual. ERC text 'length 0.0254 mm' is the 1 mil off-grid error (JSON), not a stub: all schematic wires measure 2.54 mm. Public NX5/SODIMM pin coordinates are not on the default 50 mil grid; snapping would distort radxa_nx5_public_pinout_table.csv.",RETAIN. Do not ignore the ERC check; do not move public pin coordinates.,/,artifacts/supervisor_ready_eda/kicad/handheld_hybrid/erc.json,warning
W0502,handheld_hybrid,ERC,isolated_pin_label,Label connected to only one pin :: Global Label 'SOM_UART9-RX',ACCEPTED_BY_DESIGN,Named PUBLIC_PINOUT SoM net (radxa_nx5_public_pinout_table.csv) on one SODIMM pin. Far-end connectors are PERIPH placeholders without per-pin symbols; adding a fake second pin would invent routing.,RETAIN. Digital package records named public nets; do not short distinct SoM pins.,/,artifacts/supervisor_ready_eda/kicad/handheld_hybrid/erc.json,warning
W0503,handheld_hybrid,ERC,endpoint_off_grid,"Symbol pin or wire end off connection grid :: Horizontal Wire, length 0.0254 mm",ACCEPTED_BY_DESIGN,"KiCad connection-grid residual. ERC text 'length 0.0254 mm' is the 1 mil off-grid error (JSON), not a stub: all schematic wires measure 2.54 mm. Public NX5/SODIMM pin coordinates are not on the default 50 mil grid; snapping would distort radxa_nx5_public_pinout_table.csv.",RETAIN. Do not ignore the ERC check; do not move public pin coordinates.,/,artifacts/supervisor_ready_eda/kicad/handheld_hybrid/erc.json,warning
W0504,handheld_hybrid,ERC,isolated_pin_label,Label connected to only one pin :: Global Label 'SOM_MIPI_DPHY1_RX_CLKP',ACCEPTED_BY_DESIGN,Named PUBLIC_PINOUT SoM net (radxa_nx5_public_pinout_table.csv) on one SODIMM pin. Far-end connectors are PERIPH placeholders without per-pin symbols; adding a fake second pin would invent routing.,RETAIN. Digital package records named public nets; do not short distinct SoM pins.,/,artifacts/supervisor_ready_eda/kicad/handheld_hybrid/erc.json,warning
W0505,handheld_hybrid,ERC,endpoint_off_grid,"Symbol pin or wire end off connection grid :: Horizontal Wire, length 0.0254 mm",ACCEPTED_BY_DESIGN,"KiCad connection-grid residual. ERC text 'length 0.0254 mm' is the 1 mil off-grid error (JSON), not a stub: all schematic wires measure 2.54 mm. Public NX5/SODIMM pin coordinates are not on the default 50 mil grid; snapping would distort radxa_nx5_public_pinout_table.csv.",RETAIN. Do not ignore the ERC check; do not move public pin coordinates.,/,artifacts/supervisor_ready_eda/kicad/handheld_hybrid/erc.json,warning
W0506,handheld_hybrid,ERC,isolated_pin_label,Label connected to only one pin :: Global Label 'SOM_MIPI_DPHY0_RX_CLKN',ACCEPTED_BY_DESIGN,Named PUBLIC_PINOUT SoM net (radxa_nx5_public_pinout_table.csv) on one SODIMM pin. Far-end connectors are PERIPH placeholders without per-pin symbols; adding a fake second pin would invent routing.,RETAIN. Digital package records named public nets; do not short distinct SoM pins.,/,artifacts/supervisor_ready_eda/kicad/handheld_hybrid/erc.json,warning
W0507,handheld_hybrid,ERC,endpoint_off_grid,"Symbol pin or wire end off connection grid :: Symbol JS_CLOCK Pin 28 [MIPI_DPHY0_RX_CLKN, Passive, Line]",ACCEPTED_BY_DESIGN,"KiCad connection-grid residual. ERC text 'length 0.0254 mm' is the 1 mil off-grid error (JSON), not a stub: all schematic wires measure 2.54 mm. Public NX5/SODIMM pin coordinates are not on the default 50 mil grid; snapping would distort radxa_nx5_public_pinout_table.csv.",RETAIN. Do not ignore the ERC check; do not move public pin coordinates.,/,artifacts/supervisor_ready_eda/kicad/handheld_hybrid/erc.json,warning
W0508,handheld_hybrid,ERC,lib_symbol_issues,The current configuration does not include the symbol library '' :: Symbol JS_CLOCK [SODIMM_CLOCK],ACCEPTED_BY_DESIGN,KiCad parses embedded lib_id 'USB_C' as library ''. Prefixing to gunnchos: plus an extracted .kicad_sym made kicad-cli 10.0.5 fail schematic load. Embedded lib_symbols remain the in-tree source. Warning retained rather than breaking ERC.,RETAIN. Do not invent a pin-accurate symbol library. Do not add ERC ignore keys.,/,artifacts/supervisor_ready_eda/kicad/handheld_hybrid/erc.json,warning
W0509,handheld_hybrid,ERC,endpoint_off_grid,"Symbol pin or wire end off connection grid :: Horizontal Wire, length 0.0254 mm",ACCEPTED_BY_DESIGN,"KiCad connection-grid residual. ERC text 'length 0.0254 mm' is the 1 mil off-grid error (JSON), not a stub: all schematic wires measure 2.54 mm. Public NX5/SODIMM pin coordinates are not on the default 50 mil grid; snapping would distort radxa_nx5_public_pinout_table.csv.",RETAIN. Do not ignore the ERC check; do not move public pin coordinates.,/,artifacts/supervisor_ready_eda/kicad/handheld_hybrid/erc.json,warning
W0510,handheld_hybrid,ERC,isolated_pin_label,Label connected to only one pin :: Global Label 'SOM_MIPI_DPHY0_RX_CLKP',ACCEPTED_BY_DESIGN,Named PUBLIC_PINOUT SoM net (radxa_nx5_public_pinout_table.csv) on one SODIMM pin. Far-end connectors are PERIPH placeholders without per-pin symbols; adding a fake second pin would invent routing.,RETAIN. Digital package records named public nets; do not short distinct SoM pins.,/,artifacts/supervisor_ready_eda/kicad/handheld_hybrid/erc.json,warning
W0511,handheld_hybrid,ERC,endpoint_off_grid,"Symbol pin or wire end off connection grid :: Horizontal Wire, length 0.0254 mm",ACCEPTED_BY_DESIGN,"KiCad connection-grid residual. ERC text 'length 0.0254 mm' is the 1 mil off-grid error (JSON), not a stub: all schematic wires measure 2.54 mm. Public NX5/SODIMM pin coordinates are not on the default 50 mil grid; snapping would distort radxa_nx5_public_pinout_table.csv.",RETAIN. Do not ignore the ERC check; do not move public pin coordinates.,/,artifacts/supervisor_ready_eda/kicad/handheld_hybrid/erc.json,warning
W0512,handheld_hybrid,ERC,isolated_pin_label,Label connected to only one pin :: Global Label 'SOM_SPK_CTL_H',ACCEPTED_BY_DESIGN,Named PUBLIC_PINOUT SoM net (radxa_nx5_public_pinout_table.csv) on one SODIMM pin. Far-end connectors are PERIPH placeholders without per-pin symbols; adding a fake second pin would invent routing.,RETAIN. Digital package records named public nets; do not short distinct SoM pins.,/,artifacts/supervisor_ready_eda/kicad/handheld_hybrid/erc.json,warning
W0513,handheld_hybrid,ERC,endpoint_off_grid,"Symbol pin or wire end off connection grid :: Horizontal Wire, length 0.0254 mm",ACCEPTED_BY_DESIGN,"KiCad connection-grid residual. ERC text 'length 0.0254 mm' is the 1 mil off-grid error (JSON), not a stub: all schematic wires measure 2.54 mm. Public NX5/SODIMM pin coordinates are not on the default 50 mil grid; snapping would distort radxa_nx5_public_pinout_table.csv.",RETAIN. Do not ignore the ERC check; do not move public pin coordinates.,/,artifacts/supervisor_ready_eda/kicad/handheld_hybrid/erc.json,warning
W0514,handheld_hybrid,ERC,isolated_pin_label,Label connected to only one pin :: Global Label 'SOM_RK803_EN2_PRO',ACCEPTED_BY_DESIGN,Named PUBLIC_PINOUT SoM net (radxa_nx5_public_pinout_table.csv) on one SODIMM pin. Far-end connectors are PERIPH placeholders without per-pin symbols; adding a fake second pin would invent routing.,RETAIN. Digital package records named public nets; do not short distinct SoM pins.,/,artifacts/supervisor_ready_eda/kicad/handheld_hybrid/erc.json,warning
W0515,handheld_hybrid,ERC,endpoint_off_grid,"Symbol pin or wire end off connection grid :: Horizontal Wire, length 0.0254 mm",ACCEPTED_BY_DESIGN,"KiCad connection-grid residual. ERC text 'length 0.0254 mm' is the 1 mil off-grid error (JSON), not a stub: all schematic wires measure 2.54 mm. Public NX5/SODIMM pin coordinates are not on the default 50 mil grid; snapping would distort radxa_nx5_public_pinout_table.csv.",RETAIN. Do not ignore the ERC check; do not move public pin coordinates.,/,artifacts/supervisor_ready_eda/kicad/handheld_hybrid/erc.json,warning
W0516,handheld_hybrid,ERC,isolated_pin_label,Label connected to only one pin :: Global Label 'SOM_PHY1_MDI_3-',ACCEPTED_BY_DESIGN,Named PUBLIC_PINOUT SoM net (radxa_nx5_public_pinout_table.csv) on one SODIMM pin. Far-end connectors are PERIPH placeholders without per-pin symbols; adding a fake second pin would invent routing.,RETAIN. Digital package records named public nets; do not short distinct SoM pins.,/,artifacts/supervisor_ready_eda/kicad/handheld_hybrid/erc.json,warning
W0517,handheld_hybrid,ERC,endpoint_off_grid,"Symbol pin or wire end off connection grid :: Horizontal Wire, length 0.0254 mm",ACCEPTED_BY_DESIGN,"KiCad connection-grid residual. ERC text 'length 0.0254 mm' is the 1 mil off-grid error (JSON), not a stub: all schematic wires measure 2.54 mm. Public NX5/SODIMM pin coordinates are not on the default 50 mil grid; snapping would distort radxa_nx5_public_pinout_table.csv.",RETAIN. Do not ignore the ERC check; do not move public pin coordinates.,/,artifacts/supervisor_ready_eda/kicad/handheld_hybrid/erc.json,warning
W0518,handheld_hybrid,ERC,isolated_pin_label,Label connected to only one pin :: Global Label 'SOM_PHY1_MDI_2-',ACCEPTED_BY_DESIGN,Named PUBLIC_PINOUT SoM net (radxa_nx5_public_pinout_table.csv) on one SODIMM pin. Far-end connectors are PERIPH placeholders without per-pin symbols; adding a fake second pin would invent routing.,RETAIN. Digital package records named public nets; do not short distinct SoM pins.,/,artifacts/supervisor_ready_eda/kicad/handheld_hybrid/erc.json,warning
W0519,handheld_hybrid,ERC,endpoint_off_grid,"Symbol pin or wire end off connection grid :: Horizontal Wire, length 0.0254 mm",ACCEPTED_BY_DESIGN,"KiCad connection-grid residual. ERC text 'length 0.0254 mm' is the 1 mil off-grid error (JSON), not a stub: all schematic wires measure 2.54 mm. Public NX5/SODIMM pin coordinates are not on the default 50 mil grid; snapping would distort radxa_nx5_public_pinout_table.csv.",RETAIN. Do not ignore the ERC check; do not move public pin coordinates.,/,artifacts/supervisor_ready_eda/kicad/handheld_hybrid/erc.json,warning
W0520,handheld_hybrid,ERC,isolated_pin_label,Label connected to only one pin :: Global Label 'SOM_PHY1_MDI_1+',ACCEPTED_BY_DESIGN,Named PUBLIC_PINOUT SoM net (radxa_nx5_public_pinout_table.csv) on one SODIMM pin. Far-end connectors are PERIPH placeholders without per-pin symbols; adding a fake second pin would invent routing.,RETAIN. Digital package records named public nets; do not short distinct SoM pins.,/,artifacts/supervisor_ready_eda/kicad/handheld_hybrid/erc.json,warning
W0521,handheld_hybrid,ERC,endpoint_off_grid,"Symbol pin or wire end off connection grid :: Horizontal Wire, length 0.0254 mm",ACCEPTED_BY_DESIGN,"KiCad connection-grid residual. ERC text 'length 0.0254 mm' is the 1 mil off-grid error (JSON), not a stub: all schematic wires measure 2.54 mm. Public NX5/SODIMM pin coordinates are not on the default 50 mil grid; snapping would distort radxa_nx5_public_pinout_table.csv.",RETAIN. Do not ignore the ERC check; do not move public pin coordinates.,/,artifacts/supervisor_ready_eda/kicad/handheld_hybrid/erc.json,warning
W0522,handheld_hybrid,ERC,isolated_pin_label,Label connected to only one pin :: Global Label 'SOM_PHY1_MDI_1-',ACCEPTED_BY_DESIGN,Named PUBLIC_PINOUT SoM net (radxa_nx5_public_pinout_table.csv) on one SODIMM pin. Far-end connectors are PERIPH placeholders without per-pin symbols; adding a fake second pin would invent routing.,RETAIN. Digital package records named public nets; do not short distinct SoM pins.,/,artifacts/supervisor_ready_eda/kicad/handheld_hybrid/erc.json,warning
W0523,handheld_hybrid,ERC,endpoint_off_grid,"Symbol pin or wire end off connection grid :: Horizontal Wire, length 0.0254 mm",ACCEPTED_BY_DESIGN,"KiCad connection-grid residual. ERC text 'length 0.0254 mm' is the 1 mil off-grid error (JSON), not a stub: all schematic wires measure 2.54 mm. Public NX5/SODIMM pin coordinates are not on the default 50 mil grid; snapping would distort radxa_nx5_public_pinout_table.csv.",RETAIN. Do not ignore the ERC check; do not move public pin coordinates.,/,artifacts/supervisor_ready_eda/kicad/handheld_hybrid/erc.json,warning
W0524,handheld_hybrid,ERC,isolated_pin_label,Label connected to only one pin :: Global Label 'SOM_PHY1_MDI_0+',ACCEPTED_BY_DESIGN,Named PUBLIC_PINOUT SoM net (radxa_nx5_public_pinout_table.csv) on one SODIMM pin. Far-end connectors are PERIPH placeholders without per-pin symbols; adding a fake second pin would invent routing.,RETAIN. Digital package records named public nets; do not short distinct SoM pins.,/,artifacts/supervisor_ready_eda/kicad/handheld_hybrid/erc.json,warning
W0525,handheld_hybrid,ERC,endpoint_off_grid,"Symbol pin or wire end off connection grid :: Horizontal Wire, length 0.0254 mm",ACCEPTED_BY_DESIGN,"KiCad connection-grid residual. ERC text 'length 0.0254 mm' is the 1 mil off-grid error (JSON), not a stub: all schematic wires measure 2.54 mm. Public NX5/SODIMM pin coordinates are not on the default 50 mil grid; snapping would distort radxa_nx5_public_pinout_table.csv.",RETAIN. Do not ignore the ERC check; do not move public pin coordinates.,/,artifacts/supervisor_ready_eda/kicad/handheld_hybrid/erc.json,warning
W0526,handheld_hybrid,ERC,isolated_pin_label,Label connected to only one pin :: Global Label 'SOM_CHRG_OK_H',ACCEPTED_BY_DESIGN,Named PUBLIC_PINOUT SoM net (radxa_nx5_public_pinout_table.csv) on one SODIMM pin. Far-end connectors are PERIPH placeholders without per-pin symbols; adding a fake second pin would invent routing.,RETAIN. Digital package records named public nets; do not short distinct SoM pins.,/,artifacts/supervisor_ready_eda/kicad/handheld_hybrid/erc.json,warning
W0527,handheld_hybrid,ERC,endpoint_off_grid,"Symbol pin or wire end off connection grid :: Horizontal Wire, length 0.0254 mm",ACCEPTED_BY_DESIGN,"KiCad connection-grid residual. ERC text 'length 0.0254 mm' is the 1 mil off-grid error (JSON), not a stub: all schematic wires measure 2.54 mm. Public NX5/SODIMM pin coordinates are not on the default 50 mil grid; snapping would distort radxa_nx5_public_pinout_table.csv.",RETAIN. Do not ignore the ERC check; do not move public pin coordinates.,/,artifacts/supervisor_ready_eda/kicad/handheld_hybrid/erc.json,warning
W0528,handheld_hybrid,ERC,isolated_pin_label,Label connected to only one pin :: Global Label 'SOM_BQ_OTG_EN_H',ACCEPTED_BY_DESIGN,Named PUBLIC_PINOUT SoM net (radxa_nx5_public_pinout_table.csv) on one SODIMM pin. Far-end connectors are PERIPH placeholders without per-pin symbols; adding a fake second pin would invent routing.,RETAIN. Digital package records named public nets; do not short distinct SoM pins.,/,artifacts/supervisor_ready_eda/kicad/handheld_hybrid/erc.json,warning
W0529,handheld_hybrid,ERC,endpoint_off_grid,"Symbol pin or wire end off connection grid :: Horizontal Wire, length 0.0254 mm",ACCEPTED_BY_DESIGN,"KiCad connection-grid residual. ERC text 'length 0.0254 mm' is the 1 mil off-grid error (JSON), not a stub: all schematic wires measure 2.54 mm. Public NX5/SODIMM pin coordinates are not on the default 50 mil grid; snapping would distort radxa_nx5_public_pinout_table.csv.",RETAIN. Do not ignore the ERC check; do not move public pin coordinates.,/,artifacts/supervisor_ready_eda/kicad/handheld_hybrid/erc.json,warning
W0530,handheld_hybrid,ERC,isolated_pin_label,Label connected to only one pin :: Global Label 'SOM_GSENSOR_INT_L',ACCEPTED_BY_DESIGN,Named PUBLIC_PINOUT SoM net (radxa_nx5_public_pinout_table.csv) on one SODIMM pin. Far-end connectors are PERIPH placeholders without per-pin symbols; adding a fake second pin would invent routing.,RETAIN. Digital package records named public nets; do not short distinct SoM pins.,/,artifacts/supervisor_ready_eda/kicad/handheld_hybrid/erc.json,warning
W0531,handheld_hybrid,ERC,endpoint_off_grid,"Symbol pin or wire end off connection grid :: Horizontal Wire, length 0.0254 mm",ACCEPTED_BY_DESIGN,"KiCad connection-grid residual. ERC text 'length 0.0254 mm' is the 1 mil off-grid error (JSON), not a stub: all schematic wires measure 2.54 mm. Public NX5/SODIMM pin coordinates are not on the default 50 mil grid; snapping would distort radxa_nx5_public_pinout_table.csv.",RETAIN. Do not ignore the ERC check; do not move public pin coordinates.,/,artifacts/supervisor_ready_eda/kicad/handheld_hybrid/erc.json,warning
W0532,handheld_hybrid,ERC,isolated_pin_label,Label connected to only one pin :: Global Label 'SOM_HDMI-SDA',ACCEPTED_BY_DESIGN,Named PUBLIC_PINOUT SoM net (radxa_nx5_public_pinout_table.csv) on one SODIMM pin. Far-end connectors are PERIPH placeholders without per-pin symbols; adding a fake second pin would invent routing.,RETAIN. Digital package records named public nets; do not short distinct SoM pins.,/,artifacts/supervisor_ready_eda/kicad/handheld_hybrid/erc.json,warning
W0533,handheld_hybrid,ERC,endpoint_off_grid,"Symbol pin or wire end off connection grid :: Horizontal Wire, length 0.0254 mm",ACCEPTED_BY_DESIGN,"KiCad connection-grid residual. ERC text 'length 0.0254 mm' is the 1 mil off-grid error (JSON), not a stub: all schematic wires measure 2.54 mm. Public NX5/SODIMM pin coordinates are not on the default 50 mil grid; snapping would distort radxa_nx5_public_pinout_table.csv.",RETAIN. Do not ignore the ERC check; do not move public pin coordinates.,/,artifacts/supervisor_ready_eda/kicad/handheld_hybrid/erc.json,warning
W0534,handheld_hybrid,ERC,isolated_pin_label,Label connected to only one pin :: Global Label 'SOM_TP_RST_L',ACCEPTED_BY_DESIGN,Named PUBLIC_PINOUT SoM net (radxa_nx5_public_pinout_table.csv) on one SODIMM pin. Far-end connectors are PERIPH placeholders without per-pin symbols; adding a fake second pin would invent routing.,RETAIN. Digital package records named public nets; do not short distinct SoM pins.,/,artifacts/supervisor_ready_eda/kicad/handheld_hybrid/erc.json,warning
W0535,handheld_hybrid,ERC,endpoint_off_grid,"Symbol pin or wire end off connection grid :: Horizontal Wire, length 0.0254 mm",ACCEPTED_BY_DESIGN,"KiCad connection-grid residual. ERC text 'length 0.0254 mm' is the 1 mil off-grid error (JSON), not a stub: all schematic wires measure 2.54 mm. Public NX5/SODIMM pin coordinates are not on the default 50 mil grid; snapping would distort radxa_nx5_public_pinout_table.csv.",RETAIN. Do not ignore the ERC check; do not move public pin coordinates.,/,artifacts/supervisor_ready_eda/kicad/handheld_hybrid/erc.json,warning
W0536,handheld_hybrid,ERC,isolated_pin_label,Label connected to only one pin :: Global Label 'SOM_MIPI_DPHY1_RX_D3P',ACCEPTED_BY_DESIGN,Named PUBLIC_PINOUT SoM net (radxa_nx5_public_pinout_table.csv) on one SODIMM pin. Far-end connectors are PERIPH placeholders without per-pin symbols; adding a fake second pin would invent routing.,RETAIN. Digital package records named public nets; do not short distinct SoM pins.,/,artifacts/supervisor_ready_eda/kicad/handheld_hybrid/erc.json,warning
W0537,handheld_hybrid,ERC,endpoint_off_grid,"Symbol pin or wire end off connection grid :: Horizontal Wire, length 0.0254 mm",ACCEPTED_BY_DESIGN,"KiCad connection-grid residual. ERC text 'length 0.0254 mm' is the 1 mil off-grid error (JSON), not a stub: all schematic wires measure 2.54 mm. Public NX5/SODIMM pin coordinates are not on the default 50 mil grid; snapping would distort radxa_nx5_public_pinout_table.csv.",RETAIN. Do not ignore the ERC check; do not move public pin coordinates.,/,artifacts/supervisor_ready_eda/kicad/handheld_hybrid/erc.json,warning
W0538,handheld_hybrid,ERC,isolated_pin_label,Label connected to only one pin :: Global Label 'SOM_MIPI_DPHY1_RX_D1P',ACCEPTED_BY_DESIGN,Named PUBLIC_PINOUT SoM net (radxa_nx5_public_pinout_table.csv) on one SODIMM pin. Far-end connectors are PERIPH placeholders without per-pin symbols; adding a fake second pin would invent routing.,RETAIN. Digital package records named public nets; do not short distinct SoM pins.,/,artifacts/supervisor_ready_eda/kicad/handheld_hybrid/erc.json,warning
W0539,handheld_hybrid,ERC,endpoint_off_grid,"Symbol pin or wire end off connection grid :: Horizontal Wire, length 0.0254 mm",ACCEPTED_BY_DESIGN,"KiCad connection-grid residual. ERC text 'length 0.0254 mm' is the 1 mil off-grid error (JSON), not a stub: all schematic wires measure 2.54 mm. Public NX5/SODIMM pin coordinates are not on the default 50 mil grid; snapping would distort radxa_nx5_public_pinout_table.csv.",RETAIN. Do not ignore the ERC check; do not move public pin coordinates.,/,artifacts/supervisor_ready_eda/kicad/handheld_hybrid/erc.json,warning
W0540,handheld_hybrid,ERC,isolated_pin_label,Label connected to only one pin :: Global Label 'SOM_MIPI_CPHY1_RX_TRIO1_B',ACCEPTED_BY_DESIGN,Named PUBLIC_PINOUT SoM net (radxa_nx5_public_pinout_table.csv) on one SODIMM pin. Far-end connectors are PERIPH placeholders without per-pin symbols; adding a fake second pin would invent routing.,RETAIN. Digital package records named public nets; do not short distinct SoM pins.,/,artifacts/supervisor_ready_eda/kicad/handheld_hybrid/erc.json,warning
W0541,handheld_hybrid,ERC,endpoint_off_grid,"Symbol pin or wire end off connection grid :: Horizontal Wire, length 0.0254 mm",ACCEPTED_BY_DESIGN,"KiCad connection-grid residual. ERC text 'length 0.0254 mm' is the 1 mil off-grid error (JSON), not a stub: all schematic wires measure 2.54 mm. Public NX5/SODIMM pin coordinates are not on the default 50 mil grid; snapping would distort radxa_nx5_public_pinout_table.csv.",RETAIN. Do not ignore the ERC check; do not move public pin coordinates.,/,artifacts/supervisor_ready_eda/kicad/handheld_hybrid/erc.json,warning
W0542,handheld_hybrid,ERC,isolated_pin_label,Label connected to only one pin :: Global Label 'SOM_MIPI_DPHY1_RX_D0N',ACCEPTED_BY_DESIGN,Named PUBLIC_PINOUT SoM net (radxa_nx5_public_pinout_table.csv) on one SODIMM pin. Far-end connectors are PERIPH placeholders without per-pin symbols; adding a fake second pin would invent routing.,RETAIN. Digital package records named public nets; do not short distinct SoM pins.,/,artifacts/supervisor_ready_eda/kicad/handheld_hybrid/erc.json,warning
W0543,handheld_hybrid,ERC,endpoint_off_grid,"Symbol pin or wire end off connection grid :: Horizontal Wire, length 0.0254 mm",ACCEPTED_BY_DESIGN,"KiCad connection-grid residual. ERC text 'length 0.0254 mm' is the 1 mil off-grid error (JSON), not a stub: all schematic wires measure 2.54 mm. Public NX5/SODIMM pin coordinates are not on the default 50 mil grid; snapping would distort radxa_nx5_public_pinout_table.csv.",RETAIN. Do not ignore the ERC check; do not move public pin coordinates.,/,artifacts/supervisor_ready_eda/kicad/handheld_hybrid/erc.json,warning
W0544,handheld_hybrid,ERC,isolated_pin_label,Label connected to only one pin :: Global Label 'SOM_MIPI_DPHY1_RX_D2N',ACCEPTED_BY_DESIGN,Named PUBLIC_PINOUT SoM net (radxa_nx5_public_pinout_table.csv) on one SODIMM pin. Far-end connectors are PERIPH placeholders without per-pin symbols; adding a fake second pin would invent routing.,RETAIN. Digital package records named public nets; do not short distinct SoM pins.,/,artifacts/supervisor_ready_eda/kicad/handheld_hybrid/erc.json,warning
W0545,handheld_hybrid,ERC,endpoint_off_grid,"Symbol pin or wire end off connection grid :: Vertical Wire, length 0.0254 mm",ACCEPTED_BY_DESIGN,"KiCad connection-grid residual. ERC text 'length 0.0254 mm' is the 1 mil off-grid error (JSON), not a stub: all schematic wires measure 2.54 mm. Public NX5/SODIMM pin coordinates are not on the default 50 mil grid; snapping would distort radxa_nx5_public_pinout_table.csv.",RETAIN. Do not ignore the ERC check; do not move public pin coordinates.,/,artifacts/supervisor_ready_eda/kicad/handheld_hybrid/erc.json,warning
W0546,handheld_hybrid,ERC,endpoint_off_grid,"Symbol pin or wire end off connection grid :: Symbol JS_OTHER Pin 22 [MIPI_DPHY0_RX_D0N, Passive, Line]",ACCEPTED_BY_DESIGN,"KiCad connection-grid residual. ERC text 'length 0.0254 mm' is the 1 mil off-grid error (JSON), not a stub: all schematic wires measure 2.54 mm. Public NX5/SODIMM pin coordinates are not on the default 50 mil grid; snapping would distort radxa_nx5_public_pinout_table.csv.",RETAIN. Do not ignore the ERC check; do not move public pin coordinates.,/,artifacts/supervisor_ready_eda/kicad/handheld_hybrid/erc.json,warning
W0547,handheld_hybrid,ERC,endpoint_off_grid,"Symbol pin or wire end off connection grid :: Vertical Wire, length 0.0254 mm",ACCEPTED_BY_DESIGN,"KiCad connection-grid residual. ERC text 'length 0.0254 mm' is the 1 mil off-grid error (JSON), not a stub: all schematic wires measure 2.54 mm. Public NX5/SODIMM pin coordinates are not on the default 50 mil grid; snapping would distort radxa_nx5_public_pinout_table.csv.",RETAIN. Do not ignore the ERC check; do not move public pin coordinates.,/,artifacts/supervisor_ready_eda/kicad/handheld_hybrid/erc.json,warning
W0548,handheld_hybrid,ERC,endpoint_off_grid,"Symbol pin or wire end off connection grid :: Vertical Wire, length 0.0254 mm",ACCEPTED_BY_DESIGN,"KiCad connection-grid residual. ERC text 'length 0.0254 mm' is the 1 mil off-grid error (JSON), not a stub: all schematic wires measure 2.54 mm. Public NX5/SODIMM pin coordinates are not on the default 50 mil grid; snapping would distort radxa_nx5_public_pinout_table.csv.",RETAIN. Do not ignore the ERC check; do not move public pin coordinates.,/,artifacts/supervisor_ready_eda/kicad/handheld_hybrid/erc.json,warning
W0549,handheld_hybrid,ERC,endpoint_off_grid,"Symbol pin or wire end off connection grid :: Vertical Wire, length 0.0254 mm",ACCEPTED_BY_DESIGN,"KiCad connection-grid residual. ERC text 'length 0.0254 mm' is the 1 mil off-grid error (JSON), not a stub: all schematic wires measure 2.54 mm. Public NX5/SODIMM pin coordinates are not on the default 50 mil grid; snapping would distort radxa_nx5_public_pinout_table.csv.",RETAIN. Do not ignore the ERC check; do not move public pin coordinates.,/,artifacts/supervisor_ready_eda/kicad/handheld_hybrid/erc.json,warning
W0550,handheld_hybrid,ERC,lib_symbol_issues,The current configuration does not include the symbol library '' :: Symbol JS_OTHER [SODIMM_OTHER],ACCEPTED_BY_DESIGN,KiCad parses embedded lib_id 'USB_C' as library ''. Prefixing to gunnchos: plus an extracted .kicad_sym made kicad-cli 10.0.5 fail schematic load. Embedded lib_symbols remain the in-tree source. Warning retained rather than breaking ERC.,RETAIN. Do not invent a pin-accurate symbol library. Do not add ERC ignore keys.,/,artifacts/supervisor_ready_eda/kicad/handheld_hybrid/erc.json,warning
W0551,handheld_hybrid,ERC,endpoint_off_grid,"Symbol pin or wire end off connection grid :: Vertical Wire, length 0.0254 mm",ACCEPTED_BY_DESIGN,"KiCad connection-grid residual. ERC text 'length 0.0254 mm' is the 1 mil off-grid error (JSON), not a stub: all schematic wires measure 2.54 mm. Public NX5/SODIMM pin coordinates are not on the default 50 mil grid; snapping would distort radxa_nx5_public_pinout_table.csv.",RETAIN. Do not ignore the ERC check; do not move public pin coordinates.,/,artifacts/supervisor_ready_eda/kicad/handheld_hybrid/erc.json,warning
W0552,handheld_hybrid,ERC,endpoint_off_grid,"Symbol pin or wire end off connection grid :: Vertical Wire, length 0.0254 mm",ACCEPTED_BY_DESIGN,"KiCad connection-grid residual. ERC text 'length 0.0254 mm' is the 1 mil off-grid error (JSON), not a stub: all schematic wires measure 2.54 mm. Public NX5/SODIMM pin coordinates are not on the default 50 mil grid; snapping would distort radxa_nx5_public_pinout_table.csv.",RETAIN. Do not ignore the ERC check; do not move public pin coordinates.,/,artifacts/supervisor_ready_eda/kicad/handheld_hybrid/erc.json,warning
W0553,handheld_hybrid,ERC,endpoint_off_grid,"Symbol pin or wire end off connection grid :: Vertical Wire, length 0.0254 mm",ACCEPTED_BY_DESIGN,"KiCad connection-grid residual. ERC text 'length 0.0254 mm' is the 1 mil off-grid error (JSON), not a stub: all schematic wires measure 2.54 mm. Public NX5/SODIMM pin coordinates are not on the default 50 mil grid; snapping would distort radxa_nx5_public_pinout_table.csv.",RETAIN. Do not ignore the ERC check; do not move public pin coordinates.,/,artifacts/supervisor_ready_eda/kicad/handheld_hybrid/erc.json,warning
W0554,handheld_hybrid,ERC,endpoint_off_grid,"Symbol pin or wire end off connection grid :: Vertical Wire, length 0.0254 mm",ACCEPTED_BY_DESIGN,"KiCad connection-grid residual. ERC text 'length 0.0254 mm' is the 1 mil off-grid error (JSON), not a stub: all schematic wires measure 2.54 mm. Public NX5/SODIMM pin coordinates are not on the default 50 mil grid; snapping would distort radxa_nx5_public_pinout_table.csv.",RETAIN. Do not ignore the ERC check; do not move public pin coordinates.,/,artifacts/supervisor_ready_eda/kicad/handheld_hybrid/erc.json,warning
W0555,handheld_hybrid,ERC,endpoint_off_grid,"Symbol pin or wire end off connection grid :: Vertical Wire, length 0.0254 mm",ACCEPTED_BY_DESIGN,"KiCad connection-grid residual. ERC text 'length 0.0254 mm' is the 1 mil off-grid error (JSON), not a stub: all schematic wires measure 2.54 mm. Public NX5/SODIMM pin coordinates are not on the default 50 mil grid; snapping would distort radxa_nx5_public_pinout_table.csv.",RETAIN. Do not ignore the ERC check; do not move public pin coordinates.,/,artifacts/supervisor_ready_eda/kicad/handheld_hybrid/erc.json,warning
W0556,handheld_hybrid,ERC,endpoint_off_grid,"Symbol pin or wire end off connection grid :: Vertical Wire, length 0.0254 mm",ACCEPTED_BY_DESIGN,"KiCad connection-grid residual. ERC text 'length 0.0254 mm' is the 1 mil off-grid error (JSON), not a stub: all schematic wires measure 2.54 mm. Public NX5/SODIMM pin coordinates are not on the default 50 mil grid; snapping would distort radxa_nx5_public_pinout_table.csv.",RETAIN. Do not ignore the ERC check; do not move public pin coordinates.,/,artifacts/supervisor_ready_eda/kicad/handheld_hybrid/erc.json,warning
W0557,handheld_hybrid,ERC,endpoint_off_grid,"Symbol pin or wire end off connection grid :: Horizontal Wire, length 0.0254 mm",ACCEPTED_BY_DESIGN,"KiCad connection-grid residual. ERC text 'length 0.0254 mm' is the 1 mil off-grid error (JSON), not a stub: all schematic wires measure 2.54 mm. Public NX5/SODIMM pin coordinates are not on the default 50 mil grid; snapping would distort radxa_nx5_public_pinout_table.csv.",RETAIN. Do not ignore the ERC check; do not move public pin coordinates.,/,artifacts/supervisor_ready_eda/kicad/handheld_hybrid/erc.json,warning
W0558,handheld_hybrid,ERC,isolated_pin_label,Label connected to only one pin :: Global Label 'SOM_GAUGE_ALRT',ACCEPTED_BY_DESIGN,Named PUBLIC_PINOUT SoM net (radxa_nx5_public_pinout_table.csv) on one SODIMM pin. Far-end connectors are PERIPH placeholders without per-pin symbols; adding a fake second pin would invent routing.,RETAIN. Digital package records named public nets; do not short distinct SoM pins.,/,artifacts/supervisor_ready_eda/kicad/handheld_hybrid/erc.json,warning
W0559,handheld_hybrid,ERC,endpoint_off_grid,"Symbol pin or wire end off connection grid :: Horizontal Wire, length 0.0254 mm",ACCEPTED_BY_DESIGN,"KiCad connection-grid residual. ERC text 'length 0.0254 mm' is the 1 mil off-grid error (JSON), not a stub: all schematic wires measure 2.54 mm. Public NX5/SODIMM pin coordinates are not on the default 50 mil grid; snapping would distort radxa_nx5_public_pinout_table.csv.",RETAIN. Do not ignore the ERC check; do not move public pin coordinates.,/,artifacts/supervisor_ready_eda/kicad/handheld_hybrid/erc.json,warning
W0560,handheld_hybrid,ERC,isolated_pin_label,Label connected to only one pin :: Global Label 'SOM_PHY1_MDI_3+',ACCEPTED_BY_DESIGN,Named PUBLIC_PINOUT SoM net (radxa_nx5_public_pinout_table.csv) on one SODIMM pin. Far-end connectors are PERIPH placeholders without per-pin symbols; adding a fake second pin would invent routing.,RETAIN. Digital package records named public nets; do not short distinct SoM pins.,/,artifacts/supervisor_ready_eda/kicad/handheld_hybrid/erc.json,warning
W0561,handheld_hybrid,ERC,endpoint_off_grid,"Symbol pin or wire end off connection grid :: Horizontal Wire, length 0.0254 mm",ACCEPTED_BY_DESIGN,"KiCad connection-grid residual. ERC text 'length 0.0254 mm' is the 1 mil off-grid error (JSON), not a stub: all schematic wires measure 2.54 mm. Public NX5/SODIMM pin coordinates are not on the default 50 mil grid; snapping would distort radxa_nx5_public_pinout_table.csv.",RETAIN. Do not ignore the ERC check; do not move public pin coordinates.,/,artifacts/supervisor_ready_eda/kicad/handheld_hybrid/erc.json,warning
W0562,handheld_hybrid,ERC,isolated_pin_label,Label connected to only one pin :: Global Label 'SOM_PHY1_MDI_2+',ACCEPTED_BY_DESIGN,Named PUBLIC_PINOUT SoM net (radxa_nx5_public_pinout_table.csv) on one SODIMM pin. Far-end connectors are PERIPH placeholders without per-pin symbols; adding a fake second pin would invent routing.,RETAIN. Digital package records named public nets; do not short distinct SoM pins.,/,artifacts/supervisor_ready_eda/kicad/handheld_hybrid/erc.json,warning
W0563,handheld_hybrid,ERC,endpoint_off_grid,"Symbol pin or wire end off connection grid :: Horizontal Wire, length 0.0254 mm",ACCEPTED_BY_DESIGN,"KiCad connection-grid residual. ERC text 'length 0.0254 mm' is the 1 mil off-grid error (JSON), not a stub: all schematic wires measure 2.54 mm. Public NX5/SODIMM pin coordinates are not on the default 50 mil grid; snapping would distort radxa_nx5_public_pinout_table.csv.",RETAIN. Do not ignore the ERC check; do not move public pin coordinates.,/,artifacts/supervisor_ready_eda/kicad/handheld_hybrid/erc.json,warning
W0564,handheld_hybrid,ERC,isolated_pin_label,Label connected to only one pin :: Global Label 'SOM_RIGHT-ACT',ACCEPTED_BY_DESIGN,Named PUBLIC_PINOUT SoM net (radxa_nx5_public_pinout_table.csv) on one SODIMM pin. Far-end connectors are PERIPH placeholders without per-pin symbols; adding a fake second pin would invent routing.,RETAIN. Digital package records named public nets; do not short distinct SoM pins.,/,artifacts/supervisor_ready_eda/kicad/handheld_hybrid/erc.json,warning
W0565,handheld_hybrid,ERC,endpoint_off_grid,"Symbol pin or wire end off connection grid :: Horizontal Wire, length 0.0254 mm",ACCEPTED_BY_DESIGN,"KiCad connection-grid residual. ERC text 'length 0.0254 mm' is the 1 mil off-grid error (JSON), not a stub: all schematic wires measure 2.54 mm. Public NX5/SODIMM pin coordinates are not on the default 50 mil grid; snapping would distort radxa_nx5_public_pinout_table.csv.",RETAIN. Do not ignore the ERC check; do not move public pin coordinates.,/,artifacts/supervisor_ready_eda/kicad/handheld_hybrid/erc.json,warning
W0566,handheld_hybrid,ERC,isolated_pin_label,Label connected to only one pin :: Global Label 'SOM_CC_INT0_L',ACCEPTED_BY_DESIGN,Named PUBLIC_PINOUT SoM net (radxa_nx5_public_pinout_table.csv) on one SODIMM pin. Far-end connectors are PERIPH placeholders without per-pin symbols; adding a fake second pin would invent routing.,RETAIN. Digital package records named public nets; do not short distinct SoM pins.,/,artifacts/supervisor_ready_eda/kicad/handheld_hybrid/erc.json,warning
W0567,handheld_hybrid,ERC,endpoint_off_grid,"Symbol pin or wire end off connection grid :: Horizontal Wire, length 0.0254 mm",ACCEPTED_BY_DESIGN,"KiCad connection-grid residual. ERC text 'length 0.0254 mm' is the 1 mil off-grid error (JSON), not a stub: all schematic wires measure 2.54 mm. Public NX5/SODIMM pin coordinates are not on the default 50 mil grid; snapping would distort radxa_nx5_public_pinout_table.csv.",RETAIN. Do not ignore the ERC check; do not move public pin coordinates.,/,artifacts/supervisor_ready_eda/kicad/handheld_hybrid/erc.json,warning
W0568,handheld_hybrid,ERC,isolated_pin_label,Label connected to only one pin :: Global Label 'SOM_LEFT-LINK',ACCEPTED_BY_DESIGN,Named PUBLIC_PINOUT SoM net (radxa_nx5_public_pinout_table.csv) on one SODIMM pin. Far-end connectors are PERIPH placeholders without per-pin symbols; adding a fake second pin would invent routing.,RETAIN. Digital package records named public nets; do not short distinct SoM pins.,/,artifacts/supervisor_ready_eda/kicad/handheld_hybrid/erc.json,warning
W0569,handheld_hybrid,ERC,endpoint_off_grid,"Symbol pin or wire end off connection grid :: Horizontal Wire, length 0.0254 mm",ACCEPTED_BY_DESIGN,"KiCad connection-grid residual. ERC text 'length 0.0254 mm' is the 1 mil off-grid error (JSON), not a stub: all schematic wires measure 2.54 mm. Public NX5/SODIMM pin coordinates are not on the default 50 mil grid; snapping would distort radxa_nx5_public_pinout_table.csv.",RETAIN. Do not ignore the ERC check; do not move public pin coordinates.,/,artifacts/supervisor_ready_eda/kicad/handheld_hybrid/erc.json,warning
W0570,handheld_hybrid,ERC,isolated_pin_label,Label connected to only one pin :: Global Label 'SOM_PHY1_MDI_0-',ACCEPTED_BY_DESIGN,Named PUBLIC_PINOUT SoM net (radxa_nx5_public_pinout_table.csv) on one SODIMM pin. Far-end connectors are PERIPH placeholders without per-pin symbols; adding a fake second pin would invent routing.,RETAIN. Digital package records named public nets; do not short distinct SoM pins.,/,artifacts/supervisor_ready_eda/kicad/handheld_hybrid/erc.json,warning
W0571,handheld_hybrid,ERC,endpoint_off_grid,"Symbol pin or wire end off connection grid :: Horizontal Wire, length 0.0254 mm",ACCEPTED_BY_DESIGN,"KiCad connection-grid residual. ERC text 'length 0.0254 mm' is the 1 mil off-grid error (JSON), not a stub: all schematic wires measure 2.54 mm. Public NX5/SODIMM pin coordinates are not on the default 50 mil grid; snapping would distort radxa_nx5_public_pinout_table.csv.",RETAIN. Do not ignore the ERC check; do not move public pin coordinates.,/,artifacts/supervisor_ready_eda/kicad/handheld_hybrid/erc.json,warning
W0572,handheld_hybrid,ERC,isolated_pin_label,Label connected to only one pin :: Global Label 'SOM_RK803_EN1_FLOOD',ACCEPTED_BY_DESIGN,Named PUBLIC_PINOUT SoM net (radxa_nx5_public_pinout_table.csv) on one SODIMM pin. Far-end connectors are PERIPH placeholders without per-pin symbols; adding a fake second pin would invent routing.,RETAIN. Digital package records named public nets; do not short distinct SoM pins.,/,artifacts/supervisor_ready_eda/kicad/handheld_hybrid/erc.json,warning
W0573,handheld_hybrid,ERC,endpoint_off_grid,"Symbol pin or wire end off connection grid :: Horizontal Wire, length 0.0254 mm",ACCEPTED_BY_DESIGN,"KiCad connection-grid residual. ERC text 'length 0.0254 mm' is the 1 mil off-grid error (JSON), not a stub: all schematic wires measure 2.54 mm. Public NX5/SODIMM pin coordinates are not on the default 50 mil grid; snapping would distort radxa_nx5_public_pinout_table.csv.",RETAIN. Do not ignore the ERC check; do not move public pin coordinates.,/,artifacts/supervisor_ready_eda/kicad/handheld_hybrid/erc.json,warning
W0574,handheld_hybrid,ERC,isolated_pin_label,Label connected to only one pin :: Global Label 'SOM_PHONE_CTL',ACCEPTED_BY_DESIGN,Named PUBLIC_PINOUT SoM net (radxa_nx5_public_pinout_table.csv) on one SODIMM pin. Far-end connectors are PERIPH placeholders without per-pin symbols; adding a fake second pin would invent routing.,RETAIN. Digital package records named public nets; do not short distinct SoM pins.,/,artifacts/supervisor_ready_eda/kicad/handheld_hybrid/erc.json,warning
W0575,handheld_hybrid,ERC,endpoint_off_grid,"Symbol pin or wire end off connection grid :: Horizontal Wire, length 0.0254 mm",ACCEPTED_BY_DESIGN,"KiCad connection-grid residual. ERC text 'length 0.0254 mm' is the 1 mil off-grid error (JSON), not a stub: all schematic wires measure 2.54 mm. Public NX5/SODIMM pin coordinates are not on the default 50 mil grid; snapping would distort radxa_nx5_public_pinout_table.csv.",RETAIN. Do not ignore the ERC check; do not move public pin coordinates.,/,artifacts/supervisor_ready_eda/kicad/handheld_hybrid/erc.json,warning
W0576,handheld_hybrid,ERC,isolated_pin_label,Label connected to only one pin :: Global Label 'SOM_HDMI-SCL',ACCEPTED_BY_DESIGN,Named PUBLIC_PINOUT SoM net (radxa_nx5_public_pinout_table.csv) on one SODIMM pin. Far-end connectors are PERIPH placeholders without per-pin symbols; adding a fake second pin would invent routing.,RETAIN. Digital package records named public nets; do not short distinct SoM pins.,/,artifacts/supervisor_ready_eda/kicad/handheld_hybrid/erc.json,warning
W0577,handheld_hybrid,ERC,endpoint_off_grid,"Symbol pin or wire end off connection grid :: Horizontal Wire, length 0.0254 mm",ACCEPTED_BY_DESIGN,"KiCad connection-grid residual. ERC text 'length 0.0254 mm' is the 1 mil off-grid error (JSON), not a stub: all schematic wires measure 2.54 mm. Public NX5/SODIMM pin coordinates are not on the default 50 mil grid; snapping would distort radxa_nx5_public_pinout_table.csv.",RETAIN. Do not ignore the ERC check; do not move public pin coordinates.,/,artifacts/supervisor_ready_eda/kicad/handheld_hybrid/erc.json,warning
W0578,handheld_hybrid,ERC,isolated_pin_label,Label connected to only one pin :: Global Label 'SOM_TP_INT_L',ACCEPTED_BY_DESIGN,Named PUBLIC_PINOUT SoM net (radxa_nx5_public_pinout_table.csv) on one SODIMM pin. Far-end connectors are PERIPH placeholders without per-pin symbols; adding a fake second pin would invent routing.,RETAIN. Digital package records named public nets; do not short distinct SoM pins.,/,artifacts/supervisor_ready_eda/kicad/handheld_hybrid/erc.json,warning
W0579,handheld_hybrid,ERC,endpoint_off_grid,"Symbol pin or wire end off connection grid :: Horizontal Wire, length 0.0254 mm",ACCEPTED_BY_DESIGN,"KiCad connection-grid residual. ERC text 'length 0.0254 mm' is the 1 mil off-grid error (JSON), not a stub: all schematic wires measure 2.54 mm. Public NX5/SODIMM pin coordinates are not on the default 50 mil grid; snapping would distort radxa_nx5_public_pinout_table.csv.",RETAIN. Do not ignore the ERC check; do not move public pin coordinates.,/,artifacts/supervisor_ready_eda/kicad/handheld_hybrid/erc.json,warning
W0580,handheld_hybrid,ERC,isolated_pin_label,Label connected to only one pin :: Global Label 'SOM_VBUSDET',ACCEPTED_BY_DESIGN,Named PUBLIC_PINOUT SoM net (radxa_nx5_public_pinout_table.csv) on one SODIMM pin. Far-end connectors are PERIPH placeholders without per-pin symbols; adding a fake second pin would invent routing.,RETAIN. Digital package records named public nets; do not short distinct SoM pins.,/,artifacts/supervisor_ready_eda/kicad/handheld_hybrid/erc.json,warning
W0581,handheld_hybrid,ERC,endpoint_off_grid,"Symbol pin or wire end off connection grid :: Horizontal Wire, length 0.0254 mm",ACCEPTED_BY_DESIGN,"KiCad connection-grid residual. ERC text 'length 0.0254 mm' is the 1 mil off-grid error (JSON), not a stub: all schematic wires measure 2.54 mm. Public NX5/SODIMM pin coordinates are not on the default 50 mil grid; snapping would distort radxa_nx5_public_pinout_table.csv.",RETAIN. Do not ignore the ERC check; do not move public pin coordinates.,/,artifacts/supervisor_ready_eda/kicad/handheld_hybrid/erc.json,warning
W0582,handheld_hybrid,ERC,isolated_pin_label,Label connected to only one pin :: Global Label 'SOM_MIPI_DPHY1_RX_D3N',ACCEPTED_BY_DESIGN,Named PUBLIC_PINOUT SoM net (radxa_nx5_public_pinout_table.csv) on one SODIMM pin. Far-end connectors are PERIPH placeholders without per-pin symbols; adding a fake second pin would invent routing.,RETAIN. Digital package records named public nets; do not short distinct SoM pins.,/,artifacts/supervisor_ready_eda/kicad/handheld_hybrid/erc.json,warning
W0583,handheld_hybrid,ERC,endpoint_off_grid,"Symbol pin or wire end off connection grid :: Horizontal Wire, length 0.0254 mm",ACCEPTED_BY_DESIGN,"KiCad connection-grid residual. ERC text 'length 0.0254 mm' is the 1 mil off-grid error (JSON), not a stub: all schematic wires measure 2.54 mm. Public NX5/SODIMM pin coordinates are not on the default 50 mil grid; snapping would distort radxa_nx5_public_pinout_table.csv.",RETAIN. Do not ignore the ERC check; do not move public pin coordinates.,/,artifacts/supervisor_ready_eda/kicad/handheld_hybrid/erc.json,warning
W0584,handheld_hybrid,ERC,isolated_pin_label,Label connected to only one pin :: Global Label 'SOM_MIPI_DPHY1_RX_D1N',ACCEPTED_BY_DESIGN,Named PUBLIC_PINOUT SoM net (radxa_nx5_public_pinout_table.csv) on one SODIMM pin. Far-end connectors are PERIPH placeholders without per-pin symbols; adding a fake second pin would invent routing.,RETAIN. Digital package records named public nets; do not short distinct SoM pins.,/,artifacts/supervisor_ready_eda/kicad/handheld_hybrid/erc.json,warning
W0585,handheld_hybrid,ERC,endpoint_off_grid,"Symbol pin or wire end off connection grid :: Horizontal Wire, length 0.0254 mm",ACCEPTED_BY_DESIGN,"KiCad connection-grid residual. ERC text 'length 0.0254 mm' is the 1 mil off-grid error (JSON), not a stub: all schematic wires measure 2.54 mm. Public NX5/SODIMM pin coordinates are not on the default 50 mil grid; snapping would distort radxa_nx5_public_pinout_table.csv.",RETAIN. Do not ignore the ERC check; do not move public pin coordinates.,/,artifacts/supervisor_ready_eda/kicad/handheld_hybrid/erc.json,warning
W0586,handheld_hybrid,ERC,isolated_pin_label,Label connected to only one pin :: Global Label 'SOM_MIPI_DPHY1_RX_D0P',ACCEPTED_BY_DESIGN,Named PUBLIC_PINOUT SoM net (radxa_nx5_public_pinout_table.csv) on one SODIMM pin. Far-end connectors are PERIPH placeholders without per-pin symbols; adding a fake second pin would invent routing.,RETAIN. Digital package records named public nets; do not short distinct SoM pins.,/,artifacts/supervisor_ready_eda/kicad/handheld_hybrid/erc.json,warning
W0587,handheld_hybrid,ERC,endpoint_off_grid,"Symbol pin or wire end off connection grid :: Horizontal Wire, length 0.0254 mm",ACCEPTED_BY_DESIGN,"KiCad connection-grid residual. ERC text 'length 0.0254 mm' is the 1 mil off-grid error (JSON), not a stub: all schematic wires measure 2.54 mm. Public NX5/SODIMM pin coordinates are not on the default 50 mil grid; snapping would distort radxa_nx5_public_pinout_table.csv.",RETAIN. Do not ignore the ERC check; do not move public pin coordinates.,/,artifacts/supervisor_ready_eda/kicad/handheld_hybrid/erc.json,warning
W0588,handheld_hybrid,ERC,isolated_pin_label,Label connected to only one pin :: Global Label 'SOM_HDMI0_TX_ON_H',ACCEPTED_BY_DESIGN,Named PUBLIC_PINOUT SoM net (radxa_nx5_public_pinout_table.csv) on one SODIMM pin. Far-end connectors are PERIPH placeholders without per-pin symbols; adding a fake second pin would invent routing.,RETAIN. Digital package records named public nets; do not short distinct SoM pins.,/,artifacts/supervisor_ready_eda/kicad/handheld_hybrid/erc.json,warning
W0589,handheld_hybrid,ERC,endpoint_off_grid,"Symbol pin or wire end off connection grid :: Horizontal Wire, length 0.0254 mm",ACCEPTED_BY_DESIGN,"KiCad connection-grid residual. ERC text 'length 0.0254 mm' is the 1 mil off-grid error (JSON), not a stub: all schematic wires measure 2.54 mm. Public NX5/SODIMM pin coordinates are not on the default 50 mil grid; snapping would distort radxa_nx5_public_pinout_table.csv.",RETAIN. Do not ignore the ERC check; do not move public pin coordinates.,/,artifacts/supervisor_ready_eda/kicad/handheld_hybrid/erc.json,warning
W0590,handheld_hybrid,ERC,isolated_pin_label,Label connected to only one pin :: Global Label 'SOM_HDMI_TX0_CEC_M0',ACCEPTED_BY_DESIGN,Named PUBLIC_PINOUT SoM net (radxa_nx5_public_pinout_table.csv) on one SODIMM pin. Far-end connectors are PERIPH placeholders without per-pin symbols; adding a fake second pin would invent routing.,RETAIN. Digital package records named public nets; do not short distinct SoM pins.,/,artifacts/supervisor_ready_eda/kicad/handheld_hybrid/erc.json,warning
W0591,handheld_hybrid,ERC,endpoint_off_grid,"Symbol pin or wire end off connection grid :: Horizontal Wire, length 0.0254 mm",ACCEPTED_BY_DESIGN,"KiCad connection-grid residual. ERC text 'length 0.0254 mm' is the 1 mil off-grid error (JSON), not a stub: all schematic wires measure 2.54 mm. Public NX5/SODIMM pin coordinates are not on the default 50 mil grid; snapping would distort radxa_nx5_public_pinout_table.csv.",RETAIN. Do not ignore the ERC check; do not move public pin coordinates.,/,artifacts/supervisor_ready_eda/kicad/handheld_hybrid/erc.json,warning
W0592,handheld_hybrid,ERC,isolated_pin_label,Label connected to only one pin :: Global Label 'SOM_HDMI0_TX3N',ACCEPTED_BY_DESIGN,Named PUBLIC_PINOUT SoM net (radxa_nx5_public_pinout_table.csv) on one SODIMM pin. Far-end connectors are PERIPH placeholders without per-pin symbols; adding a fake second pin would invent routing.,RETAIN. Digital package records named public nets; do not short distinct SoM pins.,/,artifacts/supervisor_ready_eda/kicad/handheld_hybrid/erc.json,warning
W0593,handheld_hybrid,ERC,endpoint_off_grid,"Symbol pin or wire end off connection grid :: Horizontal Wire, length 0.0254 mm",ACCEPTED_BY_DESIGN,"KiCad connection-grid residual. ERC text 'length 0.0254 mm' is the 1 mil off-grid error (JSON), not a stub: all schematic wires measure 2.54 mm. Public NX5/SODIMM pin coordinates are not on the default 50 mil grid; snapping would distort radxa_nx5_public_pinout_table.csv.",RETAIN. Do not ignore the ERC check; do not move public pin coordinates.,/,artifacts/supervisor_ready_eda/kicad/handheld_hybrid/erc.json,warning
W0594,handheld_hybrid,ERC,isolated_pin_label,Label connected to only one pin :: Global Label 'SOM_HDMI0_TX0N',ACCEPTED_BY_DESIGN,Named PUBLIC_PINOUT SoM net (radxa_nx5_public_pinout_table.csv) on one SODIMM pin. Far-end connectors are PERIPH placeholders without per-pin symbols; adding a fake second pin would invent routing.,RETAIN. Digital package records named public nets; do not short distinct SoM pins.,/,artifacts/supervisor_ready_eda/kicad/handheld_hybrid/erc.json,warning
W0595,handheld_hybrid,ERC,endpoint_off_grid,"Symbol pin or wire end off connection grid :: Horizontal Wire, length 0.0254 mm",ACCEPTED_BY_DESIGN,"KiCad connection-grid residual. ERC text 'length 0.0254 mm' is the 1 mil off-grid error (JSON), not a stub: all schematic wires measure 2.54 mm. Public NX5/SODIMM pin coordinates are not on the default 50 mil grid; snapping would distort radxa_nx5_public_pinout_table.csv.",RETAIN. Do not ignore the ERC check; do not move public pin coordinates.,/,artifacts/supervisor_ready_eda/kicad/handheld_hybrid/erc.json,warning
W0596,handheld_hybrid,ERC,isolated_pin_label,Label connected to only one pin :: Global Label 'SOM_HDMI0_TX1N',ACCEPTED_BY_DESIGN,Named PUBLIC_PINOUT SoM net (radxa_nx5_public_pinout_table.csv) on one SODIMM pin. Far-end connectors are PERIPH placeholders without per-pin symbols; adding a fake second pin would invent routing.,RETAIN. Digital package records named public nets; do not short distinct SoM pins.,/,artifacts/supervisor_ready_eda/kicad/handheld_hybrid/erc.json,warning
W0597,handheld_hybrid,ERC,endpoint_off_grid,"Symbol pin or wire end off connection grid :: Horizontal Wire, length 0.0254 mm",ACCEPTED_BY_DESIGN,"KiCad connection-grid residual. ERC text 'length 0.0254 mm' is the 1 mil off-grid error (JSON), not a stub: all schematic wires measure 2.54 mm. Public NX5/SODIMM pin coordinates are not on the default 50 mil grid; snapping would distort radxa_nx5_public_pinout_table.csv.",RETAIN. Do not ignore the ERC check; do not move public pin coordinates.,/,artifacts/supervisor_ready_eda/kicad/handheld_hybrid/erc.json,warning
W0598,handheld_hybrid,ERC,isolated_pin_label,Label connected to only one pin :: Global Label 'SOM_HDMI0_TX2N',ACCEPTED_BY_DESIGN,Named PUBLIC_PINOUT SoM net (radxa_nx5_public_pinout_table.csv) on one SODIMM pin. Far-end connectors are PERIPH placeholders without per-pin symbols; adding a fake second pin would invent routing.,RETAIN. Digital package records named public nets; do not short distinct SoM pins.,/,artifacts/supervisor_ready_eda/kicad/handheld_hybrid/erc.json,warning
W0599,handheld_hybrid,ERC,endpoint_off_grid,"Symbol pin or wire end off connection grid :: Symbol JS_DISPLAY_HD Pin 63 [HDMI0_TX2N, Passive, Line]",ACCEPTED_BY_DESIGN,"KiCad connection-grid residual. ERC text 'length 0.0254 mm' is the 1 mil off-grid error (JSON), not a stub: all schematic wires measure 2.54 mm. Public NX5/SODIMM pin coordinates are not on the default 50 mil grid; snapping would distort radxa_nx5_public_pinout_table.csv.",RETAIN. Do not ignore the ERC check; do not move public pin coordinates.,/,artifacts/supervisor_ready_eda/kicad/handheld_hybrid/erc.json,warning
W0600,handheld_hybrid,ERC,lib_symbol_issues,The current configuration does not include the symbol library '' :: Symbol JS_DISPLAY_HD [SODIMM_DISPLAY_HDMI_EDP],ACCEPTED_BY_DESIGN,KiCad parses embedded lib_id 'USB_C' as library ''. Prefixing to gunnchos: plus an extracted .kicad_sym made kicad-cli 10.0.5 fail schematic load. Embedded lib_symbols remain the in-tree source. Warning retained rather than breaking ERC.,RETAIN. Do not invent a pin-accurate symbol library. Do not add ERC ignore keys.,/,artifacts/supervisor_ready_eda/kicad/handheld_hybrid/erc.json,warning
W0601,handheld_hybrid,ERC,endpoint_off_grid,"Symbol pin or wire end off connection grid :: Horizontal Wire, length 0.0254 mm",ACCEPTED_BY_DESIGN,"KiCad connection-grid residual. ERC text 'length 0.0254 mm' is the 1 mil off-grid error (JSON), not a stub: all schematic wires measure 2.54 mm. Public NX5/SODIMM pin coordinates are not on the default 50 mil grid; snapping would distort radxa_nx5_public_pinout_table.csv.",RETAIN. Do not ignore the ERC check; do not move public pin coordinates.,/,artifacts/supervisor_ready_eda/kicad/handheld_hybrid/erc.json,warning
W0602,handheld_hybrid,ERC,isolated_pin_label,Label connected to only one pin :: Global Label 'SOM_HDMI_TX0_HPD_M0',ACCEPTED_BY_DESIGN,Named PUBLIC_PINOUT SoM net (radxa_nx5_public_pinout_table.csv) on one SODIMM pin. Far-end connectors are PERIPH placeholders without per-pin symbols; adding a fake second pin would invent routing.,RETAIN. Digital package records named public nets; do not short distinct SoM pins.,/,artifacts/supervisor_ready_eda/kicad/handheld_hybrid/erc.json,warning
W0603,handheld_hybrid,ERC,endpoint_off_grid,"Symbol pin or wire end off connection grid :: Horizontal Wire, length 0.0254 mm",ACCEPTED_BY_DESIGN,"KiCad connection-grid residual. ERC text 'length 0.0254 mm' is the 1 mil off-grid error (JSON), not a stub: all schematic wires measure 2.54 mm. Public NX5/SODIMM pin coordinates are not on the default 50 mil grid; snapping would distort radxa_nx5_public_pinout_table.csv.",RETAIN. Do not ignore the ERC check; do not move public pin coordinates.,/,artifacts/supervisor_ready_eda/kicad/handheld_hybrid/erc.json,warning
W0604,handheld_hybrid,ERC,isolated_pin_label,Label connected to only one pin :: Global Label 'SOM_HDMI0_TX3P',ACCEPTED_BY_DESIGN,Named PUBLIC_PINOUT SoM net (radxa_nx5_public_pinout_table.csv) on one SODIMM pin. Far-end connectors are PERIPH placeholders without per-pin symbols; adding a fake second pin would invent routing.,RETAIN. Digital package records named public nets; do not short distinct SoM pins.,/,artifacts/supervisor_ready_eda/kicad/handheld_hybrid/erc.json,warning
W0605,handheld_hybrid,ERC,endpoint_off_grid,"Symbol pin or wire end off connection grid :: Horizontal Wire, length 0.0254 mm",ACCEPTED_BY_DESIGN,"KiCad connection-grid residual. ERC text 'length 0.0254 mm' is the 1 mil off-grid error (JSON), not a stub: all schematic wires measure 2.54 mm. Public NX5/SODIMM pin coordinates are not on the default 50 mil grid; snapping would distort radxa_nx5_public_pinout_table.csv.",RETAIN. Do not ignore the ERC check; do not move public pin coordinates.,/,artifacts/supervisor_ready_eda/kicad/handheld_hybrid/erc.json,warning
W0606,handheld_hybrid,ERC,isolated_pin_label,Label connected to only one pin :: Global Label 'SOM_HDMI0_TX0P',ACCEPTED_BY_DESIGN,Named PUBLIC_PINOUT SoM net (radxa_nx5_public_pinout_table.csv) on one SODIMM pin. Far-end connectors are PERIPH placeholders without per-pin symbols; adding a fake second pin would invent routing.,RETAIN. Digital package records named public nets; do not short distinct SoM pins.,/,artifacts/supervisor_ready_eda/kicad/handheld_hybrid/erc.json,warning
W0607,handheld_hybrid,ERC,endpoint_off_grid,"Symbol pin or wire end off connection grid :: Horizontal Wire, length 0.0254 mm",ACCEPTED_BY_DESIGN,"KiCad connection-grid residual. ERC text 'length 0.0254 mm' is the 1 mil off-grid error (JSON), not a stub: all schematic wires measure 2.54 mm. Public NX5/SODIMM pin coordinates are not on the default 50 mil grid; snapping would distort radxa_nx5_public_pinout_table.csv.",RETAIN. Do not ignore the ERC check; do not move public pin coordinates.,/,artifacts/supervisor_ready_eda/kicad/handheld_hybrid/erc.json,warning
W0608,handheld_hybrid,ERC,isolated_pin_label,Label connected to only one pin :: Global Label 'SOM_HDMI0_TX1P',ACCEPTED_BY_DESIGN,Named PUBLIC_PINOUT SoM net (radxa_nx5_public_pinout_table.csv) on one SODIMM pin. Far-end connectors are PERIPH placeholders without per-pin symbols; adding a fake second pin would invent routing.,RETAIN. Digital package records named public nets; do not short distinct SoM pins.,/,artifacts/supervisor_ready_eda/kicad/handheld_hybrid/erc.json,warning
W0609,handheld_hybrid,ERC,endpoint_off_grid,"Symbol pin or wire end off connection grid :: Horizontal Wire, length 0.0254 mm",ACCEPTED_BY_DESIGN,"KiCad connection-grid residual. ERC text 'length 0.0254 mm' is the 1 mil off-grid error (JSON), not a stub: all schematic wires measure 2.54 mm. Public NX5/SODIMM pin coordinates are not on the default 50 mil grid; snapping would distort radxa_nx5_public_pinout_table.csv.",RETAIN. Do not ignore the ERC check; do not move public pin coordinates.,/,artifacts/supervisor_ready_eda/kicad/handheld_hybrid/erc.json,warning
W0610,handheld_hybrid,ERC,isolated_pin_label,Label connected to only one pin :: Global Label 'SOM_HDMI0_TX2P',ACCEPTED_BY_DESIGN,Named PUBLIC_PINOUT SoM net (radxa_nx5_public_pinout_table.csv) on one SODIMM pin. Far-end connectors are PERIPH placeholders without per-pin symbols; adding a fake second pin would invent routing.,RETAIN. Digital package records named public nets; do not short distinct SoM pins.,/,artifacts/supervisor_ready_eda/kicad/handheld_hybrid/erc.json,warning
W0611,handheld_hybrid,ERC,endpoint_off_grid,"Symbol pin or wire end off connection grid :: Horizontal Wire, length 0.0254 mm",ACCEPTED_BY_DESIGN,"KiCad connection-grid residual. ERC text 'length 0.0254 mm' is the 1 mil off-grid error (JSON), not a stub: all schematic wires measure 2.54 mm. Public NX5/SODIMM pin coordinates are not on the default 50 mil grid; snapping would distort radxa_nx5_public_pinout_table.csv.",RETAIN. Do not ignore the ERC check; do not move public pin coordinates.,/,artifacts/supervisor_ready_eda/kicad/handheld_hybrid/erc.json,warning
W0612,handheld_hybrid,ERC,isolated_pin_label,Label connected to only one pin :: Global Label 'SOM_4A2-PCIE20X1_1PERSTN',ACCEPTED_BY_DESIGN,Named PUBLIC_PINOUT SoM net (radxa_nx5_public_pinout_table.csv) on one SODIMM pin. Far-end connectors are PERIPH placeholders without per-pin symbols; adding a fake second pin would invent routing.,RETAIN. Digital package records named public nets; do not short distinct SoM pins.,/,artifacts/supervisor_ready_eda/kicad/handheld_hybrid/erc.json,warning
W0613,handheld_hybrid,ERC,endpoint_off_grid,"Symbol pin or wire end off connection grid :: Horizontal Wire, length 0.0254 mm",ACCEPTED_BY_DESIGN,"KiCad connection-grid residual. ERC text 'length 0.0254 mm' is the 1 mil off-grid error (JSON), not a stub: all schematic wires measure 2.54 mm. Public NX5/SODIMM pin coordinates are not on the default 50 mil grid; snapping would distort radxa_nx5_public_pinout_table.csv.",RETAIN. Do not ignore the ERC check; do not move public pin coordinates.,/,artifacts/supervisor_ready_eda/kicad/handheld_hybrid/erc.json,warning
W0614,handheld_hybrid,ERC,isolated_pin_label,Label connected to only one pin :: Global Label 'SOM_PCIE20X1_2_PERSTN_M0',ACCEPTED_BY_DESIGN,Named PUBLIC_PINOUT SoM net (radxa_nx5_public_pinout_table.csv) on one SODIMM pin. Far-end connectors are PERIPH placeholders without per-pin symbols; adding a fake second pin would invent routing.,RETAIN. Digital package records named public nets; do not short distinct SoM pins.,/,artifacts/supervisor_ready_eda/kicad/handheld_hybrid/erc.json,warning
W0615,handheld_hybrid,ERC,endpoint_off_grid,"Symbol pin or wire end off connection grid :: Horizontal Wire, length 0.0254 mm",ACCEPTED_BY_DESIGN,"KiCad connection-grid residual. ERC text 'length 0.0254 mm' is the 1 mil off-grid error (JSON), not a stub: all schematic wires measure 2.54 mm. Public NX5/SODIMM pin coordinates are not on the default 50 mil grid; snapping would distort radxa_nx5_public_pinout_table.csv.",RETAIN. Do not ignore the ERC check; do not move public pin coordinates.,/,artifacts/supervisor_ready_eda/kicad/handheld_hybrid/erc.json,warning
W0616,handheld_hybrid,ERC,isolated_pin_label,Label connected to only one pin :: Global Label 'SOM_PCIE20X1_2_WAKEN_M0/PWM8_M2',ACCEPTED_BY_DESIGN,Named PUBLIC_PINOUT SoM net (radxa_nx5_public_pinout_table.csv) on one SODIMM pin. Far-end connectors are PERIPH placeholders without per-pin symbols; adding a fake second pin would invent routing.,RETAIN. Digital package records named public nets; do not short distinct SoM pins.,/,artifacts/supervisor_ready_eda/kicad/handheld_hybrid/erc.json,warning
W0617,handheld_hybrid,ERC,endpoint_off_grid,"Symbol pin or wire end off connection grid :: Horizontal Wire, length 0.0254 mm",ACCEPTED_BY_DESIGN,"KiCad connection-grid residual. ERC text 'length 0.0254 mm' is the 1 mil off-grid error (JSON), not a stub: all schematic wires measure 2.54 mm. Public NX5/SODIMM pin coordinates are not on the default 50 mil grid; snapping would distort radxa_nx5_public_pinout_table.csv.",RETAIN. Do not ignore the ERC check; do not move public pin coordinates.,/,artifacts/supervisor_ready_eda/kicad/handheld_hybrid/erc.json,warning
W0618,handheld_hybrid,ERC,isolated_pin_label,Label connected to only one pin :: Global Label 'SOM_PCIE20_2_REFCLKN',ACCEPTED_BY_DESIGN,Named PUBLIC_PINOUT SoM net (radxa_nx5_public_pinout_table.csv) on one SODIMM pin. Far-end connectors are PERIPH placeholders without per-pin symbols; adding a fake second pin would invent routing.,RETAIN. Digital package records named public nets; do not short distinct SoM pins.,/,artifacts/supervisor_ready_eda/kicad/handheld_hybrid/erc.json,warning
W0619,handheld_hybrid,ERC,endpoint_off_grid,"Symbol pin or wire end off connection grid :: Horizontal Wire, length 0.0254 mm",ACCEPTED_BY_DESIGN,"KiCad connection-grid residual. ERC text 'length 0.0254 mm' is the 1 mil off-grid error (JSON), not a stub: all schematic wires measure 2.54 mm. Public NX5/SODIMM pin coordinates are not on the default 50 mil grid; snapping would distort radxa_nx5_public_pinout_table.csv.",RETAIN. Do not ignore the ERC check; do not move public pin coordinates.,/,artifacts/supervisor_ready_eda/kicad/handheld_hybrid/erc.json,warning
W0620,handheld_hybrid,ERC,isolated_pin_label,Label connected to only one pin :: Global Label 'SOM_PCIE20_0_REFCLKN',ACCEPTED_BY_DESIGN,Named PUBLIC_PINOUT SoM net (radxa_nx5_public_pinout_table.csv) on one SODIMM pin. Far-end connectors are PERIPH placeholders without per-pin symbols; adding a fake second pin would invent routing.,RETAIN. Digital package records named public nets; do not short distinct SoM pins.,/,artifacts/supervisor_ready_eda/kicad/handheld_hybrid/erc.json,warning
W0621,handheld_hybrid,ERC,endpoint_off_grid,"Symbol pin or wire end off connection grid :: Horizontal Wire, length 0.0254 mm",ACCEPTED_BY_DESIGN,"KiCad connection-grid residual. ERC text 'length 0.0254 mm' is the 1 mil off-grid error (JSON), not a stub: all schematic wires measure 2.54 mm. Public NX5/SODIMM pin coordinates are not on the default 50 mil grid; snapping would distort radxa_nx5_public_pinout_table.csv.",RETAIN. Do not ignore the ERC check; do not move public pin coordinates.,/,artifacts/supervisor_ready_eda/kicad/handheld_hybrid/erc.json,warning
W0622,handheld_hybrid,ERC,isolated_pin_label,Label connected to only one pin :: Global Label 'SOM_PCIE20_0_TXN',ACCEPTED_BY_DESIGN,Named PUBLIC_PINOUT SoM net (radxa_nx5_public_pinout_table.csv) on one SODIMM pin. Far-end connectors are PERIPH placeholders without per-pin symbols; adding a fake second pin would invent routing.,RETAIN. Digital package records named public nets; do not short distinct SoM pins.,/,artifacts/supervisor_ready_eda/kicad/handheld_hybrid/erc.json,warning
W0623,handheld_hybrid,ERC,endpoint_off_grid,"Symbol pin or wire end off connection grid :: Horizontal Wire, length 0.0254 mm",ACCEPTED_BY_DESIGN,"KiCad connection-grid residual. ERC text 'length 0.0254 mm' is the 1 mil off-grid error (JSON), not a stub: all schematic wires measure 2.54 mm. Public NX5/SODIMM pin coordinates are not on the default 50 mil grid; snapping would distort radxa_nx5_public_pinout_table.csv.",RETAIN. Do not ignore the ERC check; do not move public pin coordinates.,/,artifacts/supervisor_ready_eda/kicad/handheld_hybrid/erc.json,warning
W0624,handheld_hybrid,ERC,isolated_pin_label,Label connected to only one pin :: Global Label 'SOM_PCIE20_0_RXN',ACCEPTED_BY_DESIGN,Named PUBLIC_PINOUT SoM net (radxa_nx5_public_pinout_table.csv) on one SODIMM pin. Far-end connectors are PERIPH placeholders without per-pin symbols; adding a fake second pin would invent routing.,RETAIN. Digital package records named public nets; do not short distinct SoM pins.,/,artifacts/supervisor_ready_eda/kicad/handheld_hybrid/erc.json,warning
W0625,handheld_hybrid,ERC,endpoint_off_grid,"Symbol pin or wire end off connection grid :: Symbol JS_PCIE Pin 131 [PCIE20_0_RXN, Passive, Line]",ACCEPTED_BY_DESIGN,"KiCad connection-grid residual. ERC text 'length 0.0254 mm' is the 1 mil off-grid error (JSON), not a stub: all schematic wires measure 2.54 mm. Public NX5/SODIMM pin coordinates are not on the default 50 mil grid; snapping would distort radxa_nx5_public_pinout_table.csv.",RETAIN. Do not ignore the ERC check; do not move public pin coordinates.,/,artifacts/supervisor_ready_eda/kicad/handheld_hybrid/erc.json,warning
W0626,handheld_hybrid,ERC,lib_symbol_issues,The current configuration does not include the symbol library '' :: Symbol JS_PCIE [SODIMM_PCIE],ACCEPTED_BY_DESIGN,KiCad parses embedded lib_id 'USB_C' as library ''. Prefixing to gunnchos: plus an extracted .kicad_sym made kicad-cli 10.0.5 fail schematic load. Embedded lib_symbols remain the in-tree source. Warning retained rather than breaking ERC.,RETAIN. Do not invent a pin-accurate symbol library. Do not add ERC ignore keys.,/,artifacts/supervisor_ready_eda/kicad/handheld_hybrid/erc.json,warning
W0627,handheld_hybrid,ERC,endpoint_off_grid,"Symbol pin or wire end off connection grid :: Horizontal Wire, length 0.0254 mm",ACCEPTED_BY_DESIGN,"KiCad connection-grid residual. ERC text 'length 0.0254 mm' is the 1 mil off-grid error (JSON), not a stub: all schematic wires measure 2.54 mm. Public NX5/SODIMM pin coordinates are not on the default 50 mil grid; snapping would distort radxa_nx5_public_pinout_table.csv.",RETAIN. Do not ignore the ERC check; do not move public pin coordinates.,/,artifacts/supervisor_ready_eda/kicad/handheld_hybrid/erc.json,warning
W0628,handheld_hybrid,ERC,isolated_pin_label,Label connected to only one pin :: Global Label 'SOM_1A1-PCIE20X1_1WAKE',ACCEPTED_BY_DESIGN,Named PUBLIC_PINOUT SoM net (radxa_nx5_public_pinout_table.csv) on one SODIMM pin. Far-end connectors are PERIPH placeholders without per-pin symbols; adding a fake second pin would invent routing.,RETAIN. Digital package records named public nets; do not short distinct SoM pins.,/,artifacts/supervisor_ready_eda/kicad/handheld_hybrid/erc.json,warning
W0629,handheld_hybrid,ERC,endpoint_off_grid,"Symbol pin or wire end off connection grid :: Horizontal Wire, length 0.0254 mm",ACCEPTED_BY_DESIGN,"KiCad connection-grid residual. ERC text 'length 0.0254 mm' is the 1 mil off-grid error (JSON), not a stub: all schematic wires measure 2.54 mm. Public NX5/SODIMM pin coordinates are not on the default 50 mil grid; snapping would distort radxa_nx5_public_pinout_table.csv.",RETAIN. Do not ignore the ERC check; do not move public pin coordinates.,/,artifacts/supervisor_ready_eda/kicad/handheld_hybrid/erc.json,warning
W0630,handheld_hybrid,ERC,isolated_pin_label,Label connected to only one pin :: Global Label 'SOM_1A0-PCIE20X1_1CLKREQN',ACCEPTED_BY_DESIGN,Named PUBLIC_PINOUT SoM net (radxa_nx5_public_pinout_table.csv) on one SODIMM pin. Far-end connectors are PERIPH placeholders without per-pin symbols; adding a fake second pin would invent routing.,RETAIN. Digital package records named public nets; do not short distinct SoM pins.,/,artifacts/supervisor_ready_eda/kicad/handheld_hybrid/erc.json,warning
W0631,handheld_hybrid,ERC,endpoint_off_grid,"Symbol pin or wire end off connection grid :: Horizontal Wire, length 0.0254 mm",ACCEPTED_BY_DESIGN,"KiCad connection-grid residual. ERC text 'length 0.0254 mm' is the 1 mil off-grid error (JSON), not a stub: all schematic wires measure 2.54 mm. Public NX5/SODIMM pin coordinates are not on the default 50 mil grid; snapping would distort radxa_nx5_public_pinout_table.csv.",RETAIN. Do not ignore the ERC check; do not move public pin coordinates.,/,artifacts/supervisor_ready_eda/kicad/handheld_hybrid/erc.json,warning
W0632,handheld_hybrid,ERC,isolated_pin_label,Label connected to only one pin :: Global Label 'SOM_PCIE20X1_2_CLKREQN_M0',ACCEPTED_BY_DESIGN,Named PUBLIC_PINOUT SoM net (radxa_nx5_public_pinout_table.csv) on one SODIMM pin. Far-end connectors are PERIPH placeholders without per-pin symbols; adding a fake second pin would invent routing.,RETAIN. Digital package records named public nets; do not short distinct SoM pins.,/,artifacts/supervisor_ready_eda/kicad/handheld_hybrid/erc.json,warning
W0633,handheld_hybrid,ERC,endpoint_off_grid,"Symbol pin or wire end off connection grid :: Horizontal Wire, length 0.0254 mm",ACCEPTED_BY_DESIGN,"KiCad connection-grid residual. ERC text 'length 0.0254 mm' is the 1 mil off-grid error (JSON), not a stub: all schematic wires measure 2.54 mm. Public NX5/SODIMM pin coordinates are not on the default 50 mil grid; snapping would distort radxa_nx5_public_pinout_table.csv.",RETAIN. Do not ignore the ERC check; do not move public pin coordinates.,/,artifacts/supervisor_ready_eda/kicad/handheld_hybrid/erc.json,warning
W0634,handheld_hybrid,ERC,isolated_pin_label,Label connected to only one pin :: Global Label 'SOM_PCIE20_2_REFCLKP',ACCEPTED_BY_DESIGN,Named PUBLIC_PINOUT SoM net (radxa_nx5_public_pinout_table.csv) on one SODIMM pin. Far-end connectors are PERIPH placeholders without per-pin symbols; adding a fake second pin would invent routing.,RETAIN. Digital package records named public nets; do not short distinct SoM pins.,/,artifacts/supervisor_ready_eda/kicad/handheld_hybrid/erc.json,warning
W0635,handheld_hybrid,ERC,endpoint_off_grid,"Symbol pin or wire end off connection grid :: Horizontal Wire, length 0.0254 mm",ACCEPTED_BY_DESIGN,"KiCad connection-grid residual. ERC text 'length 0.0254 mm' is the 1 mil off-grid error (JSON), not a stub: all schematic wires measure 2.54 mm. Public NX5/SODIMM pin coordinates are not on the default 50 mil grid; snapping would distort radxa_nx5_public_pinout_table.csv.",RETAIN. Do not ignore the ERC check; do not move public pin coordinates.,/,artifacts/supervisor_ready_eda/kicad/handheld_hybrid/erc.json,warning
W0636,handheld_hybrid,ERC,isolated_pin_label,Label connected to only one pin :: Global Label 'SOM_PCIE20_0_REFCLKP',ACCEPTED_BY_DESIGN,Named PUBLIC_PINOUT SoM net (radxa_nx5_public_pinout_table.csv) on one SODIMM pin. Far-end connectors are PERIPH placeholders without per-pin symbols; adding a fake second pin would invent routing.,RETAIN. Digital package records named public nets; do not short distinct SoM pins.,/,artifacts/supervisor_ready_eda/kicad/handheld_hybrid/erc.json,warning
W0637,handheld_hybrid,ERC,endpoint_off_grid,"Symbol pin or wire end off connection grid :: Horizontal Wire, length 0.0254 mm",ACCEPTED_BY_DESIGN,"KiCad connection-grid residual. ERC text 'length 0.0254 mm' is the 1 mil off-grid error (JSON), not a stub: all schematic wires measure 2.54 mm. Public NX5/SODIMM pin coordinates are not on the default 50 mil grid; snapping would distort radxa_nx5_public_pinout_table.csv.",RETAIN. Do not ignore the ERC check; do not move public pin coordinates.,/,artifacts/supervisor_ready_eda/kicad/handheld_hybrid/erc.json,warning
W0638,handheld_hybrid,ERC,isolated_pin_label,Label connected to only one pin :: Global Label 'SOM_PCIE20_0_TXP',ACCEPTED_BY_DESIGN,Named PUBLIC_PINOUT SoM net (radxa_nx5_public_pinout_table.csv) on one SODIMM pin. Far-end connectors are PERIPH placeholders without per-pin symbols; adding a fake second pin would invent routing.,RETAIN. Digital package records named public nets; do not short distinct SoM pins.,/,artifacts/supervisor_ready_eda/kicad/handheld_hybrid/erc.json,warning
W0639,handheld_hybrid,ERC,endpoint_off_grid,"Symbol pin or wire end off connection grid :: Horizontal Wire, length 0.0254 mm",ACCEPTED_BY_DESIGN,"KiCad connection-grid residual. ERC text 'length 0.0254 mm' is the 1 mil off-grid error (JSON), not a stub: all schematic wires measure 2.54 mm. Public NX5/SODIMM pin coordinates are not on the default 50 mil grid; snapping would distort radxa_nx5_public_pinout_table.csv.",RETAIN. Do not ignore the ERC check; do not move public pin coordinates.,/,artifacts/supervisor_ready_eda/kicad/handheld_hybrid/erc.json,warning
W0640,handheld_hybrid,ERC,isolated_pin_label,Label connected to only one pin :: Global Label 'SOM_PCIE20_0_RXP',ACCEPTED_BY_DESIGN,Named PUBLIC_PINOUT SoM net (radxa_nx5_public_pinout_table.csv) on one SODIMM pin. Far-end connectors are PERIPH placeholders without per-pin symbols; adding a fake second pin would invent routing.,RETAIN. Digital package records named public nets; do not short distinct SoM pins.,/,artifacts/supervisor_ready_eda/kicad/handheld_hybrid/erc.json,warning
W0641,handheld_hybrid,ERC,endpoint_off_grid,"Symbol pin or wire end off connection grid :: Horizontal Wire, length 0.0254 mm",ACCEPTED_BY_DESIGN,"KiCad connection-grid residual. ERC text 'length 0.0254 mm' is the 1 mil off-grid error (JSON), not a stub: all schematic wires measure 2.54 mm. Public NX5/SODIMM pin coordinates are not on the default 50 mil grid; snapping would distort radxa_nx5_public_pinout_table.csv.",RETAIN. Do not ignore the ERC check; do not move public pin coordinates.,/,artifacts/supervisor_ready_eda/kicad/handheld_hybrid/erc.json,warning
W0642,handheld_hybrid,ERC,isolated_pin_label,Label connected to only one pin :: Global Label 'SOM_I2S0_MCLK',ACCEPTED_BY_DESIGN,Named PUBLIC_PINOUT SoM net (radxa_nx5_public_pinout_table.csv) on one SODIMM pin. Far-end connectors are PERIPH placeholders without per-pin symbols; adding a fake second pin would invent routing.,RETAIN. Digital package records named public nets; do not short distinct SoM pins.,/,artifacts/supervisor_ready_eda/kicad/handheld_hybrid/erc.json,warning
W0643,handheld_hybrid,ERC,endpoint_off_grid,"Symbol pin or wire end off connection grid :: Horizontal Wire, length 0.0254 mm",ACCEPTED_BY_DESIGN,"KiCad connection-grid residual. ERC text 'length 0.0254 mm' is the 1 mil off-grid error (JSON), not a stub: all schematic wires measure 2.54 mm. Public NX5/SODIMM pin coordinates are not on the default 50 mil grid; snapping would distort radxa_nx5_public_pinout_table.csv.",RETAIN. Do not ignore the ERC check; do not move public pin coordinates.,/,artifacts/supervisor_ready_eda/kicad/handheld_hybrid/erc.json,warning
W0644,handheld_hybrid,ERC,isolated_pin_label,Label connected to only one pin :: Global Label 'SOM_I2S0_LRCK_TX',ACCEPTED_BY_DESIGN,Named PUBLIC_PINOUT SoM net (radxa_nx5_public_pinout_table.csv) on one SODIMM pin. Far-end connectors are PERIPH placeholders without per-pin symbols; adding a fake second pin would invent routing.,RETAIN. Digital package records named public nets; do not short distinct SoM pins.,/,artifacts/supervisor_ready_eda/kicad/handheld_hybrid/erc.json,warning
W0645,handheld_hybrid,ERC,endpoint_off_grid,"Symbol pin or wire end off connection grid :: Horizontal Wire, length 0.0254 mm",ACCEPTED_BY_DESIGN,"KiCad connection-grid residual. ERC text 'length 0.0254 mm' is the 1 mil off-grid error (JSON), not a stub: all schematic wires measure 2.54 mm. Public NX5/SODIMM pin coordinates are not on the default 50 mil grid; snapping would distort radxa_nx5_public_pinout_table.csv.",RETAIN. Do not ignore the ERC check; do not move public pin coordinates.,/,artifacts/supervisor_ready_eda/kicad/handheld_hybrid/erc.json,warning
W0646,handheld_hybrid,ERC,isolated_pin_label,Label connected to only one pin :: Global Label 'SOM_I2S0_SDO0',ACCEPTED_BY_DESIGN,Named PUBLIC_PINOUT SoM net (radxa_nx5_public_pinout_table.csv) on one SODIMM pin. Far-end connectors are PERIPH placeholders without per-pin symbols; adding a fake second pin would invent routing.,RETAIN. Digital package records named public nets; do not short distinct SoM pins.,/,artifacts/supervisor_ready_eda/kicad/handheld_hybrid/erc.json,warning
W0647,handheld_hybrid,ERC,endpoint_off_grid,"Symbol pin or wire end off connection grid :: Horizontal Wire, length 0.0254 mm",ACCEPTED_BY_DESIGN,"KiCad connection-grid residual. ERC text 'length 0.0254 mm' is the 1 mil off-grid error (JSON), not a stub: all schematic wires measure 2.54 mm. Public NX5/SODIMM pin coordinates are not on the default 50 mil grid; snapping would distort radxa_nx5_public_pinout_table.csv.",RETAIN. Do not ignore the ERC check; do not move public pin coordinates.,/,artifacts/supervisor_ready_eda/kicad/handheld_hybrid/erc.json,warning
W0648,handheld_hybrid,ERC,isolated_pin_label,Label connected to only one pin :: Global Label 'SOM_PDM0_SDI2_M0',ACCEPTED_BY_DESIGN,Named PUBLIC_PINOUT SoM net (radxa_nx5_public_pinout_table.csv) on one SODIMM pin. Far-end connectors are PERIPH placeholders without per-pin symbols; adding a fake second pin would invent routing.,RETAIN. Digital package records named public nets; do not short distinct SoM pins.,/,artifacts/supervisor_ready_eda/kicad/handheld_hybrid/erc.json,warning
W0649,handheld_hybrid,ERC,endpoint_off_grid,"Symbol pin or wire end off connection grid :: Symbol JS_AUDIO Pin 106 [PDM0_SDI2_M0, Passive, Line]",ACCEPTED_BY_DESIGN,"KiCad connection-grid residual. ERC text 'length 0.0254 mm' is the 1 mil off-grid error (JSON), not a stub: all schematic wires measure 2.54 mm. Public NX5/SODIMM pin coordinates are not on the default 50 mil grid; snapping would distort radxa_nx5_public_pinout_table.csv.",RETAIN. Do not ignore the ERC check; do not move public pin coordinates.,/,artifacts/supervisor_ready_eda/kicad/handheld_hybrid/erc.json,warning
W0650,handheld_hybrid,ERC,lib_symbol_issues,The current configuration does not include the symbol library '' :: Symbol JS_AUDIO [SODIMM_AUDIO],ACCEPTED_BY_DESIGN,KiCad parses embedded lib_id 'USB_C' as library ''. Prefixing to gunnchos: plus an extracted .kicad_sym made kicad-cli 10.0.5 fail schematic load. Embedded lib_symbols remain the in-tree source. Warning retained rather than breaking ERC.,RETAIN. Do not invent a pin-accurate symbol library. Do not add ERC ignore keys.,/,artifacts/supervisor_ready_eda/kicad/handheld_hybrid/erc.json,warning
W0651,handheld_hybrid,ERC,endpoint_off_grid,"Symbol pin or wire end off connection grid :: Horizontal Wire, length 0.0254 mm",ACCEPTED_BY_DESIGN,"KiCad connection-grid residual. ERC text 'length 0.0254 mm' is the 1 mil off-grid error (JSON), not a stub: all schematic wires measure 2.54 mm. Public NX5/SODIMM pin coordinates are not on the default 50 mil grid; snapping would distort radxa_nx5_public_pinout_table.csv.",RETAIN. Do not ignore the ERC check; do not move public pin coordinates.,/,artifacts/supervisor_ready_eda/kicad/handheld_hybrid/erc.json,warning
W0652,handheld_hybrid,ERC,isolated_pin_label,Label connected to only one pin :: Global Label 'SOM_I2S0_SCLK_TX',ACCEPTED_BY_DESIGN,Named PUBLIC_PINOUT SoM net (radxa_nx5_public_pinout_table.csv) on one SODIMM pin. Far-end connectors are PERIPH placeholders without per-pin symbols; adding a fake second pin would invent routing.,RETAIN. Digital package records named public nets; do not short distinct SoM pins.,/,artifacts/supervisor_ready_eda/kicad/handheld_hybrid/erc.json,warning
W0653,handheld_hybrid,ERC,endpoint_off_grid,"Symbol pin or wire end off connection grid :: Horizontal Wire, length 0.0254 mm",ACCEPTED_BY_DESIGN,"KiCad connection-grid residual. ERC text 'length 0.0254 mm' is the 1 mil off-grid error (JSON), not a stub: all schematic wires measure 2.54 mm. Public NX5/SODIMM pin coordinates are not on the default 50 mil grid; snapping would distort radxa_nx5_public_pinout_table.csv.",RETAIN. Do not ignore the ERC check; do not move public pin coordinates.,/,artifacts/supervisor_ready_eda/kicad/handheld_hybrid/erc.json,warning
W0654,handheld_hybrid,ERC,isolated_pin_label,Label connected to only one pin :: Global Label 'SOM_I2S0_SDI0',ACCEPTED_BY_DESIGN,Named PUBLIC_PINOUT SoM net (radxa_nx5_public_pinout_table.csv) on one SODIMM pin. Far-end connectors are PERIPH placeholders without per-pin symbols; adding a fake second pin would invent routing.,RETAIN. Digital package records named public nets; do not short distinct SoM pins.,/,artifacts/supervisor_ready_eda/kicad/handheld_hybrid/erc.json,warning
W0655,handheld_hybrid,ERC,endpoint_off_grid,"Symbol pin or wire end off connection grid :: Horizontal Wire, length 0.0254 mm",ACCEPTED_BY_DESIGN,"KiCad connection-grid residual. ERC text 'length 0.0254 mm' is the 1 mil off-grid error (JSON), not a stub: all schematic wires measure 2.54 mm. Public NX5/SODIMM pin coordinates are not on the default 50 mil grid; snapping would distort radxa_nx5_public_pinout_table.csv.",RETAIN. Do not ignore the ERC check; do not move public pin coordinates.,/,artifacts/supervisor_ready_eda/kicad/handheld_hybrid/erc.json,warning
W0656,handheld_hybrid,ERC,isolated_pin_label,Label connected to only one pin :: Global Label 'SOM_PDM0_SDI0',ACCEPTED_BY_DESIGN,Named PUBLIC_PINOUT SoM net (radxa_nx5_public_pinout_table.csv) on one SODIMM pin. Far-end connectors are PERIPH placeholders without per-pin symbols; adding a fake second pin would invent routing.,RETAIN. Digital package records named public nets; do not short distinct SoM pins.,/,artifacts/supervisor_ready_eda/kicad/handheld_hybrid/erc.json,warning
W0657,handheld_hybrid,ERC,endpoint_off_grid,"Symbol pin or wire end off connection grid :: Horizontal Wire, length 0.0254 mm",ACCEPTED_BY_DESIGN,"KiCad connection-grid residual. ERC text 'length 0.0254 mm' is the 1 mil off-grid error (JSON), not a stub: all schematic wires measure 2.54 mm. Public NX5/SODIMM pin coordinates are not on the default 50 mil grid; snapping would distort radxa_nx5_public_pinout_table.csv.",RETAIN. Do not ignore the ERC check; do not move public pin coordinates.,/,artifacts/supervisor_ready_eda/kicad/handheld_hybrid/erc.json,warning
W0658,handheld_hybrid,ERC,isolated_pin_label,Label connected to only one pin :: Global Label 'SOM_SARADC_VIN0_BOOT',ACCEPTED_BY_DESIGN,Named PUBLIC_PINOUT SoM net (radxa_nx5_public_pinout_table.csv) on one SODIMM pin. Far-end connectors are PERIPH placeholders without per-pin symbols; adding a fake second pin would invent routing.,RETAIN. Digital package records named public nets; do not short distinct SoM pins.,/,artifacts/supervisor_ready_eda/kicad/handheld_hybrid/erc.json,warning
W0659,handheld_hybrid,ERC,endpoint_off_grid,"Symbol pin or wire end off connection grid :: Symbol JS_ADC Pin 214 [SARADC_VIN0_BOOT, Passive, Line]",ACCEPTED_BY_DESIGN,"KiCad connection-grid residual. ERC text 'length 0.0254 mm' is the 1 mil off-grid error (JSON), not a stub: all schematic wires measure 2.54 mm. Public NX5/SODIMM pin coordinates are not on the default 50 mil grid; snapping would distort radxa_nx5_public_pinout_table.csv.",RETAIN. Do not ignore the ERC check; do not move public pin coordinates.,/,artifacts/supervisor_ready_eda/kicad/handheld_hybrid/erc.json,warning
W0660,handheld_hybrid,ERC,lib_symbol_issues,The current configuration does not include the symbol library '' :: Symbol JS_ADC [SODIMM_ADC],ACCEPTED_BY_DESIGN,KiCad parses embedded lib_id 'USB_C' as library ''. Prefixing to gunnchos: plus an extracted .kicad_sym made kicad-cli 10.0.5 fail schematic load. Embedded lib_symbols remain the in-tree source. Warning retained rather than breaking ERC.,RETAIN. Do not invent a pin-accurate symbol library. Do not add ERC ignore keys.,/,artifacts/supervisor_ready_eda/kicad/handheld_hybrid/erc.json,warning
W0661,handheld_hybrid,ERC,multiple_net_names,Both SOM_HP_DET_L and SOM_POWER-EN are attached to the same items; SOM_HP_DET_L will be used in the netlist :: Global Label 'SOM_HP_DET_L' | Global Label 'SOM_POWER-EN',FIXABLE_DIGITALLY,"Two distinct PUBLIC_PINOUT SoM signals share a wire (schematic short). Pinout CSV lists them as different pins (HP_DET_L vs POWER-EN, 4A1 vs BBAT, MIPI D0 vs D1).",Delete the bridging wires in sheets/sodimm_other.kicad_sch. Do not merge nets.,/OTHER/,artifacts/supervisor_ready_eda/kicad/handheld_hybrid/erc.json,warning
W0662,handheld_hybrid,ERC,multiple_net_names,Both SOM_MIPI_DPHY0_RX_D0N and SOM_MIPI_DPHY0_RX_D1N are attached to the same items; SOM_MIPI_DPHY0_RX_D0N will be used in the netlist :: Global Label 'SOM_MIPI_DPHY0_RX_D0N' | Global Label 'SOM_MIPI_DPHY0_RX_D1N',FIXABLE_DIGITALLY,"Two distinct PUBLIC_PINOUT SoM signals share a wire (schematic short). Pinout CSV lists them as different pins (HP_DET_L vs POWER-EN, 4A1 vs BBAT, MIPI D0 vs D1).",Delete the bridging wires in sheets/sodimm_other.kicad_sch. Do not merge nets.,/OTHER/,artifacts/supervisor_ready_eda/kicad/handheld_hybrid/erc.json,warning
W0663,handheld_hybrid,ERC,multiple_net_names,Both SOM_4A1 and SOM_BBAT are attached to the same items; SOM_4A1 will be used in the netlist :: Global Label 'SOM_4A1' | Global Label 'SOM_BBAT',FIXABLE_DIGITALLY,"Two distinct PUBLIC_PINOUT SoM signals share a wire (schematic short). Pinout CSV lists them as different pins (HP_DET_L vs POWER-EN, 4A1 vs BBAT, MIPI D0 vs D1).",Delete the bridging wires in sheets/sodimm_other.kicad_sch. Do not merge nets.,/OTHER/,artifacts/supervisor_ready_eda/kicad/handheld_hybrid/erc.json,warning
W0664,handheld_hybrid,ERC,multiple_net_names,Both SOM_MIPI_DPHY0_RX_D0P and SOM_MIPI_DPHY0_RX_D1P are attached to the same items; SOM_MIPI_DPHY0_RX_D0P will be used in the netlist :: Global Label 'SOM_MIPI_DPHY0_RX_D0P' | Global Label 'SOM_MIPI_DPHY0_RX_D1P',FIXABLE_DIGITALLY,"Two distinct PUBLIC_PINOUT SoM signals share a wire (schematic short). Pinout CSV lists them as different pins (HP_DET_L vs POWER-EN, 4A1 vs BBAT, MIPI D0 vs D1).",Delete the bridging wires in sheets/sodimm_other.kicad_sch. Do not merge nets.,/OTHER/,artifacts/supervisor_ready_eda/kicad/handheld_hybrid/erc.json,warning
W0665,handheld_hybrid,DRC,lib_footprint_mismatch,Footprint 'MountingHole_3.2mm' does not match copy in library 'gunnchos_production' :: Footprint H1,ACCEPTED_BY_DESIGN,"Cont IX PCB instances are envelope stubs on a digital-package placement grid. gunnchos_production.pretty already holds in-tree JEDEC/vendor geometry. Dropping those full footprints onto the current 24 mm envelope grid produces DRC errors (courtyard overlap, drill_out_of_range, solder_mask_bridge) — verified with kicad-cli 10.0.5. Retaining the mismatch keeps 0-error DRC; library remains the authority for later pin-accurate layout. Not an NDA pin map.",RETAIN instance/library mismatch. Do not ignore DRC. Do not expand ignored_checks. Pin-accurate placement is a later layout pass.,,artifacts/supervisor_ready_eda/kicad/handheld_hybrid/drc.json,warning
W0666,handheld_hybrid,DRC,lib_footprint_mismatch,Footprint 'MountingHole_3.2mm' does not match copy in library 'gunnchos_production' :: Footprint H2,ACCEPTED_BY_DESIGN,"Cont IX PCB instances are envelope stubs on a digital-package placement grid. gunnchos_production.pretty already holds in-tree JEDEC/vendor geometry. Dropping those full footprints onto the current 24 mm envelope grid produces DRC errors (courtyard overlap, drill_out_of_range, solder_mask_bridge) — verified with kicad-cli 10.0.5. Retaining the mismatch keeps 0-error DRC; library remains the authority for later pin-accurate layout. Not an NDA pin map.",RETAIN instance/library mismatch. Do not ignore DRC. Do not expand ignored_checks. Pin-accurate placement is a later layout pass.,,artifacts/supervisor_ready_eda/kicad/handheld_hybrid/drc.json,warning
W0667,handheld_hybrid,DRC,lib_footprint_mismatch,Footprint 'MountingHole_3.2mm' does not match copy in library 'gunnchos_production' :: Footprint H3,ACCEPTED_BY_DESIGN,"Cont IX PCB instances are envelope stubs on a digital-package placement grid. gunnchos_production.pretty already holds in-tree JEDEC/vendor geometry. Dropping those full footprints onto the current 24 mm envelope grid produces DRC errors (courtyard overlap, drill_out_of_range, solder_mask_bridge) — verified with kicad-cli 10.0.5. Retaining the mismatch keeps 0-error DRC; library remains the authority for later pin-accurate layout. Not an NDA pin map.",RETAIN instance/library mismatch. Do not ignore DRC. Do not expand ignored_checks. Pin-accurate placement is a later layout pass.,,artifacts/supervisor_ready_eda/kicad/handheld_hybrid/drc.json,warning
W0668,handheld_hybrid,DRC,lib_footprint_mismatch,Footprint 'MountingHole_3.2mm' does not match copy in library 'gunnchos_production' :: Footprint H4,ACCEPTED_BY_DESIGN,"Cont IX PCB instances are envelope stubs on a digital-package placement grid. gunnchos_production.pretty already holds in-tree JEDEC/vendor geometry. Dropping those full footprints onto the current 24 mm envelope grid produces DRC errors (courtyard overlap, drill_out_of_range, solder_mask_bridge) — verified with kicad-cli 10.0.5. Retaining the mismatch keeps 0-error DRC; library remains the authority for later pin-accurate layout. Not an NDA pin map.",RETAIN instance/library mismatch. Do not ignore DRC. Do not expand ignored_checks. Pin-accurate placement is a later layout pass.,,artifacts/supervisor_ready_eda/kicad/handheld_hybrid/drc.json,warning
W0669,handheld_hybrid,DRC,lib_footprint_mismatch,Footprint 'Fiducial_1mm' does not match copy in library 'gunnchos_production' :: Footprint FID1,ACCEPTED_BY_DESIGN,"Cont IX PCB instances are envelope stubs on a digital-package placement grid. gunnchos_production.pretty already holds in-tree JEDEC/vendor geometry. Dropping those full footprints onto the current 24 mm envelope grid produces DRC errors (courtyard overlap, drill_out_of_range, solder_mask_bridge) — verified with kicad-cli 10.0.5. Retaining the mismatch keeps 0-error DRC; library remains the authority for later pin-accurate layout. Not an NDA pin map.",RETAIN instance/library mismatch. Do not ignore DRC. Do not expand ignored_checks. Pin-accurate placement is a later layout pass.,,artifacts/supervisor_ready_eda/kicad/handheld_hybrid/drc.json,warning
W0670,handheld_hybrid,DRC,lib_footprint_mismatch,Footprint 'Fiducial_1mm' does not match copy in library 'gunnchos_production' :: Footprint FID2,ACCEPTED_BY_DESIGN,"Cont IX PCB instances are envelope stubs on a digital-package placement grid. gunnchos_production.pretty already holds in-tree JEDEC/vendor geometry. Dropping those full footprints onto the current 24 mm envelope grid produces DRC errors (courtyard overlap, drill_out_of_range, solder_mask_bridge) — verified with kicad-cli 10.0.5. Retaining the mismatch keeps 0-error DRC; library remains the authority for later pin-accurate layout. Not an NDA pin map.",RETAIN instance/library mismatch. Do not ignore DRC. Do not expand ignored_checks. Pin-accurate placement is a later layout pass.,,artifacts/supervisor_ready_eda/kicad/handheld_hybrid/drc.json,warning
W0671,handheld_hybrid,DRC,lib_footprint_mismatch,Footprint 'Fiducial_1mm' does not match copy in library 'gunnchos_production' :: Footprint FID3,ACCEPTED_BY_DESIGN,"Cont IX PCB instances are envelope stubs on a digital-package placement grid. gunnchos_production.pretty already holds in-tree JEDEC/vendor geometry. Dropping those full footprints onto the current 24 mm envelope grid produces DRC errors (courtyard overlap, drill_out_of_range, solder_mask_bridge) — verified with kicad-cli 10.0.5. Retaining the mismatch keeps 0-error DRC; library remains the authority for later pin-accurate layout. Not an NDA pin map.",RETAIN instance/library mismatch. Do not ignore DRC. Do not expand ignored_checks. Pin-accurate placement is a later layout pass.,,artifacts/supervisor_ready_eda/kicad/handheld_hybrid/drc.json,warning
W0672,handheld_hybrid,DRC,lib_footprint_mismatch,Footprint 'USB_C_Receptacle_Production' does not match copy in library 'gunnchos_production' :: Footprint JUSB1,ACCEPTED_BY_DESIGN,"Cont IX PCB instances are envelope stubs on a digital-package placement grid. gunnchos_production.pretty already holds in-tree JEDEC/vendor geometry. Dropping those full footprints onto the current 24 mm envelope grid produces DRC errors (courtyard overlap, drill_out_of_range, solder_mask_bridge) — verified with kicad-cli 10.0.5. Retaining the mismatch keeps 0-error DRC; library remains the authority for later pin-accurate layout. Not an NDA pin map.",RETAIN instance/library mismatch. Do not ignore DRC. Do not expand ignored_checks. Pin-accurate placement is a later layout pass.,,artifacts/supervisor_ready_eda/kicad/handheld_hybrid/drc.json,warning
W0673,handheld_hybrid,DRC,lib_footprint_mismatch,Footprint 'VQFN-56-1EP_7x7mm_P0.4mm' does not match copy in library 'gunnchos_production' :: Footprint UPD1,ACCEPTED_BY_DESIGN,"Cont IX PCB instances are envelope stubs on a digital-package placement grid. gunnchos_production.pretty already holds in-tree JEDEC/vendor geometry. Dropping those full footprints onto the current 24 mm envelope grid produces DRC errors (courtyard overlap, drill_out_of_range, solder_mask_bridge) — verified with kicad-cli 10.0.5. Retaining the mismatch keeps 0-error DRC; library remains the authority for later pin-accurate layout. Not an NDA pin map.",RETAIN instance/library mismatch. Do not ignore DRC. Do not expand ignored_checks. Pin-accurate placement is a later layout pass.,,artifacts/supervisor_ready_eda/kicad/handheld_hybrid/drc.json,warning
W0674,handheld_hybrid,DRC,lib_footprint_mismatch,Footprint 'WQFN-24-1EP_4x4mm_P0.5mm' does not match copy in library 'gunnchos_production' :: Footprint UCHG1,ACCEPTED_BY_DESIGN,"Cont IX PCB instances are envelope stubs on a digital-package placement grid. gunnchos_production.pretty already holds in-tree JEDEC/vendor geometry. Dropping those full footprints onto the current 24 mm envelope grid produces DRC errors (courtyard overlap, drill_out_of_range, solder_mask_bridge) — verified with kicad-cli 10.0.5. Retaining the mismatch keeps 0-error DRC; library remains the authority for later pin-accurate layout. Not an NDA pin map.",RETAIN instance/library mismatch. Do not ignore DRC. Do not expand ignored_checks. Pin-accurate placement is a later layout pass.,,artifacts/supervisor_ready_eda/kicad/handheld_hybrid/drc.json,warning
W0675,handheld_hybrid,DRC,lib_footprint_mismatch,Footprint 'QFN-16-1EP_3x3mm_P0.5mm' does not match copy in library 'gunnchos_production' :: Footprint U3V3,ACCEPTED_BY_DESIGN,"Cont IX PCB instances are envelope stubs on a digital-package placement grid. gunnchos_production.pretty already holds in-tree JEDEC/vendor geometry. Dropping those full footprints onto the current 24 mm envelope grid produces DRC errors (courtyard overlap, drill_out_of_range, solder_mask_bridge) — verified with kicad-cli 10.0.5. Retaining the mismatch keeps 0-error DRC; library remains the authority for later pin-accurate layout. Not an NDA pin map.",RETAIN instance/library mismatch. Do not ignore DRC. Do not expand ignored_checks. Pin-accurate placement is a later layout pass.,,artifacts/supervisor_ready_eda/kicad/handheld_hybrid/drc.json,warning
W0676,handheld_hybrid,DRC,lib_footprint_mismatch,Footprint 'C_0402' does not match copy in library 'gunnchos_production' :: Footprint C1,ACCEPTED_BY_DESIGN,"Cont IX PCB instances are envelope stubs on a digital-package placement grid. gunnchos_production.pretty already holds in-tree JEDEC/vendor geometry. Dropping those full footprints onto the current 24 mm envelope grid produces DRC errors (courtyard overlap, drill_out_of_range, solder_mask_bridge) — verified with kicad-cli 10.0.5. Retaining the mismatch keeps 0-error DRC; library remains the authority for later pin-accurate layout. Not an NDA pin map.",RETAIN instance/library mismatch. Do not ignore DRC. Do not expand ignored_checks. Pin-accurate placement is a later layout pass.,,artifacts/supervisor_ready_eda/kicad/handheld_hybrid/drc.json,warning
W0677,handheld_hybrid,DRC,lib_footprint_mismatch,Footprint 'C_0402' does not match copy in library 'gunnchos_production' :: Footprint C2,ACCEPTED_BY_DESIGN,"Cont IX PCB instances are envelope stubs on a digital-package placement grid. gunnchos_production.pretty already holds in-tree JEDEC/vendor geometry. Dropping those full footprints onto the current 24 mm envelope grid produces DRC errors (courtyard overlap, drill_out_of_range, solder_mask_bridge) — verified with kicad-cli 10.0.5. Retaining the mismatch keeps 0-error DRC; library remains the authority for later pin-accurate layout. Not an NDA pin map.",RETAIN instance/library mismatch. Do not ignore DRC. Do not expand ignored_checks. Pin-accurate placement is a later layout pass.,,artifacts/supervisor_ready_eda/kicad/handheld_hybrid/drc.json,warning
W0678,handheld_hybrid,DRC,lib_footprint_mismatch,Footprint 'R_0402' does not match copy in library 'gunnchos_production' :: Footprint R1,ACCEPTED_BY_DESIGN,"Cont IX PCB instances are envelope stubs on a digital-package placement grid. gunnchos_production.pretty already holds in-tree JEDEC/vendor geometry. Dropping those full footprints onto the current 24 mm envelope grid produces DRC errors (courtyard overlap, drill_out_of_range, solder_mask_bridge) — verified with kicad-cli 10.0.5. Retaining the mismatch keeps 0-error DRC; library remains the authority for later pin-accurate layout. Not an NDA pin map.",RETAIN instance/library mismatch. Do not ignore DRC. Do not expand ignored_checks. Pin-accurate placement is a later layout pass.,,artifacts/supervisor_ready_eda/kicad/handheld_hybrid/drc.json,warning
W0679,handheld_hybrid,DRC,lib_footprint_mismatch,Footprint 'R_0402' does not match copy in library 'gunnchos_production' :: Footprint R2,ACCEPTED_BY_DESIGN,"Cont IX PCB instances are envelope stubs on a digital-package placement grid. gunnchos_production.pretty already holds in-tree JEDEC/vendor geometry. Dropping those full footprints onto the current 24 mm envelope grid produces DRC errors (courtyard overlap, drill_out_of_range, solder_mask_bridge) — verified with kicad-cli 10.0.5. Retaining the mismatch keeps 0-error DRC; library remains the authority for later pin-accurate layout. Not an NDA pin map.",RETAIN instance/library mismatch. Do not ignore DRC. Do not expand ignored_checks. Pin-accurate placement is a later layout pass.,,artifacts/supervisor_ready_eda/kicad/handheld_hybrid/drc.json,warning
W0680,handheld_hybrid,DRC,lib_footprint_mismatch,Footprint 'LED_0603' does not match copy in library 'gunnchos_production' :: Footprint D1,ACCEPTED_BY_DESIGN,"Cont IX PCB instances are envelope stubs on a digital-package placement grid. gunnchos_production.pretty already holds in-tree JEDEC/vendor geometry. Dropping those full footprints onto the current 24 mm envelope grid produces DRC errors (courtyard overlap, drill_out_of_range, solder_mask_bridge) — verified with kicad-cli 10.0.5. Retaining the mismatch keeps 0-error DRC; library remains the authority for later pin-accurate layout. Not an NDA pin map.",RETAIN instance/library mismatch. Do not ignore DRC. Do not expand ignored_checks. Pin-accurate placement is a later layout pass.,,artifacts/supervisor_ready_eda/kicad/handheld_hybrid/drc.json,warning
W0681,handheld_hybrid,DRC,lib_footprint_mismatch,Footprint 'DFN1006-2' does not match copy in library 'gunnchos_production' :: Footprint DESD1,ACCEPTED_BY_DESIGN,"Cont IX PCB instances are envelope stubs on a digital-package placement grid. gunnchos_production.pretty already holds in-tree JEDEC/vendor geometry. Dropping those full footprints onto the current 24 mm envelope grid produces DRC errors (courtyard overlap, drill_out_of_range, solder_mask_bridge) — verified with kicad-cli 10.0.5. Retaining the mismatch keeps 0-error DRC; library remains the authority for later pin-accurate layout. Not an NDA pin map.",RETAIN instance/library mismatch. Do not ignore DRC. Do not expand ignored_checks. Pin-accurate placement is a later layout pass.,,artifacts/supervisor_ready_eda/kicad/handheld_hybrid/drc.json,warning
W0682,handheld_hybrid,DRC,lib_footprint_mismatch,Footprint 'LQFP-48_7x7mm_P0.5mm' does not match copy in library 'gunnchos_production' :: Footprint UHID1,ACCEPTED_BY_DESIGN,"Cont IX PCB instances are envelope stubs on a digital-package placement grid. gunnchos_production.pretty already holds in-tree JEDEC/vendor geometry. Dropping those full footprints onto the current 24 mm envelope grid produces DRC errors (courtyard overlap, drill_out_of_range, solder_mask_bridge) — verified with kicad-cli 10.0.5. Retaining the mismatch keeps 0-error DRC; library remains the authority for later pin-accurate layout. Not an NDA pin map.",RETAIN instance/library mismatch. Do not ignore DRC. Do not expand ignored_checks. Pin-accurate placement is a later layout pass.,,artifacts/supervisor_ready_eda/kicad/handheld_hybrid/drc.json,warning
W0683,handheld_hybrid,DRC,lib_footprint_mismatch,Footprint 'FFC_40P_0.5mm' does not match copy in library 'gunnchos_production' :: Footprint JDISP1,ACCEPTED_BY_DESIGN,"Cont IX PCB instances are envelope stubs on a digital-package placement grid. gunnchos_production.pretty already holds in-tree JEDEC/vendor geometry. Dropping those full footprints onto the current 24 mm envelope grid produces DRC errors (courtyard overlap, drill_out_of_range, solder_mask_bridge) — verified with kicad-cli 10.0.5. Retaining the mismatch keeps 0-error DRC; library remains the authority for later pin-accurate layout. Not an NDA pin map.",RETAIN instance/library mismatch. Do not ignore DRC. Do not expand ignored_checks. Pin-accurate placement is a later layout pass.,,artifacts/supervisor_ready_eda/kicad/handheld_hybrid/drc.json,warning
W0684,handheld_hybrid,DRC,lib_footprint_mismatch,Footprint 'DFN1006-2' does not match copy in library 'gunnchos_production' :: Footprint JTP1,ACCEPTED_BY_DESIGN,"Cont IX PCB instances are envelope stubs on a digital-package placement grid. gunnchos_production.pretty already holds in-tree JEDEC/vendor geometry. Dropping those full footprints onto the current 24 mm envelope grid produces DRC errors (courtyard overlap, drill_out_of_range, solder_mask_bridge) — verified with kicad-cli 10.0.5. Retaining the mismatch keeps 0-error DRC; library remains the authority for later pin-accurate layout. Not an NDA pin map.",RETAIN instance/library mismatch. Do not ignore DRC. Do not expand ignored_checks. Pin-accurate placement is a later layout pass.,,artifacts/supervisor_ready_eda/kicad/handheld_hybrid/drc.json,warning
W0685,handheld_hybrid,DRC,lib_footprint_mismatch,Footprint 'DFN1006-2' does not match copy in library 'gunnchos_production' :: Footprint JAUD1,ACCEPTED_BY_DESIGN,"Cont IX PCB instances are envelope stubs on a digital-package placement grid. gunnchos_production.pretty already holds in-tree JEDEC/vendor geometry. Dropping those full footprints onto the current 24 mm envelope grid produces DRC errors (courtyard overlap, drill_out_of_range, solder_mask_bridge) — verified with kicad-cli 10.0.5. Retaining the mismatch keeps 0-error DRC; library remains the authority for later pin-accurate layout. Not an NDA pin map.",RETAIN instance/library mismatch. Do not ignore DRC. Do not expand ignored_checks. Pin-accurate placement is a later layout pass.,,artifacts/supervisor_ready_eda/kicad/handheld_hybrid/drc.json,warning
W0686,handheld_hybrid,DRC,lib_footprint_mismatch,Footprint 'FFC_40P_0.5mm' does not match copy in library 'gunnchos_production' :: Footprint JCAM1,ACCEPTED_BY_DESIGN,"Cont IX PCB instances are envelope stubs on a digital-package placement grid. gunnchos_production.pretty already holds in-tree JEDEC/vendor geometry. Dropping those full footprints onto the current 24 mm envelope grid produces DRC errors (courtyard overlap, drill_out_of_range, solder_mask_bridge) — verified with kicad-cli 10.0.5. Retaining the mismatch keeps 0-error DRC; library remains the authority for later pin-accurate layout. Not an NDA pin map.",RETAIN instance/library mismatch. Do not ignore DRC. Do not expand ignored_checks. Pin-accurate placement is a later layout pass.,,artifacts/supervisor_ready_eda/kicad/handheld_hybrid/drc.json,warning
W0687,handheld_hybrid,DRC,lib_footprint_mismatch,Footprint 'DFN1006-2' does not match copy in library 'gunnchos_production' :: Footprint JKEY1,ACCEPTED_BY_DESIGN,"Cont IX PCB instances are envelope stubs on a digital-package placement grid. gunnchos_production.pretty already holds in-tree JEDEC/vendor geometry. Dropping those full footprints onto the current 24 mm envelope grid produces DRC errors (courtyard overlap, drill_out_of_range, solder_mask_bridge) — verified with kicad-cli 10.0.5. Retaining the mismatch keeps 0-error DRC; library remains the authority for later pin-accurate layout. Not an NDA pin map.",RETAIN instance/library mismatch. Do not ignore DRC. Do not expand ignored_checks. Pin-accurate placement is a later layout pass.,,artifacts/supervisor_ready_eda/kicad/handheld_hybrid/drc.json,warning
W0688,handheld_hybrid,DRC,lib_footprint_mismatch,Footprint 'DFN1006-2' does not match copy in library 'gunnchos_production' :: Footprint JTRK1,ACCEPTED_BY_DESIGN,"Cont IX PCB instances are envelope stubs on a digital-package placement grid. gunnchos_production.pretty already holds in-tree JEDEC/vendor geometry. Dropping those full footprints onto the current 24 mm envelope grid produces DRC errors (courtyard overlap, drill_out_of_range, solder_mask_bridge) — verified with kicad-cli 10.0.5. Retaining the mismatch keeps 0-error DRC; library remains the authority for later pin-accurate layout. Not an NDA pin map.",RETAIN instance/library mismatch. Do not ignore DRC. Do not expand ignored_checks. Pin-accurate placement is a later layout pass.,,artifacts/supervisor_ready_eda/kicad/handheld_hybrid/drc.json,warning
W0689,handheld_hybrid,DRC,lib_footprint_mismatch,Footprint 'DFN1006-2' does not match copy in library 'gunnchos_production' :: Footprint JWWAN1,ACCEPTED_BY_DESIGN,"Cont IX PCB instances are envelope stubs on a digital-package placement grid. gunnchos_production.pretty already holds in-tree JEDEC/vendor geometry. Dropping those full footprints onto the current 24 mm envelope grid produces DRC errors (courtyard overlap, drill_out_of_range, solder_mask_bridge) — verified with kicad-cli 10.0.5. Retaining the mismatch keeps 0-error DRC; library remains the authority for later pin-accurate layout. Not an NDA pin map.",RETAIN instance/library mismatch. Do not ignore DRC. Do not expand ignored_checks. Pin-accurate placement is a later layout pass.,,artifacts/supervisor_ready_eda/kicad/handheld_hybrid/drc.json,warning
W0690,handheld_hybrid,DRC,lib_footprint_mismatch,Footprint 'DFN1006-2' does not match copy in library 'gunnchos_production' :: Footprint JGNSS1,ACCEPTED_BY_DESIGN,"Cont IX PCB instances are envelope stubs on a digital-package placement grid. gunnchos_production.pretty already holds in-tree JEDEC/vendor geometry. Dropping those full footprints onto the current 24 mm envelope grid produces DRC errors (courtyard overlap, drill_out_of_range, solder_mask_bridge) — verified with kicad-cli 10.0.5. Retaining the mismatch keeps 0-error DRC; library remains the authority for later pin-accurate layout. Not an NDA pin map.",RETAIN instance/library mismatch. Do not ignore DRC. Do not expand ignored_checks. Pin-accurate placement is a later layout pass.,,artifacts/supervisor_ready_eda/kicad/handheld_hybrid/drc.json,warning
W0691,handheld_hybrid,DRC,lib_footprint_mismatch,Footprint 'DFN1006-2' does not match copy in library 'gunnchos_production' :: Footprint JWIFI1,ACCEPTED_BY_DESIGN,"Cont IX PCB instances are envelope stubs on a digital-package placement grid. gunnchos_production.pretty already holds in-tree JEDEC/vendor geometry. Dropping those full footprints onto the current 24 mm envelope grid produces DRC errors (courtyard overlap, drill_out_of_range, solder_mask_bridge) — verified with kicad-cli 10.0.5. Retaining the mismatch keeps 0-error DRC; library remains the authority for later pin-accurate layout. Not an NDA pin map.",RETAIN instance/library mismatch. Do not ignore DRC. Do not expand ignored_checks. Pin-accurate placement is a later layout pass.,,artifacts/supervisor_ready_eda/kicad/handheld_hybrid/drc.json,warning
W0692,handheld_hybrid,DRC,lib_footprint_mismatch,Footprint 'DFN1006-2' does not match copy in library 'gunnchos_production' :: Footprint JBAT1,ACCEPTED_BY_DESIGN,"Cont IX PCB instances are envelope stubs on a digital-package placement grid. gunnchos_production.pretty already holds in-tree JEDEC/vendor geometry. Dropping those full footprints onto the current 24 mm envelope grid produces DRC errors (courtyard overlap, drill_out_of_range, solder_mask_bridge) — verified with kicad-cli 10.0.5. Retaining the mismatch keeps 0-error DRC; library remains the authority for later pin-accurate layout. Not an NDA pin map.",RETAIN instance/library mismatch. Do not ignore DRC. Do not expand ignored_checks. Pin-accurate placement is a later layout pass.,,artifacts/supervisor_ready_eda/kicad/handheld_hybrid/drc.json,warning
W0693,handheld_hybrid,DRC,lib_footprint_mismatch,Footprint 'DFN1006-2' does not match copy in library 'gunnchos_production' :: Footprint JSEC1,ACCEPTED_BY_DESIGN,"Cont IX PCB instances are envelope stubs on a digital-package placement grid. gunnchos_production.pretty already holds in-tree JEDEC/vendor geometry. Dropping those full footprints onto the current 24 mm envelope grid produces DRC errors (courtyard overlap, drill_out_of_range, solder_mask_bridge) — verified with kicad-cli 10.0.5. Retaining the mismatch keeps 0-error DRC; library remains the authority for later pin-accurate layout. Not an NDA pin map.",RETAIN instance/library mismatch. Do not ignore DRC. Do not expand ignored_checks. Pin-accurate placement is a later layout pass.,,artifacts/supervisor_ready_eda/kicad/handheld_hybrid/drc.json,warning
W0694,handheld_hybrid,DRC,lib_footprint_mismatch,Footprint 'DFN1006-2' does not match copy in library 'gunnchos_production' :: Footprint JDBG1,ACCEPTED_BY_DESIGN,"Cont IX PCB instances are envelope stubs on a digital-package placement grid. gunnchos_production.pretty already holds in-tree JEDEC/vendor geometry. Dropping those full footprints onto the current 24 mm envelope grid produces DRC errors (courtyard overlap, drill_out_of_range, solder_mask_bridge) — verified with kicad-cli 10.0.5. Retaining the mismatch keeps 0-error DRC; library remains the authority for later pin-accurate layout. Not an NDA pin map.",RETAIN instance/library mismatch. Do not ignore DRC. Do not expand ignored_checks. Pin-accurate placement is a later layout pass.,,artifacts/supervisor_ready_eda/kicad/handheld_hybrid/drc.json,warning
W0695,handheld_hybrid,DRC,lib_footprint_mismatch,Footprint 'DFN1006-2' does not match copy in library 'gunnchos_production' :: Footprint JHAP1,ACCEPTED_BY_DESIGN,"Cont IX PCB instances are envelope stubs on a digital-package placement grid. gunnchos_production.pretty already holds in-tree JEDEC/vendor geometry. Dropping those full footprints onto the current 24 mm envelope grid produces DRC errors (courtyard overlap, drill_out_of_range, solder_mask_bridge) — verified with kicad-cli 10.0.5. Retaining the mismatch keeps 0-error DRC; library remains the authority for later pin-accurate layout. Not an NDA pin map.",RETAIN instance/library mismatch. Do not ignore DRC. Do not expand ignored_checks. Pin-accurate placement is a later layout pass.,,artifacts/supervisor_ready_eda/kicad/handheld_hybrid/drc.json,warning
W0696,handheld_hybrid,DRC,lib_footprint_mismatch,Footprint 'DFN1006-2' does not match copy in library 'gunnchos_production' :: Footprint JFAN1,ACCEPTED_BY_DESIGN,"Cont IX PCB instances are envelope stubs on a digital-package placement grid. gunnchos_production.pretty already holds in-tree JEDEC/vendor geometry. Dropping those full footprints onto the current 24 mm envelope grid produces DRC errors (courtyard overlap, drill_out_of_range, solder_mask_bridge) — verified with kicad-cli 10.0.5. Retaining the mismatch keeps 0-error DRC; library remains the authority for later pin-accurate layout. Not an NDA pin map.",RETAIN instance/library mismatch. Do not ignore DRC. Do not expand ignored_checks. Pin-accurate placement is a later layout pass.,,artifacts/supervisor_ready_eda/kicad/handheld_hybrid/drc.json,warning
W0697,handheld_hybrid,DRC,lib_footprint_mismatch,Footprint 'SODIMM-260_DDR4_Socket' does not match copy in library 'gunnchos_production' :: Footprint JSOM1,ACCEPTED_BY_DESIGN,"Cont IX PCB instances are envelope stubs on a digital-package placement grid. gunnchos_production.pretty already holds in-tree JEDEC/vendor geometry. Dropping those full footprints onto the current 24 mm envelope grid produces DRC errors (courtyard overlap, drill_out_of_range, solder_mask_bridge) — verified with kicad-cli 10.0.5. Retaining the mismatch keeps 0-error DRC; library remains the authority for later pin-accurate layout. Not an NDA pin map.",RETAIN instance/library mismatch. Do not ignore DRC. Do not expand ignored_checks. Pin-accurate placement is a later layout pass.,,artifacts/supervisor_ready_eda/kicad/handheld_hybrid/drc.json,warning
W0698,handheld_hybrid,DRC,lib_footprint_mismatch,Footprint 'TestPoint_Pad' does not match copy in library 'gunnchos_production' :: Footprint TP1,ACCEPTED_BY_DESIGN,"Cont IX PCB instances are envelope stubs on a digital-package placement grid. gunnchos_production.pretty already holds in-tree JEDEC/vendor geometry. Dropping those full footprints onto the current 24 mm envelope grid produces DRC errors (courtyard overlap, drill_out_of_range, solder_mask_bridge) — verified with kicad-cli 10.0.5. Retaining the mismatch keeps 0-error DRC; library remains the authority for later pin-accurate layout. Not an NDA pin map.",RETAIN instance/library mismatch. Do not ignore DRC. Do not expand ignored_checks. Pin-accurate placement is a later layout pass.,,artifacts/supervisor_ready_eda/kicad/handheld_hybrid/drc.json,warning
W0699,handheld_hybrid,DRC,lib_footprint_mismatch,Footprint 'TestPoint_Pad' does not match copy in library 'gunnchos_production' :: Footprint TP2,ACCEPTED_BY_DESIGN,"Cont IX PCB instances are envelope stubs on a digital-package placement grid. gunnchos_production.pretty already holds in-tree JEDEC/vendor geometry. Dropping those full footprints onto the current 24 mm envelope grid produces DRC errors (courtyard overlap, drill_out_of_range, solder_mask_bridge) — verified with kicad-cli 10.0.5. Retaining the mismatch keeps 0-error DRC; library remains the authority for later pin-accurate layout. Not an NDA pin map.",RETAIN instance/library mismatch. Do not ignore DRC. Do not expand ignored_checks. Pin-accurate placement is a later layout pass.,,artifacts/supervisor_ready_eda/kicad/handheld_hybrid/drc.json,warning
W0700,handheld_hybrid,DRC,lib_footprint_mismatch,Footprint 'TestPoint_Pad' does not match copy in library 'gunnchos_production' :: Footprint TP3,ACCEPTED_BY_DESIGN,"Cont IX PCB instances are envelope stubs on a digital-package placement grid. gunnchos_production.pretty already holds in-tree JEDEC/vendor geometry. Dropping those full footprints onto the current 24 mm envelope grid produces DRC errors (courtyard overlap, drill_out_of_range, solder_mask_bridge) — verified with kicad-cli 10.0.5. Retaining the mismatch keeps 0-error DRC; library remains the authority for later pin-accurate layout. Not an NDA pin map.",RETAIN instance/library mismatch. Do not ignore DRC. Do not expand ignored_checks. Pin-accurate placement is a later layout pass.,,artifacts/supervisor_ready_eda/kicad/handheld_hybrid/drc.json,warning
W0701,handheld_hybrid,DRC,lib_footprint_mismatch,Footprint 'TestPoint_Pad' does not match copy in library 'gunnchos_production' :: Footprint TP4,ACCEPTED_BY_DESIGN,"Cont IX PCB instances are envelope stubs on a digital-package placement grid. gunnchos_production.pretty already holds in-tree JEDEC/vendor geometry. Dropping those full footprints onto the current 24 mm envelope grid produces DRC errors (courtyard overlap, drill_out_of_range, solder_mask_bridge) — verified with kicad-cli 10.0.5. Retaining the mismatch keeps 0-error DRC; library remains the authority for later pin-accurate layout. Not an NDA pin map.",RETAIN instance/library mismatch. Do not ignore DRC. Do not expand ignored_checks. Pin-accurate placement is a later layout pass.,,artifacts/supervisor_ready_eda/kicad/handheld_hybrid/drc.json,warning
W0702,handheld_hybrid,DRC,lib_footprint_mismatch,Footprint 'TestPoint_Pad' does not match copy in library 'gunnchos_production' :: Footprint TP5,ACCEPTED_BY_DESIGN,"Cont IX PCB instances are envelope stubs on a digital-package placement grid. gunnchos_production.pretty already holds in-tree JEDEC/vendor geometry. Dropping those full footprints onto the current 24 mm envelope grid produces DRC errors (courtyard overlap, drill_out_of_range, solder_mask_bridge) — verified with kicad-cli 10.0.5. Retaining the mismatch keeps 0-error DRC; library remains the authority for later pin-accurate layout. Not an NDA pin map.",RETAIN instance/library mismatch. Do not ignore DRC. Do not expand ignored_checks. Pin-accurate placement is a later layout pass.,,artifacts/supervisor_ready_eda/kicad/handheld_hybrid/drc.json,warning
W0703,handheld_hybrid,DRC,lib_footprint_mismatch,Footprint 'TestPoint_Pad' does not match copy in library 'gunnchos_production' :: Footprint TP6,ACCEPTED_BY_DESIGN,"Cont IX PCB instances are envelope stubs on a digital-package placement grid. gunnchos_production.pretty already holds in-tree JEDEC/vendor geometry. Dropping those full footprints onto the current 24 mm envelope grid produces DRC errors (courtyard overlap, drill_out_of_range, solder_mask_bridge) — verified with kicad-cli 10.0.5. Retaining the mismatch keeps 0-error DRC; library remains the authority for later pin-accurate layout. Not an NDA pin map.",RETAIN instance/library mismatch. Do not ignore DRC. Do not expand ignored_checks. Pin-accurate placement is a later layout pass.,,artifacts/supervisor_ready_eda/kicad/handheld_hybrid/drc.json,warning
W0704,student_14_5,ERC,isolated_pin_label,Label connected to only one pin :: Global Label 'USB_DM',BLOCKED_NDA_INFORMATION,Global label is attached to a single stub pin. The missing far end is pin-accurate module/controller fanout: EXT-COM-HPC-400PIN (PICMG/ADLINK NARROW_NDA COM-HPC Mini 400-pin map). Public in-tree files do not contain that map.,RETAIN warning. Do not invent NDA nets. Owner intakes NDA CSV/PDF then fans out.,/,artifacts/supervisor_ready_eda/kicad/student_14_5/erc.json,warning
W0705,student_14_5,ERC,isolated_pin_label,Label connected to only one pin :: Global Label 'PWRBTN',BLOCKED_NDA_INFORMATION,Global label is attached to a single stub pin. The missing far end is pin-accurate module/controller fanout: EXT-COM-HPC-400PIN (PICMG/ADLINK NARROW_NDA COM-HPC Mini 400-pin map). Public in-tree files do not contain that map.,RETAIN warning. Do not invent NDA nets. Owner intakes NDA CSV/PDF then fans out.,/,artifacts/supervisor_ready_eda/kicad/student_14_5/erc.json,warning
W0706,student_14_5,ERC,isolated_pin_label,Label connected to only one pin :: Global Label 'COM_VIN',BLOCKED_NDA_INFORMATION,Global label is attached to a single stub pin. The missing far end is pin-accurate module/controller fanout: EXT-COM-HPC-400PIN (PICMG/ADLINK NARROW_NDA COM-HPC Mini 400-pin map). Public in-tree files do not contain that map.,RETAIN warning. Do not invent NDA nets. Owner intakes NDA CSV/PDF then fans out.,/,artifacts/supervisor_ready_eda/kicad/student_14_5/erc.json,warning
W0707,student_14_5,ERC,lib_symbol_issues,The current configuration does not include the symbol library '' :: Symbol JUSB1 [USB_C],ACCEPTED_BY_DESIGN,KiCad parses embedded lib_id 'USB_C' as library ''. Prefixing to gunnchos: plus an extracted .kicad_sym made kicad-cli 10.0.5 fail schematic load. Embedded lib_symbols remain the in-tree source. Warning retained rather than breaking ERC.,RETAIN. Do not invent a pin-accurate symbol library. Do not add ERC ignore keys.,/,artifacts/supervisor_ready_eda/kicad/student_14_5/erc.json,warning
W0708,student_14_5,ERC,lib_symbol_issues,The current configuration does not include the symbol library '' :: Symbol C2 [C],ACCEPTED_BY_DESIGN,KiCad parses embedded lib_id 'USB_C' as library ''. Prefixing to gunnchos: plus an extracted .kicad_sym made kicad-cli 10.0.5 fail schematic load. Embedded lib_symbols remain the in-tree source. Warning retained rather than breaking ERC.,RETAIN. Do not invent a pin-accurate symbol library. Do not add ERC ignore keys.,/,artifacts/supervisor_ready_eda/kicad/student_14_5/erc.json,warning
W0709,student_14_5,ERC,lib_symbol_issues,The current configuration does not include the symbol library '' :: Symbol UCOM1 [COMHPC_PUBLIC],ACCEPTED_BY_DESIGN,KiCad parses embedded lib_id 'USB_C' as library ''. Prefixing to gunnchos: plus an extracted .kicad_sym made kicad-cli 10.0.5 fail schematic load. Embedded lib_symbols remain the in-tree source. Warning retained rather than breaking ERC.,RETAIN. Do not invent a pin-accurate symbol library. Do not add ERC ignore keys.,/,artifacts/supervisor_ready_eda/kicad/student_14_5/erc.json,warning
W0710,student_14_5,ERC,lib_symbol_issues,The current configuration does not include the symbol library '' :: Symbol JSIM1 [PERIPH],ACCEPTED_BY_DESIGN,KiCad parses embedded lib_id 'USB_C' as library ''. Prefixing to gunnchos: plus an extracted .kicad_sym made kicad-cli 10.0.5 fail schematic load. Embedded lib_symbols remain the in-tree source. Warning retained rather than breaking ERC.,RETAIN. Do not invent a pin-accurate symbol library. Do not add ERC ignore keys.,/,artifacts/supervisor_ready_eda/kicad/student_14_5/erc.json,warning
W0711,student_14_5,ERC,lib_symbol_issues,The current configuration does not include the symbol library '' :: Symbol JKEY1 [PERIPH],ACCEPTED_BY_DESIGN,KiCad parses embedded lib_id 'USB_C' as library ''. Prefixing to gunnchos: plus an extracted .kicad_sym made kicad-cli 10.0.5 fail schematic load. Embedded lib_symbols remain the in-tree source. Warning retained rather than breaking ERC.,RETAIN. Do not invent a pin-accurate symbol library. Do not add ERC ignore keys.,/,artifacts/supervisor_ready_eda/kicad/student_14_5/erc.json,warning
W0712,student_14_5,ERC,lib_symbol_issues,The current configuration does not include the symbol library '' :: Symbol JDBG1 [PERIPH],ACCEPTED_BY_DESIGN,KiCad parses embedded lib_id 'USB_C' as library ''. Prefixing to gunnchos: plus an extracted .kicad_sym made kicad-cli 10.0.5 fail schematic load. Embedded lib_symbols remain the in-tree source. Warning retained rather than breaking ERC.,RETAIN. Do not invent a pin-accurate symbol library. Do not add ERC ignore keys.,/,artifacts/supervisor_ready_eda/kicad/student_14_5/erc.json,warning
W0713,student_14_5,ERC,isolated_pin_label,Label connected to only one pin :: Global Label 'USB_DP',BLOCKED_NDA_INFORMATION,Global label is attached to a single stub pin. The missing far end is pin-accurate module/controller fanout: EXT-COM-HPC-400PIN (PICMG/ADLINK NARROW_NDA COM-HPC Mini 400-pin map). Public in-tree files do not contain that map.,RETAIN warning. Do not invent NDA nets. Owner intakes NDA CSV/PDF then fans out.,/,artifacts/supervisor_ready_eda/kicad/student_14_5/erc.json,warning
W0714,student_14_5,ERC,isolated_pin_label,Label connected to only one pin :: Global Label 'UART_TX',BLOCKED_NDA_INFORMATION,Global label is attached to a single stub pin. The missing far end is pin-accurate module/controller fanout: EXT-COM-HPC-400PIN (PICMG/ADLINK NARROW_NDA COM-HPC Mini 400-pin map). Public in-tree files do not contain that map.,RETAIN warning. Do not invent NDA nets. Owner intakes NDA CSV/PDF then fans out.,/,artifacts/supervisor_ready_eda/kicad/student_14_5/erc.json,warning
W0715,student_14_5,ERC,isolated_pin_label,Label connected to only one pin :: Global Label 'SPI_MOSI',BLOCKED_NDA_INFORMATION,Global label is attached to a single stub pin. The missing far end is pin-accurate module/controller fanout: EXT-COM-HPC-400PIN (PICMG/ADLINK NARROW_NDA COM-HPC Mini 400-pin map). Public in-tree files do not contain that map.,RETAIN warning. Do not invent NDA nets. Owner intakes NDA CSV/PDF then fans out.,/,artifacts/supervisor_ready_eda/kicad/student_14_5/erc.json,warning
W0716,student_14_5,ERC,isolated_pin_label,Label connected to only one pin :: Global Label 'SPI_CS',BLOCKED_NDA_INFORMATION,Global label is attached to a single stub pin. The missing far end is pin-accurate module/controller fanout: EXT-COM-HPC-400PIN (PICMG/ADLINK NARROW_NDA COM-HPC Mini 400-pin map). Public in-tree files do not contain that map.,RETAIN warning. Do not invent NDA nets. Owner intakes NDA CSV/PDF then fans out.,/,artifacts/supervisor_ready_eda/kicad/student_14_5/erc.json,warning
W0717,student_14_5,ERC,lib_symbol_issues,The current configuration does not include the symbol library '' :: Symbol UPD1 [PD_CTRL],ACCEPTED_BY_DESIGN,KiCad parses embedded lib_id 'USB_C' as library ''. Prefixing to gunnchos: plus an extracted .kicad_sym made kicad-cli 10.0.5 fail schematic load. Embedded lib_symbols remain the in-tree source. Warning retained rather than breaking ERC.,RETAIN. Do not invent a pin-accurate symbol library. Do not add ERC ignore keys.,/,artifacts/supervisor_ready_eda/kicad/student_14_5/erc.json,warning
W0718,student_14_5,ERC,lib_symbol_issues,The current configuration does not include the symbol library '' :: Symbol R1 [R],ACCEPTED_BY_DESIGN,KiCad parses embedded lib_id 'USB_C' as library ''. Prefixing to gunnchos: plus an extracted .kicad_sym made kicad-cli 10.0.5 fail schematic load. Embedded lib_symbols remain the in-tree source. Warning retained rather than breaking ERC.,RETAIN. Do not invent a pin-accurate symbol library. Do not add ERC ignore keys.,/,artifacts/supervisor_ready_eda/kicad/student_14_5/erc.json,warning
W0719,student_14_5,ERC,lib_symbol_issues,The current configuration does not include the symbol library '' :: Symbol UTPM1 [TPM],ACCEPTED_BY_DESIGN,KiCad parses embedded lib_id 'USB_C' as library ''. Prefixing to gunnchos: plus an extracted .kicad_sym made kicad-cli 10.0.5 fail schematic load. Embedded lib_symbols remain the in-tree source. Warning retained rather than breaking ERC.,RETAIN. Do not invent a pin-accurate symbol library. Do not add ERC ignore keys.,/,artifacts/supervisor_ready_eda/kicad/student_14_5/erc.json,warning
W0720,student_14_5,ERC,lib_symbol_issues,The current configuration does not include the symbol library '' :: Symbol JWIFI1 [PERIPH],ACCEPTED_BY_DESIGN,KiCad parses embedded lib_id 'USB_C' as library ''. Prefixing to gunnchos: plus an extracted .kicad_sym made kicad-cli 10.0.5 fail schematic load. Embedded lib_symbols remain the in-tree source. Warning retained rather than breaking ERC.,RETAIN. Do not invent a pin-accurate symbol library. Do not add ERC ignore keys.,/,artifacts/supervisor_ready_eda/kicad/student_14_5/erc.json,warning
W0721,student_14_5,ERC,lib_symbol_issues,The current configuration does not include the symbol library '' :: Symbol JTRK1 [PERIPH],ACCEPTED_BY_DESIGN,KiCad parses embedded lib_id 'USB_C' as library ''. Prefixing to gunnchos: plus an extracted .kicad_sym made kicad-cli 10.0.5 fail schematic load. Embedded lib_symbols remain the in-tree source. Warning retained rather than breaking ERC.,RETAIN. Do not invent a pin-accurate symbol library. Do not add ERC ignore keys.,/,artifacts/supervisor_ready_eda/kicad/student_14_5/erc.json,warning
W0722,student_14_5,ERC,isolated_pin_label,Label connected to only one pin :: Global Label 'SPI_MISO',BLOCKED_NDA_INFORMATION,Global label is attached to a single stub pin. The missing far end is pin-accurate module/controller fanout: EXT-COM-HPC-400PIN (PICMG/ADLINK NARROW_NDA COM-HPC Mini 400-pin map). Public in-tree files do not contain that map.,RETAIN warning. Do not invent NDA nets. Owner intakes NDA CSV/PDF then fans out.,/,artifacts/supervisor_ready_eda/kicad/student_14_5/erc.json,warning
W0723,student_14_5,ERC,isolated_pin_label,Label connected to only one pin :: Global Label 'SPI_CLK',BLOCKED_NDA_INFORMATION,Global label is attached to a single stub pin. The missing far end is pin-accurate module/controller fanout: EXT-COM-HPC-400PIN (PICMG/ADLINK NARROW_NDA COM-HPC Mini 400-pin map). Public in-tree files do not contain that map.,RETAIN warning. Do not invent NDA nets. Owner intakes NDA CSV/PDF then fans out.,/,artifacts/supervisor_ready_eda/kicad/student_14_5/erc.json,warning
W0724,student_14_5,ERC,isolated_pin_label,Label connected to only one pin :: Global Label 'VBAT',BLOCKED_NDA_INFORMATION,Global label is attached to a single stub pin. The missing far end is pin-accurate module/controller fanout: EXT-COM-HPC-400PIN (PICMG/ADLINK NARROW_NDA COM-HPC Mini 400-pin map). Public in-tree files do not contain that map.,RETAIN warning. Do not invent NDA nets. Owner intakes NDA CSV/PDF then fans out.,/,artifacts/supervisor_ready_eda/kicad/student_14_5/erc.json,warning
W0725,student_14_5,ERC,isolated_pin_label,Label connected to only one pin :: Global Label 'BL_EN',BLOCKED_NDA_INFORMATION,Global label is attached to a single stub pin. The missing far end is pin-accurate module/controller fanout: EXT-COM-HPC-400PIN (PICMG/ADLINK NARROW_NDA COM-HPC Mini 400-pin map). Public in-tree files do not contain that map.,RETAIN warning. Do not invent NDA nets. Owner intakes NDA CSV/PDF then fans out.,/,artifacts/supervisor_ready_eda/kicad/student_14_5/erc.json,warning
W0726,student_14_5,ERC,isolated_pin_label,Label connected to only one pin :: Global Label 'EDP0_N',BLOCKED_NDA_INFORMATION,Global label is attached to a single stub pin. The missing far end is pin-accurate module/controller fanout: EXT-COM-HPC-400PIN (PICMG/ADLINK NARROW_NDA COM-HPC Mini 400-pin map). Public in-tree files do not contain that map.,RETAIN warning. Do not invent NDA nets. Owner intakes NDA CSV/PDF then fans out.,/,artifacts/supervisor_ready_eda/kicad/student_14_5/erc.json,warning
W0727,student_14_5,ERC,lib_symbol_issues,The current configuration does not include the symbol library '' :: Symbol UCHG1 [CHARGER],ACCEPTED_BY_DESIGN,KiCad parses embedded lib_id 'USB_C' as library ''. Prefixing to gunnchos: plus an extracted .kicad_sym made kicad-cli 10.0.5 fail schematic load. Embedded lib_symbols remain the in-tree source. Warning retained rather than breaking ERC.,RETAIN. Do not invent a pin-accurate symbol library. Do not add ERC ignore keys.,/,artifacts/supervisor_ready_eda/kicad/student_14_5/erc.json,warning
W0728,student_14_5,ERC,lib_symbol_issues,The current configuration does not include the symbol library '' :: Symbol R2 [R],ACCEPTED_BY_DESIGN,KiCad parses embedded lib_id 'USB_C' as library ''. Prefixing to gunnchos: plus an extracted .kicad_sym made kicad-cli 10.0.5 fail schematic load. Embedded lib_symbols remain the in-tree source. Warning retained rather than breaking ERC.,RETAIN. Do not invent a pin-accurate symbol library. Do not add ERC ignore keys.,/,artifacts/supervisor_ready_eda/kicad/student_14_5/erc.json,warning
W0729,student_14_5,ERC,lib_symbol_issues,The current configuration does not include the symbol library '' :: Symbol JDISP1 [PANEL_EDP],ACCEPTED_BY_DESIGN,KiCad parses embedded lib_id 'USB_C' as library ''. Prefixing to gunnchos: plus an extracted .kicad_sym made kicad-cli 10.0.5 fail schematic load. Embedded lib_symbols remain the in-tree source. Warning retained rather than breaking ERC.,RETAIN. Do not invent a pin-accurate symbol library. Do not add ERC ignore keys.,/,artifacts/supervisor_ready_eda/kicad/student_14_5/erc.json,warning
W0730,student_14_5,ERC,lib_symbol_issues,The current configuration does not include the symbol library '' :: Symbol JETH1 [PERIPH],ACCEPTED_BY_DESIGN,KiCad parses embedded lib_id 'USB_C' as library ''. Prefixing to gunnchos: plus an extracted .kicad_sym made kicad-cli 10.0.5 fail schematic load. Embedded lib_symbols remain the in-tree source. Warning retained rather than breaking ERC.,RETAIN. Do not invent a pin-accurate symbol library. Do not add ERC ignore keys.,/,artifacts/supervisor_ready_eda/kicad/student_14_5/erc.json,warning
W0731,student_14_5,ERC,lib_symbol_issues,The current configuration does not include the symbol library '' :: Symbol JEC1 [PERIPH],ACCEPTED_BY_DESIGN,KiCad parses embedded lib_id 'USB_C' as library ''. Prefixing to gunnchos: plus an extracted .kicad_sym made kicad-cli 10.0.5 fail schematic load. Embedded lib_symbols remain the in-tree source. Warning retained rather than breaking ERC.,RETAIN. Do not invent a pin-accurate symbol library. Do not add ERC ignore keys.,/,artifacts/supervisor_ready_eda/kicad/student_14_5/erc.json,warning
W0732,student_14_5,ERC,isolated_pin_label,Label connected to only one pin :: Global Label 'BL_PWM',BLOCKED_NDA_INFORMATION,Global label is attached to a single stub pin. The missing far end is pin-accurate module/controller fanout: EXT-COM-HPC-400PIN (PICMG/ADLINK NARROW_NDA COM-HPC Mini 400-pin map). Public in-tree files do not contain that map.,RETAIN warning. Do not invent NDA nets. Owner intakes NDA CSV/PDF then fans out.,/,artifacts/supervisor_ready_eda/kicad/student_14_5/erc.json,warning
W0733,student_14_5,ERC,isolated_pin_label,Label connected to only one pin :: Global Label 'EDP0_P',BLOCKED_NDA_INFORMATION,Global label is attached to a single stub pin. The missing far end is pin-accurate module/controller fanout: EXT-COM-HPC-400PIN (PICMG/ADLINK NARROW_NDA COM-HPC Mini 400-pin map). Public in-tree files do not contain that map.,RETAIN warning. Do not invent NDA nets. Owner intakes NDA CSV/PDF then fans out.,/,artifacts/supervisor_ready_eda/kicad/student_14_5/erc.json,warning
W0734,student_14_5,ERC,lib_symbol_issues,The current configuration does not include the symbol library '' :: Symbol U3V3 [BUCK],ACCEPTED_BY_DESIGN,KiCad parses embedded lib_id 'USB_C' as library ''. Prefixing to gunnchos: plus an extracted .kicad_sym made kicad-cli 10.0.5 fail schematic load. Embedded lib_symbols remain the in-tree source. Warning retained rather than breaking ERC.,RETAIN. Do not invent a pin-accurate symbol library. Do not add ERC ignore keys.,/,artifacts/supervisor_ready_eda/kicad/student_14_5/erc.json,warning
W0735,student_14_5,ERC,lib_symbol_issues,The current configuration does not include the symbol library '' :: Symbol D1 [LED],ACCEPTED_BY_DESIGN,KiCad parses embedded lib_id 'USB_C' as library ''. Prefixing to gunnchos: plus an extracted .kicad_sym made kicad-cli 10.0.5 fail schematic load. Embedded lib_symbols remain the in-tree source. Warning retained rather than breaking ERC.,RETAIN. Do not invent a pin-accurate symbol library. Do not add ERC ignore keys.,/,artifacts/supervisor_ready_eda/kicad/student_14_5/erc.json,warning
W0736,student_14_5,ERC,lib_symbol_issues,The current configuration does not include the symbol library '' :: Symbol JNVME1 [PERIPH],ACCEPTED_BY_DESIGN,KiCad parses embedded lib_id 'USB_C' as library ''. Prefixing to gunnchos: plus an extracted .kicad_sym made kicad-cli 10.0.5 fail schematic load. Embedded lib_symbols remain the in-tree source. Warning retained rather than breaking ERC.,RETAIN. Do not invent a pin-accurate symbol library. Do not add ERC ignore keys.,/,artifacts/supervisor_ready_eda/kicad/student_14_5/erc.json,warning
W0737,student_14_5,ERC,lib_symbol_issues,The current configuration does not include the symbol library '' :: Symbol JAUD1 [PERIPH],ACCEPTED_BY_DESIGN,KiCad parses embedded lib_id 'USB_C' as library ''. Prefixing to gunnchos: plus an extracted .kicad_sym made kicad-cli 10.0.5 fail schematic load. Embedded lib_symbols remain the in-tree source. Warning retained rather than breaking ERC.,RETAIN. Do not invent a pin-accurate symbol library. Do not add ERC ignore keys.,/,artifacts/supervisor_ready_eda/kicad/student_14_5/erc.json,warning
W0738,student_14_5,ERC,lib_symbol_issues,The current configuration does not include the symbol library '' :: Symbol JBAT1 [PERIPH],ACCEPTED_BY_DESIGN,KiCad parses embedded lib_id 'USB_C' as library ''. Prefixing to gunnchos: plus an extracted .kicad_sym made kicad-cli 10.0.5 fail schematic load. Embedded lib_symbols remain the in-tree source. Warning retained rather than breaking ERC.,RETAIN. Do not invent a pin-accurate symbol library. Do not add ERC ignore keys.,/,artifacts/supervisor_ready_eda/kicad/student_14_5/erc.json,warning
W0739,student_14_5,ERC,lib_symbol_issues,The current configuration does not include the symbol library '' :: Symbol C1 [C],ACCEPTED_BY_DESIGN,KiCad parses embedded lib_id 'USB_C' as library ''. Prefixing to gunnchos: plus an extracted .kicad_sym made kicad-cli 10.0.5 fail schematic load. Embedded lib_symbols remain the in-tree source. Warning retained rather than breaking ERC.,RETAIN. Do not invent a pin-accurate symbol library. Do not add ERC ignore keys.,/,artifacts/supervisor_ready_eda/kicad/student_14_5/erc.json,warning
W0740,student_14_5,ERC,lib_symbol_issues,The current configuration does not include the symbol library '' :: Symbol DESD1 [ESD],ACCEPTED_BY_DESIGN,KiCad parses embedded lib_id 'USB_C' as library ''. Prefixing to gunnchos: plus an extracted .kicad_sym made kicad-cli 10.0.5 fail schematic load. Embedded lib_symbols remain the in-tree source. Warning retained rather than breaking ERC.,RETAIN. Do not invent a pin-accurate symbol library. Do not add ERC ignore keys.,/,artifacts/supervisor_ready_eda/kicad/student_14_5/erc.json,warning
W0741,student_14_5,ERC,lib_symbol_issues,The current configuration does not include the symbol library '' :: Symbol JWWAN1 [PERIPH],ACCEPTED_BY_DESIGN,KiCad parses embedded lib_id 'USB_C' as library ''. Prefixing to gunnchos: plus an extracted .kicad_sym made kicad-cli 10.0.5 fail schematic load. Embedded lib_symbols remain the in-tree source. Warning retained rather than breaking ERC.,RETAIN. Do not invent a pin-accurate symbol library. Do not add ERC ignore keys.,/,artifacts/supervisor_ready_eda/kicad/student_14_5/erc.json,warning
W0742,student_14_5,ERC,lib_symbol_issues,The current configuration does not include the symbol library '' :: Symbol JCAM1 [PERIPH],ACCEPTED_BY_DESIGN,KiCad parses embedded lib_id 'USB_C' as library ''. Prefixing to gunnchos: plus an extracted .kicad_sym made kicad-cli 10.0.5 fail schematic load. Embedded lib_symbols remain the in-tree source. Warning retained rather than breaking ERC.,RETAIN. Do not invent a pin-accurate symbol library. Do not add ERC ignore keys.,/,artifacts/supervisor_ready_eda/kicad/student_14_5/erc.json,warning
W0743,student_14_5,ERC,lib_symbol_issues,The current configuration does not include the symbol library '' :: Symbol JSEC1 [PERIPH],ACCEPTED_BY_DESIGN,KiCad parses embedded lib_id 'USB_C' as library ''. Prefixing to gunnchos: plus an extracted .kicad_sym made kicad-cli 10.0.5 fail schematic load. Embedded lib_symbols remain the in-tree source. Warning retained rather than breaking ERC.,RETAIN. Do not invent a pin-accurate symbol library. Do not add ERC ignore keys.,/,artifacts/supervisor_ready_eda/kicad/student_14_5/erc.json,warning
W0744,student_14_5,DRC,track_dangling,"Track has unconnected end :: Track [<no net>] on F.Cu, length 62.0000 mm",FIXABLE_DIGITALLY,No-net copper segment (net 0) leftover from envelope sketches. Handheld already closed this class; other SKUs still have it. Not an NDA net.,Delete (segment ...) with (net 0) from the PCB.,,artifacts/supervisor_ready_eda/kicad/student_14_5/drc.json,warning
W0745,student_14_5,DRC,track_dangling,"Track has unconnected end :: Track [<no net>] on F.Cu, length 65.0000 mm",FIXABLE_DIGITALLY,No-net copper segment (net 0) leftover from envelope sketches. Handheld already closed this class; other SKUs still have it. Not an NDA net.,Delete (segment ...) with (net 0) from the PCB.,,artifacts/supervisor_ready_eda/kicad/student_14_5/drc.json,warning
W0746,student_14_5,DRC,track_dangling,"Track has unconnected end :: Track [<no net>] on B.Cu, length 62.0000 mm",FIXABLE_DIGITALLY,No-net copper segment (net 0) leftover from envelope sketches. Handheld already closed this class; other SKUs still have it. Not an NDA net.,Delete (segment ...) with (net 0) from the PCB.,,artifacts/supervisor_ready_eda/kicad/student_14_5/drc.json,warning
W0747,student_14_5,DRC,track_dangling,"Track has unconnected end :: Track [<no net>] on B.Cu, length 65.0000 mm",FIXABLE_DIGITALLY,No-net copper segment (net 0) leftover from envelope sketches. Handheld already closed this class; other SKUs still have it. Not an NDA net.,Delete (segment ...) with (net 0) from the PCB.,,artifacts/supervisor_ready_eda/kicad/student_14_5/drc.json,warning
W0748,student_14_5,DRC,track_dangling,"Track has unconnected end :: Track [<no net>] on F.Cu, length 62.0000 mm",FIXABLE_DIGITALLY,No-net copper segment (net 0) leftover from envelope sketches. Handheld already closed this class; other SKUs still have it. Not an NDA net.,Delete (segment ...) with (net 0) from the PCB.,,artifacts/supervisor_ready_eda/kicad/student_14_5/drc.json,warning
W0749,student_14_5,DRC,track_dangling,"Track has unconnected end :: Track [<no net>] on F.Cu, length 65.0000 mm",FIXABLE_DIGITALLY,No-net copper segment (net 0) leftover from envelope sketches. Handheld already closed this class; other SKUs still have it. Not an NDA net.,Delete (segment ...) with (net 0) from the PCB.,,artifacts/supervisor_ready_eda/kicad/student_14_5/drc.json,warning
W0750,student_14_5,DRC,track_dangling,"Track has unconnected end :: Track [<no net>] on F.Cu, length 62.0000 mm",FIXABLE_DIGITALLY,No-net copper segment (net 0) leftover from envelope sketches. Handheld already closed this class; other SKUs still have it. Not an NDA net.,Delete (segment ...) with (net 0) from the PCB.,,artifacts/supervisor_ready_eda/kicad/student_14_5/drc.json,warning
W0751,student_14_5,DRC,track_dangling,"Track has unconnected end :: Track [<no net>] on F.Cu, length 65.0000 mm",FIXABLE_DIGITALLY,No-net copper segment (net 0) leftover from envelope sketches. Handheld already closed this class; other SKUs still have it. Not an NDA net.,Delete (segment ...) with (net 0) from the PCB.,,artifacts/supervisor_ready_eda/kicad/student_14_5/drc.json,warning
W0752,student_14_5,DRC,track_dangling,"Track has unconnected end :: Track [<no net>] on F.Cu, length 62.0000 mm",FIXABLE_DIGITALLY,No-net copper segment (net 0) leftover from envelope sketches. Handheld already closed this class; other SKUs still have it. Not an NDA net.,Delete (segment ...) with (net 0) from the PCB.,,artifacts/supervisor_ready_eda/kicad/student_14_5/drc.json,warning
W0753,student_14_5,DRC,track_dangling,"Track has unconnected end :: Track [<no net>] on F.Cu, length 65.0000 mm",FIXABLE_DIGITALLY,No-net copper segment (net 0) leftover from envelope sketches. Handheld already closed this class; other SKUs still have it. Not an NDA net.,Delete (segment ...) with (net 0) from the PCB.,,artifacts/supervisor_ready_eda/kicad/student_14_5/drc.json,warning
W0754,student_14_5,DRC,lib_footprint_mismatch,Footprint 'MountingHole_3.2mm' does not match copy in library 'gunnchos_production' :: Footprint H1,ACCEPTED_BY_DESIGN,"Cont IX PCB instances are envelope stubs on a digital-package placement grid. gunnchos_production.pretty already holds in-tree JEDEC/vendor geometry. Dropping those full footprints onto the current 24 mm envelope grid produces DRC errors (courtyard overlap, drill_out_of_range, solder_mask_bridge) — verified with kicad-cli 10.0.5. Retaining the mismatch keeps 0-error DRC; library remains the authority for later pin-accurate layout. Not an NDA pin map.",RETAIN instance/library mismatch. Do not ignore DRC. Do not expand ignored_checks. Pin-accurate placement is a later layout pass.,,artifacts/supervisor_ready_eda/kicad/student_14_5/drc.json,warning
W0755,student_14_5,DRC,lib_footprint_mismatch,Footprint 'MountingHole_3.2mm' does not match copy in library 'gunnchos_production' :: Footprint H2,ACCEPTED_BY_DESIGN,"Cont IX PCB instances are envelope stubs on a digital-package placement grid. gunnchos_production.pretty already holds in-tree JEDEC/vendor geometry. Dropping those full footprints onto the current 24 mm envelope grid produces DRC errors (courtyard overlap, drill_out_of_range, solder_mask_bridge) — verified with kicad-cli 10.0.5. Retaining the mismatch keeps 0-error DRC; library remains the authority for later pin-accurate layout. Not an NDA pin map.",RETAIN instance/library mismatch. Do not ignore DRC. Do not expand ignored_checks. Pin-accurate placement is a later layout pass.,,artifacts/supervisor_ready_eda/kicad/student_14_5/drc.json,warning
W0756,student_14_5,DRC,lib_footprint_mismatch,Footprint 'MountingHole_3.2mm' does not match copy in library 'gunnchos_production' :: Footprint H3,ACCEPTED_BY_DESIGN,"Cont IX PCB instances are envelope stubs on a digital-package placement grid. gunnchos_production.pretty already holds in-tree JEDEC/vendor geometry. Dropping those full footprints onto the current 24 mm envelope grid produces DRC errors (courtyard overlap, drill_out_of_range, solder_mask_bridge) — verified with kicad-cli 10.0.5. Retaining the mismatch keeps 0-error DRC; library remains the authority for later pin-accurate layout. Not an NDA pin map.",RETAIN instance/library mismatch. Do not ignore DRC. Do not expand ignored_checks. Pin-accurate placement is a later layout pass.,,artifacts/supervisor_ready_eda/kicad/student_14_5/drc.json,warning
W0757,student_14_5,DRC,lib_footprint_mismatch,Footprint 'MountingHole_3.2mm' does not match copy in library 'gunnchos_production' :: Footprint H4,ACCEPTED_BY_DESIGN,"Cont IX PCB instances are envelope stubs on a digital-package placement grid. gunnchos_production.pretty already holds in-tree JEDEC/vendor geometry. Dropping those full footprints onto the current 24 mm envelope grid produces DRC errors (courtyard overlap, drill_out_of_range, solder_mask_bridge) — verified with kicad-cli 10.0.5. Retaining the mismatch keeps 0-error DRC; library remains the authority for later pin-accurate layout. Not an NDA pin map.",RETAIN instance/library mismatch. Do not ignore DRC. Do not expand ignored_checks. Pin-accurate placement is a later layout pass.,,artifacts/supervisor_ready_eda/kicad/student_14_5/drc.json,warning
W0758,student_14_5,DRC,lib_footprint_mismatch,Footprint 'Fiducial_1mm' does not match copy in library 'gunnchos_production' :: Footprint FID1,ACCEPTED_BY_DESIGN,"Cont IX PCB instances are envelope stubs on a digital-package placement grid. gunnchos_production.pretty already holds in-tree JEDEC/vendor geometry. Dropping those full footprints onto the current 24 mm envelope grid produces DRC errors (courtyard overlap, drill_out_of_range, solder_mask_bridge) — verified with kicad-cli 10.0.5. Retaining the mismatch keeps 0-error DRC; library remains the authority for later pin-accurate layout. Not an NDA pin map.",RETAIN instance/library mismatch. Do not ignore DRC. Do not expand ignored_checks. Pin-accurate placement is a later layout pass.,,artifacts/supervisor_ready_eda/kicad/student_14_5/drc.json,warning
W0759,student_14_5,DRC,lib_footprint_mismatch,Footprint 'Fiducial_1mm' does not match copy in library 'gunnchos_production' :: Footprint FID2,ACCEPTED_BY_DESIGN,"Cont IX PCB instances are envelope stubs on a digital-package placement grid. gunnchos_production.pretty already holds in-tree JEDEC/vendor geometry. Dropping those full footprints onto the current 24 mm envelope grid produces DRC errors (courtyard overlap, drill_out_of_range, solder_mask_bridge) — verified with kicad-cli 10.0.5. Retaining the mismatch keeps 0-error DRC; library remains the authority for later pin-accurate layout. Not an NDA pin map.",RETAIN instance/library mismatch. Do not ignore DRC. Do not expand ignored_checks. Pin-accurate placement is a later layout pass.,,artifacts/supervisor_ready_eda/kicad/student_14_5/drc.json,warning
W0760,student_14_5,DRC,lib_footprint_mismatch,Footprint 'Fiducial_1mm' does not match copy in library 'gunnchos_production' :: Footprint FID3,ACCEPTED_BY_DESIGN,"Cont IX PCB instances are envelope stubs on a digital-package placement grid. gunnchos_production.pretty already holds in-tree JEDEC/vendor geometry. Dropping those full footprints onto the current 24 mm envelope grid produces DRC errors (courtyard overlap, drill_out_of_range, solder_mask_bridge) — verified with kicad-cli 10.0.5. Retaining the mismatch keeps 0-error DRC; library remains the authority for later pin-accurate layout. Not an NDA pin map.",RETAIN instance/library mismatch. Do not ignore DRC. Do not expand ignored_checks. Pin-accurate placement is a later layout pass.,,artifacts/supervisor_ready_eda/kicad/student_14_5/drc.json,warning
W0761,student_14_5,DRC,lib_footprint_mismatch,Footprint 'USB_C_Receptacle_Production' does not match copy in library 'gunnchos_production' :: Footprint JUSB1,ACCEPTED_BY_DESIGN,"Cont IX PCB instances are envelope stubs on a digital-package placement grid. gunnchos_production.pretty already holds in-tree JEDEC/vendor geometry. Dropping those full footprints onto the current 24 mm envelope grid produces DRC errors (courtyard overlap, drill_out_of_range, solder_mask_bridge) — verified with kicad-cli 10.0.5. Retaining the mismatch keeps 0-error DRC; library remains the authority for later pin-accurate layout. Not an NDA pin map.",RETAIN instance/library mismatch. Do not ignore DRC. Do not expand ignored_checks. Pin-accurate placement is a later layout pass.,,artifacts/supervisor_ready_eda/kicad/student_14_5/drc.json,warning
W0762,student_14_5,DRC,lib_footprint_mismatch,Footprint 'VQFN-48-1EP_7x7mm_P0.5mm' does not match copy in library 'gunnchos_production' :: Footprint UPD1,ACCEPTED_BY_DESIGN,"Cont IX PCB instances are envelope stubs on a digital-package placement grid. gunnchos_production.pretty already holds in-tree JEDEC/vendor geometry. Dropping those full footprints onto the current 24 mm envelope grid produces DRC errors (courtyard overlap, drill_out_of_range, solder_mask_bridge) — verified with kicad-cli 10.0.5. Retaining the mismatch keeps 0-error DRC; library remains the authority for later pin-accurate layout. Not an NDA pin map.",RETAIN instance/library mismatch. Do not ignore DRC. Do not expand ignored_checks. Pin-accurate placement is a later layout pass.,,artifacts/supervisor_ready_eda/kicad/student_14_5/drc.json,warning
W0763,student_14_5,DRC,lib_footprint_mismatch,Footprint 'WQFN-29-1EP_4x4mm_P0.4mm' does not match copy in library 'gunnchos_production' :: Footprint UCHG1,ACCEPTED_BY_DESIGN,"Cont IX PCB instances are envelope stubs on a digital-package placement grid. gunnchos_production.pretty already holds in-tree JEDEC/vendor geometry. Dropping those full footprints onto the current 24 mm envelope grid produces DRC errors (courtyard overlap, drill_out_of_range, solder_mask_bridge) — verified with kicad-cli 10.0.5. Retaining the mismatch keeps 0-error DRC; library remains the authority for later pin-accurate layout. Not an NDA pin map.",RETAIN instance/library mismatch. Do not ignore DRC. Do not expand ignored_checks. Pin-accurate placement is a later layout pass.,,artifacts/supervisor_ready_eda/kicad/student_14_5/drc.json,warning
W0764,student_14_5,DRC,lib_footprint_mismatch,Footprint 'QFN-16-1EP_3x3mm_P0.5mm' does not match copy in library 'gunnchos_production' :: Footprint U3V3,ACCEPTED_BY_DESIGN,"Cont IX PCB instances are envelope stubs on a digital-package placement grid. gunnchos_production.pretty already holds in-tree JEDEC/vendor geometry. Dropping those full footprints onto the current 24 mm envelope grid produces DRC errors (courtyard overlap, drill_out_of_range, solder_mask_bridge) — verified with kicad-cli 10.0.5. Retaining the mismatch keeps 0-error DRC; library remains the authority for later pin-accurate layout. Not an NDA pin map.",RETAIN instance/library mismatch. Do not ignore DRC. Do not expand ignored_checks. Pin-accurate placement is a later layout pass.,,artifacts/supervisor_ready_eda/kicad/student_14_5/drc.json,warning
W0765,student_14_5,DRC,lib_footprint_mismatch,Footprint 'C_0402' does not match copy in library 'gunnchos_production' :: Footprint C1,ACCEPTED_BY_DESIGN,"Cont IX PCB instances are envelope stubs on a digital-package placement grid. gunnchos_production.pretty already holds in-tree JEDEC/vendor geometry. Dropping those full footprints onto the current 24 mm envelope grid produces DRC errors (courtyard overlap, drill_out_of_range, solder_mask_bridge) — verified with kicad-cli 10.0.5. Retaining the mismatch keeps 0-error DRC; library remains the authority for later pin-accurate layout. Not an NDA pin map.",RETAIN instance/library mismatch. Do not ignore DRC. Do not expand ignored_checks. Pin-accurate placement is a later layout pass.,,artifacts/supervisor_ready_eda/kicad/student_14_5/drc.json,warning
W0766,student_14_5,DRC,lib_footprint_mismatch,Footprint 'C_0402' does not match copy in library 'gunnchos_production' :: Footprint C2,ACCEPTED_BY_DESIGN,"Cont IX PCB instances are envelope stubs on a digital-package placement grid. gunnchos_production.pretty already holds in-tree JEDEC/vendor geometry. Dropping those full footprints onto the current 24 mm envelope grid produces DRC errors (courtyard overlap, drill_out_of_range, solder_mask_bridge) — verified with kicad-cli 10.0.5. Retaining the mismatch keeps 0-error DRC; library remains the authority for later pin-accurate layout. Not an NDA pin map.",RETAIN instance/library mismatch. Do not ignore DRC. Do not expand ignored_checks. Pin-accurate placement is a later layout pass.,,artifacts/supervisor_ready_eda/kicad/student_14_5/drc.json,warning
W0767,student_14_5,DRC,lib_footprint_mismatch,Footprint 'R_0402' does not match copy in library 'gunnchos_production' :: Footprint R1,ACCEPTED_BY_DESIGN,"Cont IX PCB instances are envelope stubs on a digital-package placement grid. gunnchos_production.pretty already holds in-tree JEDEC/vendor geometry. Dropping those full footprints onto the current 24 mm envelope grid produces DRC errors (courtyard overlap, drill_out_of_range, solder_mask_bridge) — verified with kicad-cli 10.0.5. Retaining the mismatch keeps 0-error DRC; library remains the authority for later pin-accurate layout. Not an NDA pin map.",RETAIN instance/library mismatch. Do not ignore DRC. Do not expand ignored_checks. Pin-accurate placement is a later layout pass.,,artifacts/supervisor_ready_eda/kicad/student_14_5/drc.json,warning
W0768,student_14_5,DRC,lib_footprint_mismatch,Footprint 'R_0402' does not match copy in library 'gunnchos_production' :: Footprint R2,ACCEPTED_BY_DESIGN,"Cont IX PCB instances are envelope stubs on a digital-package placement grid. gunnchos_production.pretty already holds in-tree JEDEC/vendor geometry. Dropping those full footprints onto the current 24 mm envelope grid produces DRC errors (courtyard overlap, drill_out_of_range, solder_mask_bridge) — verified with kicad-cli 10.0.5. Retaining the mismatch keeps 0-error DRC; library remains the authority for later pin-accurate layout. Not an NDA pin map.",RETAIN instance/library mismatch. Do not ignore DRC. Do not expand ignored_checks. Pin-accurate placement is a later layout pass.,,artifacts/supervisor_ready_eda/kicad/student_14_5/drc.json,warning
W0769,student_14_5,DRC,lib_footprint_mismatch,Footprint 'LED_0603' does not match copy in library 'gunnchos_production' :: Footprint D1,ACCEPTED_BY_DESIGN,"Cont IX PCB instances are envelope stubs on a digital-package placement grid. gunnchos_production.pretty already holds in-tree JEDEC/vendor geometry. Dropping those full footprints onto the current 24 mm envelope grid produces DRC errors (courtyard overlap, drill_out_of_range, solder_mask_bridge) — verified with kicad-cli 10.0.5. Retaining the mismatch keeps 0-error DRC; library remains the authority for later pin-accurate layout. Not an NDA pin map.",RETAIN instance/library mismatch. Do not ignore DRC. Do not expand ignored_checks. Pin-accurate placement is a later layout pass.,,artifacts/supervisor_ready_eda/kicad/student_14_5/drc.json,warning
W0770,student_14_5,DRC,lib_footprint_mismatch,Footprint 'DFN1006-2' does not match copy in library 'gunnchos_production' :: Footprint DESD1,ACCEPTED_BY_DESIGN,"Cont IX PCB instances are envelope stubs on a digital-package placement grid. gunnchos_production.pretty already holds in-tree JEDEC/vendor geometry. Dropping those full footprints onto the current 24 mm envelope grid produces DRC errors (courtyard overlap, drill_out_of_range, solder_mask_bridge) — verified with kicad-cli 10.0.5. Retaining the mismatch keeps 0-error DRC; library remains the authority for later pin-accurate layout. Not an NDA pin map.",RETAIN instance/library mismatch. Do not ignore DRC. Do not expand ignored_checks. Pin-accurate placement is a later layout pass.,,artifacts/supervisor_ready_eda/kicad/student_14_5/drc.json,warning
W0771,student_14_5,DRC,lib_footprint_mismatch,Footprint 'COMHPC_Mini_envelope' does not match copy in library 'gunnchos_production' :: Footprint UCOM1,ACCEPTED_BY_DESIGN,"Cont IX PCB instances are envelope stubs on a digital-package placement grid. gunnchos_production.pretty already holds in-tree JEDEC/vendor geometry. Dropping those full footprints onto the current 24 mm envelope grid produces DRC errors (courtyard overlap, drill_out_of_range, solder_mask_bridge) — verified with kicad-cli 10.0.5. Retaining the mismatch keeps 0-error DRC; library remains the authority for later pin-accurate layout. Not an NDA pin map.",RETAIN instance/library mismatch. Do not ignore DRC. Do not expand ignored_checks. Pin-accurate placement is a later layout pass.,,artifacts/supervisor_ready_eda/kicad/student_14_5/drc.json,warning
W0772,student_14_5,DRC,lib_footprint_mismatch,Footprint 'VQFN-32-1EP_5x5mm_P0.5mm' does not match copy in library 'gunnchos_production' :: Footprint UTPM1,ACCEPTED_BY_DESIGN,"Cont IX PCB instances are envelope stubs on a digital-package placement grid. gunnchos_production.pretty already holds in-tree JEDEC/vendor geometry. Dropping those full footprints onto the current 24 mm envelope grid produces DRC errors (courtyard overlap, drill_out_of_range, solder_mask_bridge) — verified with kicad-cli 10.0.5. Retaining the mismatch keeps 0-error DRC; library remains the authority for later pin-accurate layout. Not an NDA pin map.",RETAIN instance/library mismatch. Do not ignore DRC. Do not expand ignored_checks. Pin-accurate placement is a later layout pass.,,artifacts/supervisor_ready_eda/kicad/student_14_5/drc.json,warning
W0773,student_14_5,DRC,lib_footprint_mismatch,Footprint 'FFC_40P_0.5mm' does not match copy in library 'gunnchos_production' :: Footprint JDISP1,ACCEPTED_BY_DESIGN,"Cont IX PCB instances are envelope stubs on a digital-package placement grid. gunnchos_production.pretty already holds in-tree JEDEC/vendor geometry. Dropping those full footprints onto the current 24 mm envelope grid produces DRC errors (courtyard overlap, drill_out_of_range, solder_mask_bridge) — verified with kicad-cli 10.0.5. Retaining the mismatch keeps 0-error DRC; library remains the authority for later pin-accurate layout. Not an NDA pin map.",RETAIN instance/library mismatch. Do not ignore DRC. Do not expand ignored_checks. Pin-accurate placement is a later layout pass.,,artifacts/supervisor_ready_eda/kicad/student_14_5/drc.json,warning
W0774,student_14_5,DRC,lib_footprint_mismatch,Footprint 'FFC_40P_0.5mm' does not match copy in library 'gunnchos_production' :: Footprint JNVME1,ACCEPTED_BY_DESIGN,"Cont IX PCB instances are envelope stubs on a digital-package placement grid. gunnchos_production.pretty already holds in-tree JEDEC/vendor geometry. Dropping those full footprints onto the current 24 mm envelope grid produces DRC errors (courtyard overlap, drill_out_of_range, solder_mask_bridge) — verified with kicad-cli 10.0.5. Retaining the mismatch keeps 0-error DRC; library remains the authority for later pin-accurate layout. Not an NDA pin map.",RETAIN instance/library mismatch. Do not ignore DRC. Do not expand ignored_checks. Pin-accurate placement is a later layout pass.,,artifacts/supervisor_ready_eda/kicad/student_14_5/drc.json,warning
W0775,student_14_5,DRC,lib_footprint_mismatch,Footprint 'FFC_40P_0.5mm' does not match copy in library 'gunnchos_production' :: Footprint JWWAN1,ACCEPTED_BY_DESIGN,"Cont IX PCB instances are envelope stubs on a digital-package placement grid. gunnchos_production.pretty already holds in-tree JEDEC/vendor geometry. Dropping those full footprints onto the current 24 mm envelope grid produces DRC errors (courtyard overlap, drill_out_of_range, solder_mask_bridge) — verified with kicad-cli 10.0.5. Retaining the mismatch keeps 0-error DRC; library remains the authority for later pin-accurate layout. Not an NDA pin map.",RETAIN instance/library mismatch. Do not ignore DRC. Do not expand ignored_checks. Pin-accurate placement is a later layout pass.,,artifacts/supervisor_ready_eda/kicad/student_14_5/drc.json,warning
W0776,student_14_5,DRC,lib_footprint_mismatch,Footprint 'DFN1006-2' does not match copy in library 'gunnchos_production' :: Footprint JSIM1,ACCEPTED_BY_DESIGN,"Cont IX PCB instances are envelope stubs on a digital-package placement grid. gunnchos_production.pretty already holds in-tree JEDEC/vendor geometry. Dropping those full footprints onto the current 24 mm envelope grid produces DRC errors (courtyard overlap, drill_out_of_range, solder_mask_bridge) — verified with kicad-cli 10.0.5. Retaining the mismatch keeps 0-error DRC; library remains the authority for later pin-accurate layout. Not an NDA pin map.",RETAIN instance/library mismatch. Do not ignore DRC. Do not expand ignored_checks. Pin-accurate placement is a later layout pass.,,artifacts/supervisor_ready_eda/kicad/student_14_5/drc.json,warning
W0777,student_14_5,DRC,lib_footprint_mismatch,Footprint 'DFN1006-2' does not match copy in library 'gunnchos_production' :: Footprint JWIFI1,ACCEPTED_BY_DESIGN,"Cont IX PCB instances are envelope stubs on a digital-package placement grid. gunnchos_production.pretty already holds in-tree JEDEC/vendor geometry. Dropping those full footprints onto the current 24 mm envelope grid produces DRC errors (courtyard overlap, drill_out_of_range, solder_mask_bridge) — verified with kicad-cli 10.0.5. Retaining the mismatch keeps 0-error DRC; library remains the authority for later pin-accurate layout. Not an NDA pin map.",RETAIN instance/library mismatch. Do not ignore DRC. Do not expand ignored_checks. Pin-accurate placement is a later layout pass.,,artifacts/supervisor_ready_eda/kicad/student_14_5/drc.json,warning
W0778,student_14_5,DRC,lib_footprint_mismatch,Footprint 'DFN1006-2' does not match copy in library 'gunnchos_production' :: Footprint JETH1,ACCEPTED_BY_DESIGN,"Cont IX PCB instances are envelope stubs on a digital-package placement grid. gunnchos_production.pretty already holds in-tree JEDEC/vendor geometry. Dropping those full footprints onto the current 24 mm envelope grid produces DRC errors (courtyard overlap, drill_out_of_range, solder_mask_bridge) — verified with kicad-cli 10.0.5. Retaining the mismatch keeps 0-error DRC; library remains the authority for later pin-accurate layout. Not an NDA pin map.",RETAIN instance/library mismatch. Do not ignore DRC. Do not expand ignored_checks. Pin-accurate placement is a later layout pass.,,artifacts/supervisor_ready_eda/kicad/student_14_5/drc.json,warning
W0779,student_14_5,DRC,lib_footprint_mismatch,Footprint 'DFN1006-2' does not match copy in library 'gunnchos_production' :: Footprint JAUD1,ACCEPTED_BY_DESIGN,"Cont IX PCB instances are envelope stubs on a digital-package placement grid. gunnchos_production.pretty already holds in-tree JEDEC/vendor geometry. Dropping those full footprints onto the current 24 mm envelope grid produces DRC errors (courtyard overlap, drill_out_of_range, solder_mask_bridge) — verified with kicad-cli 10.0.5. Retaining the mismatch keeps 0-error DRC; library remains the authority for later pin-accurate layout. Not an NDA pin map.",RETAIN instance/library mismatch. Do not ignore DRC. Do not expand ignored_checks. Pin-accurate placement is a later layout pass.,,artifacts/supervisor_ready_eda/kicad/student_14_5/drc.json,warning
W0780,student_14_5,DRC,lib_footprint_mismatch,Footprint 'FFC_40P_0.5mm' does not match copy in library 'gunnchos_production' :: Footprint JCAM1,ACCEPTED_BY_DESIGN,"Cont IX PCB instances are envelope stubs on a digital-package placement grid. gunnchos_production.pretty already holds in-tree JEDEC/vendor geometry. Dropping those full footprints onto the current 24 mm envelope grid produces DRC errors (courtyard overlap, drill_out_of_range, solder_mask_bridge) — verified with kicad-cli 10.0.5. Retaining the mismatch keeps 0-error DRC; library remains the authority for later pin-accurate layout. Not an NDA pin map.",RETAIN instance/library mismatch. Do not ignore DRC. Do not expand ignored_checks. Pin-accurate placement is a later layout pass.,,artifacts/supervisor_ready_eda/kicad/student_14_5/drc.json,warning
W0781,student_14_5,DRC,lib_footprint_mismatch,Footprint 'DFN1006-2' does not match copy in library 'gunnchos_production' :: Footprint JKEY1,ACCEPTED_BY_DESIGN,"Cont IX PCB instances are envelope stubs on a digital-package placement grid. gunnchos_production.pretty already holds in-tree JEDEC/vendor geometry. Dropping those full footprints onto the current 24 mm envelope grid produces DRC errors (courtyard overlap, drill_out_of_range, solder_mask_bridge) — verified with kicad-cli 10.0.5. Retaining the mismatch keeps 0-error DRC; library remains the authority for later pin-accurate layout. Not an NDA pin map.",RETAIN instance/library mismatch. Do not ignore DRC. Do not expand ignored_checks. Pin-accurate placement is a later layout pass.,,artifacts/supervisor_ready_eda/kicad/student_14_5/drc.json,warning
W0782,student_14_5,DRC,lib_footprint_mismatch,Footprint 'DFN1006-2' does not match copy in library 'gunnchos_production' :: Footprint JTRK1,ACCEPTED_BY_DESIGN,"Cont IX PCB instances are envelope stubs on a digital-package placement grid. gunnchos_production.pretty already holds in-tree JEDEC/vendor geometry. Dropping those full footprints onto the current 24 mm envelope grid produces DRC errors (courtyard overlap, drill_out_of_range, solder_mask_bridge) — verified with kicad-cli 10.0.5. Retaining the mismatch keeps 0-error DRC; library remains the authority for later pin-accurate layout. Not an NDA pin map.",RETAIN instance/library mismatch. Do not ignore DRC. Do not expand ignored_checks. Pin-accurate placement is a later layout pass.,,artifacts/supervisor_ready_eda/kicad/student_14_5/drc.json,warning
W0783,student_14_5,DRC,lib_footprint_mismatch,Footprint 'DFN1006-2' does not match copy in library 'gunnchos_production' :: Footprint JEC1,ACCEPTED_BY_DESIGN,"Cont IX PCB instances are envelope stubs on a digital-package placement grid. gunnchos_production.pretty already holds in-tree JEDEC/vendor geometry. Dropping those full footprints onto the current 24 mm envelope grid produces DRC errors (courtyard overlap, drill_out_of_range, solder_mask_bridge) — verified with kicad-cli 10.0.5. Retaining the mismatch keeps 0-error DRC; library remains the authority for later pin-accurate layout. Not an NDA pin map.",RETAIN instance/library mismatch. Do not ignore DRC. Do not expand ignored_checks. Pin-accurate placement is a later layout pass.,,artifacts/supervisor_ready_eda/kicad/student_14_5/drc.json,warning
W0784,student_14_5,DRC,lib_footprint_mismatch,Footprint 'DFN1006-2' does not match copy in library 'gunnchos_production' :: Footprint JBAT1,ACCEPTED_BY_DESIGN,"Cont IX PCB instances are envelope stubs on a digital-package placement grid. gunnchos_production.pretty already holds in-tree JEDEC/vendor geometry. Dropping those full footprints onto the current 24 mm envelope grid produces DRC errors (courtyard overlap, drill_out_of_range, solder_mask_bridge) — verified with kicad-cli 10.0.5. Retaining the mismatch keeps 0-error DRC; library remains the authority for later pin-accurate layout. Not an NDA pin map.",RETAIN instance/library mismatch. Do not ignore DRC. Do not expand ignored_checks. Pin-accurate placement is a later layout pass.,,artifacts/supervisor_ready_eda/kicad/student_14_5/drc.json,warning
W0785,student_14_5,DRC,lib_footprint_mismatch,Footprint 'DFN1006-2' does not match copy in library 'gunnchos_production' :: Footprint JSEC1,ACCEPTED_BY_DESIGN,"Cont IX PCB instances are envelope stubs on a digital-package placement grid. gunnchos_production.pretty already holds in-tree JEDEC/vendor geometry. Dropping those full footprints onto the current 24 mm envelope grid produces DRC errors (courtyard overlap, drill_out_of_range, solder_mask_bridge) — verified with kicad-cli 10.0.5. Retaining the mismatch keeps 0-error DRC; library remains the authority for later pin-accurate layout. Not an NDA pin map.",RETAIN instance/library mismatch. Do not ignore DRC. Do not expand ignored_checks. Pin-accurate placement is a later layout pass.,,artifacts/supervisor_ready_eda/kicad/student_14_5/drc.json,warning
W0786,student_14_5,DRC,lib_footprint_mismatch,Footprint 'DFN1006-2' does not match copy in library 'gunnchos_production' :: Footprint JDBG1,ACCEPTED_BY_DESIGN,"Cont IX PCB instances are envelope stubs on a digital-package placement grid. gunnchos_production.pretty already holds in-tree JEDEC/vendor geometry. Dropping those full footprints onto the current 24 mm envelope grid produces DRC errors (courtyard overlap, drill_out_of_range, solder_mask_bridge) — verified with kicad-cli 10.0.5. Retaining the mismatch keeps 0-error DRC; library remains the authority for later pin-accurate layout. Not an NDA pin map.",RETAIN instance/library mismatch. Do not ignore DRC. Do not expand ignored_checks. Pin-accurate placement is a later layout pass.,,artifacts/supervisor_ready_eda/kicad/student_14_5/drc.json,warning
W0787,student_14_5,DRC,lib_footprint_mismatch,Footprint 'TestPoint_Pad' does not match copy in library 'gunnchos_production' :: Footprint TP1,ACCEPTED_BY_DESIGN,"Cont IX PCB instances are envelope stubs on a digital-package placement grid. gunnchos_production.pretty already holds in-tree JEDEC/vendor geometry. Dropping those full footprints onto the current 24 mm envelope grid produces DRC errors (courtyard overlap, drill_out_of_range, solder_mask_bridge) — verified with kicad-cli 10.0.5. Retaining the mismatch keeps 0-error DRC; library remains the authority for later pin-accurate layout. Not an NDA pin map.",RETAIN instance/library mismatch. Do not ignore DRC. Do not expand ignored_checks. Pin-accurate placement is a later layout pass.,,artifacts/supervisor_ready_eda/kicad/student_14_5/drc.json,warning
W0788,student_14_5,DRC,lib_footprint_mismatch,Footprint 'TestPoint_Pad' does not match copy in library 'gunnchos_production' :: Footprint TP2,ACCEPTED_BY_DESIGN,"Cont IX PCB instances are envelope stubs on a digital-package placement grid. gunnchos_production.pretty already holds in-tree JEDEC/vendor geometry. Dropping those full footprints onto the current 24 mm envelope grid produces DRC errors (courtyard overlap, drill_out_of_range, solder_mask_bridge) — verified with kicad-cli 10.0.5. Retaining the mismatch keeps 0-error DRC; library remains the authority for later pin-accurate layout. Not an NDA pin map.",RETAIN instance/library mismatch. Do not ignore DRC. Do not expand ignored_checks. Pin-accurate placement is a later layout pass.,,artifacts/supervisor_ready_eda/kicad/student_14_5/drc.json,warning
W0789,student_14_5,DRC,lib_footprint_mismatch,Footprint 'TestPoint_Pad' does not match copy in library 'gunnchos_production' :: Footprint TP3,ACCEPTED_BY_DESIGN,"Cont IX PCB instances are envelope stubs on a digital-package placement grid. gunnchos_production.pretty already holds in-tree JEDEC/vendor geometry. Dropping those full footprints onto the current 24 mm envelope grid produces DRC errors (courtyard overlap, drill_out_of_range, solder_mask_bridge) — verified with kicad-cli 10.0.5. Retaining the mismatch keeps 0-error DRC; library remains the authority for later pin-accurate layout. Not an NDA pin map.",RETAIN instance/library mismatch. Do not ignore DRC. Do not expand ignored_checks. Pin-accurate placement is a later layout pass.,,artifacts/supervisor_ready_eda/kicad/student_14_5/drc.json,warning
W0790,student_14_5,DRC,lib_footprint_mismatch,Footprint 'TestPoint_Pad' does not match copy in library 'gunnchos_production' :: Footprint TP4,ACCEPTED_BY_DESIGN,"Cont IX PCB instances are envelope stubs on a digital-package placement grid. gunnchos_production.pretty already holds in-tree JEDEC/vendor geometry. Dropping those full footprints onto the current 24 mm envelope grid produces DRC errors (courtyard overlap, drill_out_of_range, solder_mask_bridge) — verified with kicad-cli 10.0.5. Retaining the mismatch keeps 0-error DRC; library remains the authority for later pin-accurate layout. Not an NDA pin map.",RETAIN instance/library mismatch. Do not ignore DRC. Do not expand ignored_checks. Pin-accurate placement is a later layout pass.,,artifacts/supervisor_ready_eda/kicad/student_14_5/drc.json,warning
W0791,student_14_5,DRC,lib_footprint_mismatch,Footprint 'TestPoint_Pad' does not match copy in library 'gunnchos_production' :: Footprint TP5,ACCEPTED_BY_DESIGN,"Cont IX PCB instances are envelope stubs on a digital-package placement grid. gunnchos_production.pretty already holds in-tree JEDEC/vendor geometry. Dropping those full footprints onto the current 24 mm envelope grid produces DRC errors (courtyard overlap, drill_out_of_range, solder_mask_bridge) — verified with kicad-cli 10.0.5. Retaining the mismatch keeps 0-error DRC; library remains the authority for later pin-accurate layout. Not an NDA pin map.",RETAIN instance/library mismatch. Do not ignore DRC. Do not expand ignored_checks. Pin-accurate placement is a later layout pass.,,artifacts/supervisor_ready_eda/kicad/student_14_5/drc.json,warning
W0792,student_14_5,DRC,lib_footprint_mismatch,Footprint 'TestPoint_Pad' does not match copy in library 'gunnchos_production' :: Footprint TP6,ACCEPTED_BY_DESIGN,"Cont IX PCB instances are envelope stubs on a digital-package placement grid. gunnchos_production.pretty already holds in-tree JEDEC/vendor geometry. Dropping those full footprints onto the current 24 mm envelope grid produces DRC errors (courtyard overlap, drill_out_of_range, solder_mask_bridge) — verified with kicad-cli 10.0.5. Retaining the mismatch keeps 0-error DRC; library remains the authority for later pin-accurate layout. Not an NDA pin map.",RETAIN instance/library mismatch. Do not ignore DRC. Do not expand ignored_checks. Pin-accurate placement is a later layout pass.,,artifacts/supervisor_ready_eda/kicad/student_14_5/drc.json,warning
W0793,student_14_5,DRC,silk_over_copper,Silkscreen clipped by solder mask :: PCB text 'REV 0.6.0-cont-ix' on F.Silkscreen | NPTH pad of H1,FIXABLE_DIGITALLY,"F.SilkS text 'REV 0.6.0-cont-ix' at (12,10) clips NPTH pad of H1 at (12,12). Move silkscreen; do not change hole size.","Move REV gr_text to (40,6) clear of H1 courtyard.",,artifacts/supervisor_ready_eda/kicad/student_14_5/drc.json,warning
