solid OpenSCAD_Model
  facet normal 0 0 -1
    outer loop
      vertex -9.050966799187808 -9.050966799187808 0
      vertex -8.568050993165489 -3.0656976658692026 0
      vertex -8.595954622041836 -9.484174404543475 0
    endloop
  endfacet
  facet normal 0 0 -1
    outer loop
      vertex -8.120234037294662 -9.894533803043032 0
      vertex -8.595954622041836 -9.484174404543475 0
      vertex -8.02548350557003 -4.289710305116579 0
    endloop
  endfacet
  facet normal 0 0 -1
    outer loop
      vertex -7.624951097503146 -10.281056402952254 0
      vertex -7.0343951256009065 -5.772978885889174 0
      vertex -7.111298982650907 -10.642811037472578 0
    endloop
  endfacet
  facet normal 0 0 -1
    outer loop
      vertex -8.120234037294662 -9.894533803043032 0
      vertex -7.5663734719531615 -5.055689120478379 0
      vertex -7.624951097503146 -10.281056402952254 0
    endloop
  endfacet
  facet normal 0 0 -1
    outer loop
      vertex -7.111298982650907 -10.642811037472578 0
      vertex -6.434671708797583 -6.434671708797583 0
      vertex -6.580515125673238 -10.97892620800348 0
    endloop
  endfacet
  facet normal 0 0 -1
    outer loop
      vertex -8.120234037294662 -9.894533803043032 0
      vertex -7.805330351002475 -4.678334972158318 0
      vertex -7.5663734719531615 -5.055689120478379 0
    endloop
  endfacet
  facet normal 0 0 -1
    outer loop
      vertex -7.624951097503146 -10.281056402952254 0
      vertex -7.5663734719531615 -5.055689120478379 0
      vertex -7.309188536473869 -5.420863670881143 0
    endloop
  endfacet
  facet normal 0 0 -1
    outer loop
      vertex -7.624951097503146 -10.281056402952254 0
      vertex -7.309188536473869 -5.420863670881143 0
      vertex -7.0343951256009065 -5.772978885889174 0
    endloop
  endfacet
  facet normal 0 0 -1
    outer loop
      vertex -7.111298982650907 -10.642811037472578 0
      vertex -7.0343951256009065 -5.772978885889174 0
      vertex -6.7426552407301275 -6.111186489107868 0
    endloop
  endfacet
  facet normal 0 0 -1
    outer loop
      vertex -7.111298982650907 -10.642811037472578 0
      vertex -6.7426552407301275 -6.111186489107868 0
      vertex -6.434671708797583 -6.434671708797583 0
    endloop
  endfacet
  facet normal -0.7572088465064852 -0.6531728429537758 0
    outer loop
      vertex -9.894533803043032 -8.120234037294662 0
      vertex -9.484174404543475 -8.595954622041836 0
      vertex -9.894533803043032 -8.120234037294662 8.5
    endloop
  endfacet
  facet normal -0.8175848131515845 -0.5758081914178441 0
    outer loop
      vertex -10.642811037472578 -7.111298982650907 0
      vertex -10.281056402952254 -7.624951097503146 0
      vertex -10.642811037472578 -7.111298982650907 8.5
    endloop
  endfacet
  facet normal -0.8448535652497069 -0.5349976198870974 0
    outer loop
      vertex -10.97892620800348 -6.580515125673238 0
      vertex -10.642811037472578 -7.111298982650907 0
      vertex -10.97892620800348 -6.580515125673238 8.5
    endloop
  endfacet
  facet normal -0.7883464276266058 -0.6152315905806274 7.567624236107677e-19
    outer loop
      vertex -9.894533803043032 -8.120234037294662 0
      vertex -10.281056402952254 -7.624951097503146 8.5
      vertex -10.281056402952254 -7.624951097503146 0
    endloop
  endfacet
  facet normal -0.6531728429537758 -0.7572088465064852 0
    outer loop
      vertex -8.120234037294662 -9.894533803043032 0
      vertex -8.120234037294662 -9.894533803043032 8.5
      vertex -8.595954622041836 -9.484174404543475 0
    endloop
  endfacet
  facet normal -0.5758081914178441 -0.8175848131515845 2.468448126845277e-18
    outer loop
      vertex -7.624951097503146 -10.281056402952254 0
      vertex -7.111298982650907 -10.642811037472578 0
      vertex -7.111298982650907 -10.642811037472578 8.5
    endloop
  endfacet
  facet normal -0.6152315905806274 -0.7883464276266058 7.567624236107677e-19
    outer loop
      vertex -8.120234037294662 -9.894533803043032 0
      vertex -7.624951097503146 -10.281056402952254 0
      vertex -7.624951097503146 -10.281056402952254 8.5
    endloop
  endfacet
  facet normal -0.5349976198870974 -0.8448535652497069 1.3215769379242933e-18
    outer loop
      vertex -7.111298982650907 -10.642811037472578 0
      vertex -6.580515125673238 -10.97892620800348 0
      vertex -6.580515125673238 -10.97892620800348 8.5
    endloop
  endfacet
  facet normal -0.7242470829514673 -0.6895405447370665 2.5776173374592915e-18
    outer loop
      vertex -9.050966799187808 -9.050966799187808 0
      vertex -9.484174404543475 -8.595954622041836 8.5
      vertex -9.484174404543475 -8.595954622041836 0
    endloop
  endfacet
  facet normal -0.6895405447370665 -0.7242470829514673 2.5776173374592915e-18
    outer loop
      vertex -9.050966799187808 -9.050966799187808 0
      vertex -8.595954622041836 -9.484174404543475 0
      vertex -8.595954622041836 -9.484174404543475 8.5
    endloop
  endfacet
  facet normal 0 0 -1
    outer loop
      vertex -11.82565801614447 -4.898347934273149 0
      vertex -11.571062951980073 5.4727051959076105 0
      vertex -11.571062951980073 -5.4727051959076105 0
    endloop
  endfacet
  facet normal 0 0 -1
    outer loop
      vertex -11.288592183658944 -6.0338782313727695 0
      vertex -11.571062951980073 -5.4727051959076105 0
      vertex -11.288592183658944 6.0338782313727695 0
    endloop
  endfacet
  facet normal 0 0 -1
    outer loop
      vertex -12.416400040890162 -3.1101463027617773 0
      vertex -12.554051589161348 -2.4971561218064413 0
      vertex -12.416400040890162 3.1101463027617773 0
    endloop
  endfacet
  facet normal 0 0 -1
    outer loop
      vertex -12.051764034342666 -4.312190123420416 0
      vertex -12.248836297372272 -3.7156438688571174 0
      vertex -12.051764034342666 4.312190123420416 0
    endloop
  endfacet
  facet normal 0 0 -1
    outer loop
      vertex -12.248836297372272 -3.7156438688571174 0
      vertex -12.416400040890162 -3.1101463027617773 0
      vertex -12.248836297372272 3.7156438688571174 0
    endloop
  endfacet
  facet normal 0 0 -1
    outer loop
      vertex -12.661459327549196 -1.8781500730286302 0
      vertex -12.738364501404119 -1.2546193962183756 0
      vertex -12.661459327549196 1.8781500730286302 0
    endloop
  endfacet
  facet normal 0 0 -1
    outer loop
      vertex -12.554051589161348 -2.4971561218064413 0
      vertex -12.661459327549196 -1.8781500730286302 0
      vertex -12.554051589161348 2.4971561218064413 0
    endloop
  endfacet
  facet normal 0 0 -1
    outer loop
      vertex -12.738364501404119 -1.2546193962183756 0
      vertex -12.784581839426206 -0.6280662313909505 0
      vertex -12.738364501404119 1.2546193962183756 0
    endloop
  endfacet
  facet normal 0 0 -1
    outer loop
      vertex -11.82565801614447 -4.898347934273149 0
      vertex -12.051764034342666 -4.312190123420416 0
      vertex -11.82565801614447 4.898347934273149 0
    endloop
  endfacet
  facet normal 0 0 -1
    outer loop
      vertex -10.97892620800348 -6.580515125673238 0
      vertex -11.288592183658944 -6.0338782313727695 0
      vertex -10.97892620800348 6.580515125673238 0
    endloop
  endfacet
  facet normal 0 0 -1
    outer loop
      vertex -10.97892620800348 -6.580515125673238 0
      vertex -10.642811037472578 7.111298982650907 0
      vertex -10.642811037472578 -7.111298982650907 0
    endloop
  endfacet
  facet normal 0 0 -1
    outer loop
      vertex -10.642811037472578 -7.111298982650907 0
      vertex -10.281056402952254 7.624951097503146 0
      vertex -10.281056402952254 -7.624951097503146 0
    endloop
  endfacet
  facet normal 0 0 -1
    outer loop
      vertex -9.894533803043032 -8.120234037294662 0
      vertex -10.281056402952254 -7.624951097503146 0
      vertex -9.894533803043032 8.120234037294662 0
    endloop
  endfacet
  facet normal 0 0 -1
    outer loop
      vertex -9.894533803043032 -8.120234037294662 0
      vertex -9.484174404543475 8.595954622041836 0
      vertex -9.484174404543475 -8.595954622041836 0
    endloop
  endfacet
  facet normal 0 0 -1
    outer loop
      vertex -9.050966799187808 -9.050966799187808 0
      vertex -9.484174404543475 -8.595954622041836 0
      vertex -9.001506240679507 -1.3352473175437918 0
    endloop
  endfacet
  facet normal 0 0 -1
    outer loop
      vertex -8.595954622041836 -9.484174404543475 0
      vertex -8.407303745852708 -3.482419234522317 0
      vertex -8.226302567423334 -3.8907513502155666 0
    endloop
  endfacet
  facet normal 0 0 -1
    outer loop
      vertex -8.595954622041836 -9.484174404543475 0
      vertex -8.226302567423334 -3.8907513502155666 0
      vertex -8.02548350557003 -4.289710305116579 0
    endloop
  endfacet
  facet normal 0 0 -1
    outer loop
      vertex -8.595954622041836 -9.484174404543475 0
      vertex -8.568050993165489 -3.0656976658692026 0
      vertex -8.407303745852708 -3.482419234522317 0
    endloop
  endfacet
  facet normal 0 0 -1
    outer loop
      vertex -9.050966799187808 -9.050966799187808 0
      vertex -8.7081570551631 -2.641590563015607 0
      vertex -8.568050993165489 -3.0656976658692026 0
    endloop
  endfacet
  facet normal 0 0 -1
    outer loop
      vertex -9.050966799187808 -9.050966799187808 0
      vertex -8.82728440407035 -2.211119637119701 0
      vertex -8.7081570551631 -2.641590563015607 0
    endloop
  endfacet
  facet normal 0 0 -1
    outer loop
      vertex -9.050966799187808 -9.050966799187808 0
      vertex -8.925146051669397 -1.7753219303467669 0
      vertex -8.82728440407035 -2.211119637119701 0
    endloop
  endfacet
  facet normal 0 0 -1
    outer loop
      vertex -9.050966799187808 -9.050966799187808 0
      vertex -9.001506240679507 -1.3352473175437918 0
      vertex -8.925146051669397 -1.7753219303467669 0
    endloop
  endfacet
  facet normal 0 0 -1
    outer loop
      vertex -9.484174404543475 -8.595954622041836 0
      vertex -9.08903865146707 -0.4465158363795039 0
      vertex -9.056181012716992 -0.8919559769990014 0
    endloop
  endfacet
  facet normal 0 0 -1
    outer loop
      vertex -9.484174404543475 -8.595954622041836 0
      vertex -9.056181012716992 -0.8919559769990014 0
      vertex -9.001506240679507 -1.3352473175437918 0
    endloop
  endfacet
  facet normal 0 0 -1
    outer loop
      vertex -8.120234037294662 -9.894533803043032 0
      vertex -8.02548350557003 -4.289710305116579 0
      vertex -7.805330351002475 -4.678334972158318 0
    endloop
  endfacet
  facet normal 0 0 -1
    outer loop
      vertex -9.484174404543475 -8.595954622041836 0
      vertex -9.1 0 0
      vertex -9.08903865146707 -0.4465158363795039 0
    endloop
  endfacet
  facet normal -0.8932243011955158 -0.4496113296546055 -1.386575287655787e-18
    outer loop
      vertex -11.288592183658944 -6.0338782313727695 0
      vertex -11.571062951980073 -5.4727051959076105 8.5
      vertex -11.571062951980073 -5.4727051959076105 0
    endloop
  endfacet
  facet normal -0.9142097557035301 -0.40524131400499097 0
    outer loop
      vertex -11.82565801614447 -4.898347934273149 0
      vertex -11.571062951980073 -5.4727051959076105 0
      vertex -11.82565801614447 -4.898347934273149 8.5
    endloop
  endfacet
  facet normal -0.9495281805930377 -0.31368174039888846 -1.1065753975373391e-18
    outer loop
      vertex -12.051764034342666 -4.312190123420416 0
      vertex -12.248836297372272 -3.7156438688571174 8.5
      vertex -12.248836297372272 -3.7156438688571174 0
    endloop
  endfacet
  facet normal -0.9637760657954396 -0.2667127574748995 6.024788808213726e-19
    outer loop
      vertex -12.248836297372272 -3.7156438688571174 0
      vertex -12.416400040890162 -3.1101463027617773 8.5
      vertex -12.416400040890162 -3.1101463027617773 0
    endloop
  endfacet
  facet normal -0.9329927988347385 -0.3598950365349894 -2.492713509317548e-18
    outer loop
      vertex -11.82565801614447 -4.898347934273149 0
      vertex -12.051764034342666 -4.312190123420416 8.5
      vertex -12.051764034342666 -4.312190123420416 0
    endloop
  endfacet
  facet normal -0.870086991108711 -0.492898192229785 1.7225076997560722e-18
    outer loop
      vertex -10.97892620800348 -6.580515125673238 0
      vertex -11.288592183658944 -6.0338782313727695 8.5
      vertex -11.288592183658944 -6.0338782313727695 0
    endloop
  endfacet
  facet normal -0.9757021300385286 -0.2191012401568698 -3.2008749601030137e-19
    outer loop
      vertex -12.416400040890162 -3.1101463027617773 0
      vertex -12.554051589161348 -2.4971561218064413 8.5
      vertex -12.554051589161348 -2.4971561218064413 0
    endloop
  endfacet
  facet normal -0.9852776423889412 -0.17096188876030197 -1.001400764923698e-18
    outer loop
      vertex -12.554051589161348 -2.4971561218064413 0
      vertex -12.661459327549196 -1.8781500730286302 8.5
      vertex -12.661459327549196 -1.8781500730286302 0
    endloop
  endfacet
  facet normal -0.9924795345987101 -0.12241067519921568 -1.121135818381642e-19
    outer loop
      vertex -12.661459327549196 -1.8781500730286302 0
      vertex -12.738364501404119 -1.2546193962183756 8.5
      vertex -12.738364501404119 -1.2546193962183756 0
    endloop
  endfacet
  facet normal -0.9972904566786902 -0.07356456359966851 5.604242918561942e-20
    outer loop
      vertex -12.738364501404119 -1.2546193962183756 0
      vertex -12.784581839426206 -0.6280662313909505 8.5
      vertex -12.784581839426206 -0.6280662313909505 0
    endloop
  endfacet
  facet normal -0.9996988186962042 -0.024541228522911473 3.3344478636415296e-20
    outer loop
      vertex -12.784581839426206 -0.6280662313909505 0
      vertex -12.799999999999999 0 8.5
      vertex -12.799999999999999 0 0
    endloop
  endfacet
  facet normal 0 0 -1
    outer loop
      vertex -6.580515125673238 -10.97892620800348 0
      vertex -5.772978885889174 -7.0343951256009065 0
      vertex -6.0338782313727695 -11.288592183658944 0
    endloop
  endfacet
  facet normal 0 0 -1
    outer loop
      vertex -6.0338782313727695 -11.288592183658944 0
      vertex -5.420863670881143 -7.309188536473869 0
      vertex -5.4727051959076105 -11.571062951980073 0
    endloop
  endfacet
  facet normal 0 0 -1
    outer loop
      vertex -5.4727051959076105 -11.571062951980073 0
      vertex -4.678334972158318 -7.805330351002475 0
      vertex -4.898347934273149 -11.82565801614447 0
    endloop
  endfacet
  facet normal 0 0 -1
    outer loop
      vertex -4.898347934273149 -11.82565801614447 0
      vertex -4.289710305116579 -8.02548350557003 0
      vertex -4.312190123420416 -12.051764034342666 0
    endloop
  endfacet
  facet normal 0 0 -1
    outer loop
      vertex -4.312190123420416 -12.051764034342666 0
      vertex -3.482419234522317 -8.407303745852708 0
      vertex -3.7156438688571174 -12.248836297372272 0
    endloop
  endfacet
  facet normal 0 0 -1
    outer loop
      vertex -3.7156438688571174 -12.248836297372272 0
      vertex -3.0656976658692026 -8.568050993165489 0
      vertex -3.1101463027617773 -12.416400040890162 0
    endloop
  endfacet
  facet normal 0 0 -1
    outer loop
      vertex -3.7156438688571174 -12.248836297372272 0
      vertex -3.482419234522317 -8.407303745852708 0
      vertex -3.0656976658692026 -8.568050993165489 0
    endloop
  endfacet
  facet normal 0 0 -1
    outer loop
      vertex -6.580515125673238 -10.97892620800348 0
      vertex -6.434671708797583 -6.434671708797583 0
      vertex -6.111186489107868 -6.7426552407301275 0
    endloop
  endfacet
  facet normal 0 0 -1
    outer loop
      vertex -6.580515125673238 -10.97892620800348 0
      vertex -6.111186489107868 -6.7426552407301275 0
      vertex -5.772978885889174 -7.0343951256009065 0
    endloop
  endfacet
  facet normal 0 0 -1
    outer loop
      vertex -6.0338782313727695 -11.288592183658944 0
      vertex -5.772978885889174 -7.0343951256009065 0
      vertex -5.420863670881143 -7.309188536473869 0
    endloop
  endfacet
  facet normal 0 0 -1
    outer loop
      vertex -5.4727051959076105 -11.571062951980073 0
      vertex -5.420863670881143 -7.309188536473869 0
      vertex -5.055689120478379 -7.5663734719531615 0
    endloop
  endfacet
  facet normal 0 0 -1
    outer loop
      vertex -5.4727051959076105 -11.571062951980073 0
      vertex -5.055689120478379 -7.5663734719531615 0
      vertex -4.678334972158318 -7.805330351002475 0
    endloop
  endfacet
  facet normal 0 0 -1
    outer loop
      vertex -4.898347934273149 -11.82565801614447 0
      vertex -4.678334972158318 -7.805330351002475 0
      vertex -4.289710305116579 -8.02548350557003 0
    endloop
  endfacet
  facet normal 0 0 -1
    outer loop
      vertex -4.312190123420416 -12.051764034342666 0
      vertex -4.289710305116579 -8.02548350557003 0
      vertex -3.8907513502155666 -8.226302567423334 0
    endloop
  endfacet
  facet normal 0 0 -1
    outer loop
      vertex -4.312190123420416 -12.051764034342666 0
      vertex -3.8907513502155666 -8.226302567423334 0
      vertex -3.482419234522317 -8.407303745852708 0
    endloop
  endfacet
  facet normal 0 0 -1
    outer loop
      vertex -3.1101463027617773 -12.416400040890162 0
      vertex -2.211119637119701 -8.82728440407035 0
      vertex -2.4971561218064413 -12.554051589161348 0
    endloop
  endfacet
  facet normal 0 0 -1
    outer loop
      vertex -2.4971561218064413 -12.554051589161348 0
      vertex -1.7753219303467669 -8.925146051669397 0
      vertex -1.8781500730286302 -12.661459327549196 0
    endloop
  endfacet
  facet normal 0 0 -1
    outer loop
      vertex -3.1101463027617773 -12.416400040890162 0
      vertex -3.0656976658692026 -8.568050993165489 0
      vertex -2.641590563015607 -8.7081570551631 0
    endloop
  endfacet
  facet normal 0 0 -1
    outer loop
      vertex -3.1101463027617773 -12.416400040890162 0
      vertex -2.641590563015607 -8.7081570551631 0
      vertex -2.211119637119701 -8.82728440407035 0
    endloop
  endfacet
  facet normal 0 0 -1
    outer loop
      vertex -2.4971561218064413 -12.554051589161348 0
      vertex -2.211119637119701 -8.82728440407035 0
      vertex -1.7753219303467669 -8.925146051669397 0
    endloop
  endfacet
  facet normal 0 0 -1
    outer loop
      vertex -1.8781500730286302 -12.661459327549196 0
      vertex -1.7753219303467669 -8.925146051669397 0
      vertex -1.3352473175437918 -9.001506240679507 0
    endloop
  endfacet
  facet normal 0 0 -1
    outer loop
      vertex -1.8781500730286302 -12.661459327549196 0
      vertex -0.8919559769990014 -9.056181012716992 0
      vertex -1.2546193962183756 -12.738364501404119 0
    endloop
  endfacet
  facet normal 0 0 -1
    outer loop
      vertex -1.2546193962183756 -12.738364501404119 0
      vertex -0.4465158363795039 -9.08903865146707 0
      vertex -0.6280662313909505 -12.784581839426206 0
    endloop
  endfacet
  facet normal 0 0 -1
    outer loop
      vertex -0.6280662313909505 -12.784581839426206 0
      vertex 0 -9.1 0
      vertex 0 -12.799999999999999 0
    endloop
  endfacet
  facet normal -0.024541228522911473 -0.9996988186962041 1.1809502850397085e-19
    outer loop
      vertex -0.6280662313909505 -12.784581839426206 0
      vertex 0 -12.799999999999999 0
      vertex 0 -12.799999999999999 2.4
    endloop
  endfacet
  facet normal 0 0 -1
    outer loop
      vertex -1.8781500730286302 -12.661459327549196 0
      vertex -1.3352473175437918 -9.001506240679507 0
      vertex -0.8919559769990014 -9.056181012716992 0
    endloop
  endfacet
  facet normal 0 0 -1
    outer loop
      vertex -1.2546193962183756 -12.738364501404119 0
      vertex -0.8919559769990014 -9.056181012716992 0
      vertex -0.4465158363795039 -9.08903865146707 0
    endloop
  endfacet
  facet normal 0 0 -1
    outer loop
      vertex -0.6280662313909505 -12.784581839426206 0
      vertex -0.4465158363795039 -9.08903865146707 0
      vertex 0 -9.1 0
    endloop
  endfacet
  facet normal -0.024541228522899035 -0.9996988186962046 -1.2323951136970974e-15
    outer loop
      vertex -0.6280662313909505 -12.784581839426206 0
      vertex -0.3333421398117613 -12.791816909776779 2.501118232618473
      vertex -0.4242640687119285 -12.789584901702796 2.5757359312880714
    endloop
  endfacet
  facet normal -0.02454122852291479 -0.9996988186962041 1.4845462743464444e-17
    outer loop
      vertex -0.6280662313909505 -12.784581839426206 0
      vertex -0.4242640687119285 -12.789584901702796 2.5757359312880714
      vertex -0.4988817673815271 -12.787753140015518 2.6666578601882387
    endloop
  endfacet
  facet normal -0.02454122852292303 -0.9996988186962039 4.1415539546567776e-16
    outer loop
      vertex -0.6280662313909505 -12.784581839426206 0
      vertex -0.4988817673815271 -12.787753140015518 2.6666578601882387
      vertex -0.5543277195067721 -12.786392018289325 2.7703899405809462
    endloop
  endfacet
  facet normal -0.024541228522911143 -0.9996988186962041 -4.038200661819341e-16
    outer loop
      vertex -0.6280662313909505 -12.784581839426206 0
      vertex -0.11705419320967694 -12.79712648084463 2.4115288317580617
      vertex -0.22961005941905385 -12.794363389418914 2.445672280493228
    endloop
  endfacet
  facet normal -0.02454122852292449 -0.999698818696204 1.769140158480537e-15
    outer loop
      vertex -0.6280662313909505 -12.784581839426206 0
      vertex -0.22961005941905385 -12.794363389418914 2.445672280493228
      vertex -0.3333421398117613 -12.791816909776779 2.501118232618473
    endloop
  endfacet
  facet normal -0.024541228522904718 -0.9996988186962045 -1.7698811931942472e-15
    outer loop
      vertex -0.6280662313909505 -12.784581839426206 0
      vertex 0 -12.799999999999999 2.4
      vertex -0.11705419320967694 -12.79712648084463 2.4115288317580617
    endloop
  endfacet
  facet normal -0.024541228522985983 -0.9996988186962025 7.53081587982228e-16
    outer loop
      vertex -0.6280662313909505 -12.784581839426206 0
      vertex -0.5884711682419382 -12.785553843668831 2.882945806790323
      vertex -0.6 -12.785270826734644 3
    endloop
  endfacet
  facet normal -0.0245412285228822 -0.9996988186962049 -6.730227828436675e-16
    outer loop
      vertex -0.6280662313909505 -12.784581839426206 0
      vertex -0.5543277195067721 -12.786392018289325 2.7703899405809462
      vertex -0.5884711682419382 -12.785553843668831 2.882945806790323
    endloop
  endfacet
  facet normal -0.4496113296546055 -0.8932243011955158 -1.386575287655787e-18
    outer loop
      vertex -6.0338782313727695 -11.288592183658944 0
      vertex -5.4727051959076105 -11.571062951980073 0
      vertex -5.4727051959076105 -11.571062951980073 8.5
    endloop
  endfacet
  facet normal -0.40524131400499097 -0.9142097557035301 1.3904283176324374e-18
    outer loop
      vertex -5.4727051959076105 -11.571062951980073 0
      vertex -4.898347934273149 -11.82565801614447 0
      vertex -4.898347934273149 -11.82565801614447 8.5
    endloop
  endfacet
  facet normal -0.492898192229785 -0.870086991108711 1.7225076997560722e-18
    outer loop
      vertex -6.580515125673238 -10.97892620800348 0
      vertex -6.0338782313727695 -11.288592183658944 0
      vertex -6.0338782313727695 -11.288592183658944 8.5
    endloop
  endfacet
  facet normal -0.3598950365349894 -0.9329927988347385 -2.492713509317548e-18
    outer loop
      vertex -4.898347934273149 -11.82565801614447 0
      vertex -4.312190123420416 -12.051764034342666 0
      vertex -4.312190123420416 -12.051764034342666 8.5
    endloop
  endfacet
  facet normal -0.31368174039888846 -0.9495281805930377 -1.1065753975373391e-18
    outer loop
      vertex -4.312190123420416 -12.051764034342666 0
      vertex -3.7156438688571174 -12.248836297372272 0
      vertex -3.7156438688571174 -12.248836297372272 8.5
    endloop
  endfacet
  facet normal -0.2667127574748995 -0.9637760657954396 6.024788808213726e-19
    outer loop
      vertex -3.7156438688571174 -12.248836297372272 0
      vertex -3.1101463027617773 -12.416400040890162 0
      vertex -3.1101463027617773 -12.416400040890162 8.5
    endloop
  endfacet
  facet normal -0.2191012401568698 -0.9757021300385286 -3.2008749601030137e-19
    outer loop
      vertex -3.1101463027617773 -12.416400040890162 0
      vertex -2.4971561218064413 -12.554051589161348 0
      vertex -2.4971561218064413 -12.554051589161348 8.5
    endloop
  endfacet
  facet normal -0.17096188876030197 -0.9852776423889412 -1.001400764923698e-18
    outer loop
      vertex -2.4971561218064413 -12.554051589161348 0
      vertex -1.8781500730286302 -12.661459327549196 0
      vertex -1.8781500730286302 -12.661459327549196 8.5
    endloop
  endfacet
  facet normal -0.12241067519921568 -0.9924795345987101 -1.121135818381642e-19
    outer loop
      vertex -1.8781500730286302 -12.661459327549196 0
      vertex -1.2546193962183756 -12.738364501404119 0
      vertex -1.2546193962183756 -12.738364501404119 8.5
    endloop
  endfacet
  facet normal -0.07356456359966851 -0.9972904566786902 5.604242918561942e-20
    outer loop
      vertex -1.2546193962183756 -12.738364501404119 0
      vertex -0.6280662313909505 -12.784581839426206 0
      vertex -0.6280662313909505 -12.784581839426206 8.5
    endloop
  endfacet
  facet normal -0.024541228522905533 -0.9996988186962045 0
    outer loop
      vertex -0.6280662313909505 -12.784581839426206 0
      vertex -0.6 -12.785270826734644 3
      vertex -0.6280662313909505 -12.784581839426206 8.5
    endloop
  endfacet
  facet normal -0.7572088465064852 -0.6531728429537758 0
    outer loop
      vertex -9.484174404543475 -8.595954622041836 0
      vertex -9.484174404543475 -8.595954622041836 8.5
      vertex -9.894533803043032 -8.120234037294662 8.5
    endloop
  endfacet
  facet normal -0.8175848131515845 -0.5758081914178441 0
    outer loop
      vertex -10.281056402952254 -7.624951097503146 0
      vertex -10.281056402952254 -7.624951097503146 8.5
      vertex -10.642811037472578 -7.111298982650907 8.5
    endloop
  endfacet
  facet normal -0.8448535652497069 -0.5349976198870974 0
    outer loop
      vertex -10.642811037472578 -7.111298982650907 0
      vertex -10.642811037472578 -7.111298982650907 8.5
      vertex -10.97892620800348 -6.580515125673238 8.5
    endloop
  endfacet
  facet normal -0.7883464276266058 -0.6152315905806274 0
    outer loop
      vertex -9.894533803043032 -8.120234037294662 0
      vertex -9.894533803043032 -8.120234037294662 8.5
      vertex -10.281056402952254 -7.624951097503146 8.5
    endloop
  endfacet
  facet normal -0.6531728429537758 -0.7572088465064852 0
    outer loop
      vertex -8.595954622041836 -9.484174404543475 0
      vertex -8.120234037294662 -9.894533803043032 8.5
      vertex -8.595954622041836 -9.484174404543475 8.5
    endloop
  endfacet
  facet normal -0.5758081914178441 -0.8175848131515845 0
    outer loop
      vertex -7.624951097503146 -10.281056402952254 0
      vertex -7.111298982650907 -10.642811037472578 8.5
      vertex -7.624951097503146 -10.281056402952254 8.5
    endloop
  endfacet
  facet normal -0.6152315905806274 -0.7883464276266058 0
    outer loop
      vertex -8.120234037294662 -9.894533803043032 0
      vertex -7.624951097503146 -10.281056402952254 8.5
      vertex -8.120234037294662 -9.894533803043032 8.5
    endloop
  endfacet
  facet normal -0.5349976198870974 -0.8448535652497069 0
    outer loop
      vertex -7.111298982650907 -10.642811037472578 0
      vertex -6.580515125673238 -10.97892620800348 8.5
      vertex -7.111298982650907 -10.642811037472578 8.5
    endloop
  endfacet
  facet normal -0.7242470829514673 -0.6895405447370665 0
    outer loop
      vertex -9.050966799187808 -9.050966799187808 0
      vertex -9.050966799187808 -9.050966799187808 8.5
      vertex -9.484174404543475 -8.595954622041836 8.5
    endloop
  endfacet
  facet normal -0.6895405447370665 -0.7242470829514673 0
    outer loop
      vertex -9.050966799187808 -9.050966799187808 0
      vertex -8.595954622041836 -9.484174404543475 8.5
      vertex -9.050966799187808 -9.050966799187808 8.5
    endloop
  endfacet
  facet normal 0 0 1
    outer loop
      vertex -9.050966799187808 -9.050966799187808 8.5
      vertex -8.595954622041836 -9.484174404543475 8.5
      vertex -8.82728440407035 -2.211119637119701 8.5
    endloop
  endfacet
  facet normal 0 0 1
    outer loop
      vertex -8.120234037294662 -9.894533803043032 8.5
      vertex -8.407303745852708 -3.482419234522317 8.5
      vertex -8.595954622041836 -9.484174404543475 8.5
    endloop
  endfacet
  facet normal 0 0 1
    outer loop
      vertex -8.120234037294662 -9.894533803043032 8.5
      vertex -7.624951097503146 -10.281056402952254 8.5
      vertex -7.805330351002475 -4.678334972158318 8.5
    endloop
  endfacet
  facet normal 0 0 1
    outer loop
      vertex -7.624951097503146 -10.281056402952254 8.5
      vertex -7.111298982650907 -10.642811037472578 8.5
      vertex -7.309188536473869 -5.420863670881143 8.5
    endloop
  endfacet
  facet normal 0 0 1
    outer loop
      vertex -7.111298982650907 -10.642811037472578 8.5
      vertex -6.580515125673238 -10.97892620800348 8.5
      vertex -6.7426552407301275 -6.111186489107868 8.5
    endloop
  endfacet
  facet normal 0 0 1
    outer loop
      vertex -7.624951097503146 -10.281056402952254 8.5
      vertex -7.5663734719531615 -5.055689120478379 8.5
      vertex -7.805330351002475 -4.678334972158318 8.5
    endloop
  endfacet
  facet normal 0 0 1
    outer loop
      vertex -7.624951097503146 -10.281056402952254 8.5
      vertex -7.309188536473869 -5.420863670881143 8.5
      vertex -7.5663734719531615 -5.055689120478379 8.5
    endloop
  endfacet
  facet normal 0 0 1
    outer loop
      vertex -7.111298982650907 -10.642811037472578 8.5
      vertex -7.0343951256009065 -5.772978885889174 8.5
      vertex -7.309188536473869 -5.420863670881143 8.5
    endloop
  endfacet
  facet normal 0 0 1
    outer loop
      vertex -7.111298982650907 -10.642811037472578 8.5
      vertex -6.7426552407301275 -6.111186489107868 8.5
      vertex -7.0343951256009065 -5.772978885889174 8.5
    endloop
  endfacet
  facet normal 0 0 1
    outer loop
      vertex -6.580515125673238 -10.97892620800348 8.5
      vertex -6.434671708797583 -6.434671708797583 8.5
      vertex -6.7426552407301275 -6.111186489107868 8.5
    endloop
  endfacet
  facet normal -0.8932243011955158 -0.4496113296546055 0
    outer loop
      vertex -11.288592183658944 -6.0338782313727695 0
      vertex -11.288592183658944 -6.0338782313727695 8.5
      vertex -11.571062951980073 -5.4727051959076105 8.5
    endloop
  endfacet
  facet normal -0.9142097557035301 -0.40524131400499097 0
    outer loop
      vertex -11.571062951980073 -5.4727051959076105 0
      vertex -11.571062951980073 -5.4727051959076105 8.5
      vertex -11.82565801614447 -4.898347934273149 8.5
    endloop
  endfacet
  facet normal -0.9495281805930377 -0.31368174039888846 0
    outer loop
      vertex -12.051764034342666 -4.312190123420416 0
      vertex -12.051764034342666 -4.312190123420416 8.5
      vertex -12.248836297372272 -3.7156438688571174 8.5
    endloop
  endfacet
  facet normal -0.9637760657954396 -0.2667127574748995 0
    outer loop
      vertex -12.248836297372272 -3.7156438688571174 0
      vertex -12.248836297372272 -3.7156438688571174 8.5
      vertex -12.416400040890162 -3.1101463027617773 8.5
    endloop
  endfacet
  facet normal -0.9329927988347385 -0.3598950365349894 0
    outer loop
      vertex -11.82565801614447 -4.898347934273149 0
      vertex -11.82565801614447 -4.898347934273149 8.5
      vertex -12.051764034342666 -4.312190123420416 8.5
    endloop
  endfacet
  facet normal -0.870086991108711 -0.492898192229785 0
    outer loop
      vertex -10.97892620800348 -6.580515125673238 0
      vertex -10.97892620800348 -6.580515125673238 8.5
      vertex -11.288592183658944 -6.0338782313727695 8.5
    endloop
  endfacet
  facet normal -0.9757021300385286 -0.2191012401568698 0
    outer loop
      vertex -12.416400040890162 -3.1101463027617773 0
      vertex -12.416400040890162 -3.1101463027617773 8.5
      vertex -12.554051589161348 -2.4971561218064413 8.5
    endloop
  endfacet
  facet normal -0.9852776423889412 -0.17096188876030197 0
    outer loop
      vertex -12.554051589161348 -2.4971561218064413 0
      vertex -12.554051589161348 -2.4971561218064413 8.5
      vertex -12.661459327549196 -1.8781500730286302 8.5
    endloop
  endfacet
  facet normal -0.9924795345987101 -0.12241067519921568 0
    outer loop
      vertex -12.661459327549196 -1.8781500730286302 0
      vertex -12.661459327549196 -1.8781500730286302 8.5
      vertex -12.738364501404119 -1.2546193962183756 8.5
    endloop
  endfacet
  facet normal -0.9972904566786902 -0.07356456359966851 0
    outer loop
      vertex -12.738364501404119 -1.2546193962183756 0
      vertex -12.738364501404119 -1.2546193962183756 8.5
      vertex -12.784581839426206 -0.6280662313909505 8.5
    endloop
  endfacet
  facet normal -0.9996988186962042 -0.024541228522911473 0
    outer loop
      vertex -12.784581839426206 -0.6280662313909505 0
      vertex -12.784581839426206 -0.6280662313909505 8.5
      vertex -12.799999999999999 0 8.5
    endloop
  endfacet
  facet normal 0 0 1
    outer loop
      vertex -11.82565801614447 -4.898347934273149 8.5
      vertex -12.051764034342666 4.312190123420416 8.5
      vertex -12.051764034342666 -4.312190123420416 8.5
    endloop
  endfacet
  facet normal 0 0 1
    outer loop
      vertex -11.82565801614447 -4.898347934273149 8.5
      vertex -11.571062951980073 -5.4727051959076105 8.5
      vertex -11.82565801614447 4.898347934273149 8.5
    endloop
  endfacet
  facet normal 0 0 1
    outer loop
      vertex -11.288592183658944 -6.0338782313727695 8.5
      vertex -11.571062951980073 5.4727051959076105 8.5
      vertex -11.571062951980073 -5.4727051959076105 8.5
    endloop
  endfacet
  facet normal 0 0 1
    outer loop
      vertex -12.554051589161348 -2.4971561218064413 8.5
      vertex -12.661459327549196 1.8781500730286302 8.5
      vertex -12.661459327549196 -1.8781500730286302 8.5
    endloop
  endfacet
  facet normal 0 0 1
    outer loop
      vertex -12.416400040890162 -3.1101463027617773 8.5
      vertex -12.554051589161348 2.4971561218064413 8.5
      vertex -12.554051589161348 -2.4971561218064413 8.5
    endloop
  endfacet
  facet normal 0 0 1
    outer loop
      vertex -12.248836297372272 -3.7156438688571174 8.5
      vertex -12.416400040890162 3.1101463027617773 8.5
      vertex -12.416400040890162 -3.1101463027617773 8.5
    endloop
  endfacet
  facet normal 0 0 1
    outer loop
      vertex -12.051764034342666 -4.312190123420416 8.5
      vertex -12.248836297372272 3.7156438688571174 8.5
      vertex -12.248836297372272 -3.7156438688571174 8.5
    endloop
  endfacet
  facet normal 0 0 1
    outer loop
      vertex -12.661459327549196 -1.8781500730286302 8.5
      vertex -12.738364501404119 1.2546193962183756 8.5
      vertex -12.738364501404119 -1.2546193962183756 8.5
    endloop
  endfacet
  facet normal 0 0 1
    outer loop
      vertex -12.738364501404119 -1.2546193962183756 8.5
      vertex -12.784581839426206 0.6280662313909505 8.5
      vertex -12.784581839426206 -0.6280662313909505 8.5
    endloop
  endfacet
  facet normal 0 0 1
    outer loop
      vertex -10.642811037472578 -7.111298982650907 8.5
      vertex -10.281056402952254 -7.624951097503146 8.5
      vertex -10.642811037472578 7.111298982650907 8.5
    endloop
  endfacet
  facet normal 0 0 1
    outer loop
      vertex -10.97892620800348 -6.580515125673238 8.5
      vertex -11.288592183658944 6.0338782313727695 8.5
      vertex -11.288592183658944 -6.0338782313727695 8.5
    endloop
  endfacet
  facet normal 0 0 1
    outer loop
      vertex -10.97892620800348 -6.580515125673238 8.5
      vertex -10.642811037472578 -7.111298982650907 8.5
      vertex -10.97892620800348 6.580515125673238 8.5
    endloop
  endfacet
  facet normal 0 0 1
    outer loop
      vertex -9.894533803043032 -8.120234037294662 8.5
      vertex -10.281056402952254 7.624951097503146 8.5
      vertex -10.281056402952254 -7.624951097503146 8.5
    endloop
  endfacet
  facet normal 0 0 1
    outer loop
      vertex -9.894533803043032 -8.120234037294662 8.5
      vertex -9.484174404543475 -8.595954622041836 8.5
      vertex -9.894533803043032 8.120234037294662 8.5
    endloop
  endfacet
  facet normal 0 0 1
    outer loop
      vertex -8.120234037294662 -9.894533803043032 8.5
      vertex -8.02548350557003 -4.289710305116579 8.5
      vertex -8.226302567423334 -3.8907513502155666 8.5
    endloop
  endfacet
  facet normal 0 0 1
    outer loop
      vertex -8.120234037294662 -9.894533803043032 8.5
      vertex -8.226302567423334 -3.8907513502155666 8.5
      vertex -8.407303745852708 -3.482419234522317 8.5
    endloop
  endfacet
  facet normal 0 0 1
    outer loop
      vertex -8.595954622041836 -9.484174404543475 8.5
      vertex -8.407303745852708 -3.482419234522317 8.5
      vertex -8.568050993165489 -3.0656976658692026 8.5
    endloop
  endfacet
  facet normal 0 0 1
    outer loop
      vertex -8.595954622041836 -9.484174404543475 8.5
      vertex -8.568050993165489 -3.0656976658692026 8.5
      vertex -8.7081570551631 -2.641590563015607 8.5
    endloop
  endfacet
  facet normal 0 0 1
    outer loop
      vertex -9.050966799187808 -9.050966799187808 8.5
      vertex -8.82728440407035 -2.211119637119701 8.5
      vertex -8.925146051669397 -1.7753219303467669 8.5
    endloop
  endfacet
  facet normal 0 0 1
    outer loop
      vertex -9.050966799187808 -9.050966799187808 8.5
      vertex -8.925146051669397 -1.7753219303467669 8.5
      vertex -9.001506240679507 -1.3352473175437918 8.5
    endloop
  endfacet
  facet normal 0 0 1
    outer loop
      vertex -9.050966799187808 -9.050966799187808 8.5
      vertex -9.001506240679507 -1.3352473175437918 8.5
      vertex -9.056181012716992 -0.8919559769990014 8.5
    endloop
  endfacet
  facet normal 0 0 1
    outer loop
      vertex -9.050966799187808 -9.050966799187808 8.5
      vertex -9.056181012716992 -0.8919559769990014 8.5
      vertex -9.08903865146707 -0.4465158363795039 8.5
    endloop
  endfacet
  facet normal 0 0 1
    outer loop
      vertex -8.595954622041836 -9.484174404543475 8.5
      vertex -8.7081570551631 -2.641590563015607 8.5
      vertex -8.82728440407035 -2.211119637119701 8.5
    endloop
  endfacet
  facet normal 0 0 1
    outer loop
      vertex -8.120234037294662 -9.894533803043032 8.5
      vertex -7.805330351002475 -4.678334972158318 8.5
      vertex -8.02548350557003 -4.289710305116579 8.5
    endloop
  endfacet
  facet normal 0 0 1
    outer loop
      vertex -9.050966799187808 -9.050966799187808 8.5
      vertex -9.484174404543475 8.595954622041836 8.5
      vertex -9.484174404543475 -8.595954622041836 8.5
    endloop
  endfacet
  facet normal 0 0 1
    outer loop
      vertex -9.050966799187808 -9.050966799187808 8.5
      vertex -9.08903865146707 -0.4465158363795039 8.5
      vertex -9.1 0 8.5
    endloop
  endfacet
  facet normal 0 0 1
    outer loop
      vertex -9.050966799187808 -9.050966799187808 8.5
      vertex -9.1 0 8.5
      vertex -9.484174404543475 8.595954622041836 8.5
    endloop
  endfacet
  facet normal -0.4496113296546055 -0.8932243011955158 0
    outer loop
      vertex -6.0338782313727695 -11.288592183658944 0
      vertex -5.4727051959076105 -11.571062951980073 8.5
      vertex -6.0338782313727695 -11.288592183658944 8.5
    endloop
  endfacet
  facet normal -0.40524131400499097 -0.9142097557035301 0
    outer loop
      vertex -5.4727051959076105 -11.571062951980073 0
      vertex -4.898347934273149 -11.82565801614447 8.5
      vertex -5.4727051959076105 -11.571062951980073 8.5
    endloop
  endfacet
  facet normal -0.492898192229785 -0.870086991108711 0
    outer loop
      vertex -6.580515125673238 -10.97892620800348 0
      vertex -6.0338782313727695 -11.288592183658944 8.5
      vertex -6.580515125673238 -10.97892620800348 8.5
    endloop
  endfacet
  facet normal -0.31368174039888846 -0.9495281805930377 0
    outer loop
      vertex -4.312190123420416 -12.051764034342666 0
      vertex -3.7156438688571174 -12.248836297372272 8.5
      vertex -4.312190123420416 -12.051764034342666 8.5
    endloop
  endfacet
  facet normal -0.3598950365349894 -0.9329927988347385 0
    outer loop
      vertex -4.898347934273149 -11.82565801614447 0
      vertex -4.312190123420416 -12.051764034342666 8.5
      vertex -4.898347934273149 -11.82565801614447 8.5
    endloop
  endfacet
  facet normal -0.2667127574748995 -0.9637760657954396 0
    outer loop
      vertex -3.7156438688571174 -12.248836297372272 0
      vertex -3.1101463027617773 -12.416400040890162 8.5
      vertex -3.7156438688571174 -12.248836297372272 8.5
    endloop
  endfacet
  facet normal -0.02454122852298929 -0.9996988186962024 -4.2762871385536893e-16
    outer loop
      vertex -0.6280662313909505 -12.784581839426206 8.5
      vertex -0.6 -12.785270826734644 3
      vertex -0.5884711682419382 -12.785553843668831 3.117054193209677
    endloop
  endfacet
  facet normal -0.02454122852288119 -0.9996988186962049 3.6787263309414057e-16
    outer loop
      vertex -0.6280662313909505 -12.784581839426206 8.5
      vertex -0.5884711682419382 -12.785553843668831 3.117054193209677
      vertex -0.5543277195067721 -12.786392018289325 3.2296100594190538
    endloop
  endfacet
  facet normal -0.02454122852292339 -0.999698818696204 -2.227511307309578e-16
    outer loop
      vertex -0.6280662313909505 -12.784581839426206 8.5
      vertex -0.5543277195067721 -12.786392018289325 3.2296100594190538
      vertex -0.4988817673815271 -12.787753140015518 3.3333421398117613
    endloop
  endfacet
  facet normal -0.024541228522914793 -0.9996988186962041 -7.844031381299379e-18
    outer loop
      vertex -0.6280662313909505 -12.784581839426206 8.5
      vertex -0.4988817673815271 -12.787753140015518 3.3333421398117613
      vertex -0.4242640687119285 -12.789584901702796 3.4242640687119286
    endloop
  endfacet
  facet normal -0.024541228522898546 -0.9996988186962046 6.449334259308869e-16
    outer loop
      vertex -0.6280662313909505 -12.784581839426206 8.5
      vertex -0.4242640687119285 -12.789584901702796 3.4242640687119286
      vertex -0.3333421398117613 -12.791816909776779 3.498881767381527
    endloop
  endfacet
  facet normal -0.024541228522925874 -0.9996988186962038 8.43137701225306e-16
    outer loop
      vertex 0 -12.799999999999999 8.5
      vertex -0.3333421398117613 -12.791816909776779 3.498881767381527
      vertex -0.22961005941905385 -12.794363389418914 3.554327719506772
    endloop
  endfacet
  facet normal -0.024541228522911088 -0.9996988186962041 1.5616484370995505e-16
    outer loop
      vertex 0 -12.799999999999999 8.5
      vertex -0.22961005941905385 -12.794363389418914 3.554327719506772
      vertex -0.11705419320967694 -12.79712648084463 3.5884711682419383
    endloop
  endfacet
  facet normal -0.024541228522904534 -0.9996988186962044 0
    outer loop
      vertex 0 -12.799999999999999 8.5
      vertex -0.11705419320967694 -12.79712648084463 3.5884711682419383
      vertex 0 -12.799999999999999 3.6
    endloop
  endfacet
  facet normal -0.2191012401568698 -0.9757021300385286 0
    outer loop
      vertex -3.1101463027617773 -12.416400040890162 0
      vertex -2.4971561218064413 -12.554051589161348 8.5
      vertex -3.1101463027617773 -12.416400040890162 8.5
    endloop
  endfacet
  facet normal -0.17096188876030197 -0.9852776423889412 0
    outer loop
      vertex -2.4971561218064413 -12.554051589161348 0
      vertex -1.8781500730286302 -12.661459327549196 8.5
      vertex -2.4971561218064413 -12.554051589161348 8.5
    endloop
  endfacet
  facet normal -0.12241067519921568 -0.9924795345987101 0
    outer loop
      vertex -1.8781500730286302 -12.661459327549196 0
      vertex -1.2546193962183756 -12.738364501404119 8.5
      vertex -1.8781500730286302 -12.661459327549196 8.5
    endloop
  endfacet
  facet normal -0.07356456359966851 -0.9972904566786902 0
    outer loop
      vertex -1.2546193962183756 -12.738364501404119 0
      vertex -0.6280662313909505 -12.784581839426206 8.5
      vertex -1.2546193962183756 -12.738364501404119 8.5
    endloop
  endfacet
  facet normal 0 0 1
    outer loop
      vertex -6.0338782313727695 -11.288592183658944 8.5
      vertex -5.4727051959076105 -11.571062951980073 8.5
      vertex -5.772978885889174 -7.0343951256009065 8.5
    endloop
  endfacet
  facet normal 0 0 1
    outer loop
      vertex -5.4727051959076105 -11.571062951980073 8.5
      vertex -4.898347934273149 -11.82565801614447 8.5
      vertex -5.055689120478379 -7.5663734719531615 8.5
    endloop
  endfacet
  facet normal 0 0 1
    outer loop
      vertex -4.898347934273149 -11.82565801614447 8.5
      vertex -4.312190123420416 -12.051764034342666 8.5
      vertex -4.678334972158318 -7.805330351002475 8.5
    endloop
  endfacet
  facet normal 0 0 1
    outer loop
      vertex -4.312190123420416 -12.051764034342666 8.5
      vertex -3.7156438688571174 -12.248836297372272 8.5
      vertex -3.8907513502155666 -8.226302567423334 8.5
    endloop
  endfacet
  facet normal 0 0 1
    outer loop
      vertex -3.7156438688571174 -12.248836297372272 8.5
      vertex -3.1101463027617773 -12.416400040890162 8.5
      vertex -3.482419234522317 -8.407303745852708 8.5
    endloop
  endfacet
  facet normal 0 0 1
    outer loop
      vertex -3.7156438688571174 -12.248836297372272 8.5
      vertex -3.482419234522317 -8.407303745852708 8.5
      vertex -3.8907513502155666 -8.226302567423334 8.5
    endloop
  endfacet
  facet normal 0 0 1
    outer loop
      vertex -3.1101463027617773 -12.416400040890162 8.5
      vertex -3.0656976658692026 -8.568050993165489 8.5
      vertex -3.482419234522317 -8.407303745852708 8.5
    endloop
  endfacet
  facet normal 0 0 1
    outer loop
      vertex -6.580515125673238 -10.97892620800348 8.5
      vertex -6.0338782313727695 -11.288592183658944 8.5
      vertex -6.434671708797583 -6.434671708797583 8.5
    endloop
  endfacet
  facet normal 0 0 1
    outer loop
      vertex -6.0338782313727695 -11.288592183658944 8.5
      vertex -6.111186489107868 -6.7426552407301275 8.5
      vertex -6.434671708797583 -6.434671708797583 8.5
    endloop
  endfacet
  facet normal 0 0 1
    outer loop
      vertex -6.0338782313727695 -11.288592183658944 8.5
      vertex -5.772978885889174 -7.0343951256009065 8.5
      vertex -6.111186489107868 -6.7426552407301275 8.5
    endloop
  endfacet
  facet normal 0 0 1
    outer loop
      vertex -5.4727051959076105 -11.571062951980073 8.5
      vertex -5.055689120478379 -7.5663734719531615 8.5
      vertex -5.420863670881143 -7.309188536473869 8.5
    endloop
  endfacet
  facet normal 0 0 1
    outer loop
      vertex -4.898347934273149 -11.82565801614447 8.5
      vertex -4.678334972158318 -7.805330351002475 8.5
      vertex -5.055689120478379 -7.5663734719531615 8.5
    endloop
  endfacet
  facet normal 0 0 1
    outer loop
      vertex -5.4727051959076105 -11.571062951980073 8.5
      vertex -5.420863670881143 -7.309188536473869 8.5
      vertex -5.772978885889174 -7.0343951256009065 8.5
    endloop
  endfacet
  facet normal 0 0 1
    outer loop
      vertex -4.312190123420416 -12.051764034342666 8.5
      vertex -4.289710305116579 -8.02548350557003 8.5
      vertex -4.678334972158318 -7.805330351002475 8.5
    endloop
  endfacet
  facet normal 0 0 1
    outer loop
      vertex -4.312190123420416 -12.051764034342666 8.5
      vertex -3.8907513502155666 -8.226302567423334 8.5
      vertex -4.289710305116579 -8.02548350557003 8.5
    endloop
  endfacet
  facet normal -0.024541228522911476 -0.9996988186962044 -1.1718905456648692e-16
    outer loop
      vertex -0.6280662313909505 -12.784581839426206 8.5
      vertex -0.3333421398117613 -12.791816909776779 3.498881767381527
      vertex 0 -12.799999999999999 8.5
    endloop
  endfacet
  facet normal 0 0 1
    outer loop
      vertex -3.1101463027617773 -12.416400040890162 8.5
      vertex -2.4971561218064413 -12.554051589161348 8.5
      vertex -2.641590563015607 -8.7081570551631 8.5
    endloop
  endfacet
  facet normal 0 0 1
    outer loop
      vertex -2.4971561218064413 -12.554051589161348 8.5
      vertex -1.8781500730286302 -12.661459327549196 8.5
      vertex -2.211119637119701 -8.82728440407035 8.5
    endloop
  endfacet
  facet normal 0 0 1
    outer loop
      vertex -1.8781500730286302 -12.661459327549196 8.5
      vertex -1.2546193962183756 -12.738364501404119 8.5
      vertex -1.7753219303467669 -8.925146051669397 8.5
    endloop
  endfacet
  facet normal 0 0 1
    outer loop
      vertex -3.1101463027617773 -12.416400040890162 8.5
      vertex -2.641590563015607 -8.7081570551631 8.5
      vertex -3.0656976658692026 -8.568050993165489 8.5
    endloop
  endfacet
  facet normal 0 0 1
    outer loop
      vertex -2.4971561218064413 -12.554051589161348 8.5
      vertex -2.211119637119701 -8.82728440407035 8.5
      vertex -2.641590563015607 -8.7081570551631 8.5
    endloop
  endfacet
  facet normal 0 0 1
    outer loop
      vertex -1.8781500730286302 -12.661459327549196 8.5
      vertex -1.7753219303467669 -8.925146051669397 8.5
      vertex -2.211119637119701 -8.82728440407035 8.5
    endloop
  endfacet
  facet normal 0 0 1
    outer loop
      vertex -1.2546193962183756 -12.738364501404119 8.5
      vertex -0.6280662313909505 -12.784581839426206 8.5
      vertex -0.8919559769990014 -9.056181012716992 8.5
    endloop
  endfacet
  facet normal 0 0 1
    outer loop
      vertex -0.6280662313909505 -12.784581839426206 8.5
      vertex 0 -12.799999999999999 8.5
      vertex -0.4465158363795039 -9.08903865146707 8.5
    endloop
  endfacet
  facet normal 0 0 1
    outer loop
      vertex -1.2546193962183756 -12.738364501404119 8.5
      vertex -1.3352473175437918 -9.001506240679507 8.5
      vertex -1.7753219303467669 -8.925146051669397 8.5
    endloop
  endfacet
  facet normal 0 0 1
    outer loop
      vertex -1.2546193962183756 -12.738364501404119 8.5
      vertex -0.8919559769990014 -9.056181012716992 8.5
      vertex -1.3352473175437918 -9.001506240679507 8.5
    endloop
  endfacet
  facet normal 0 0 1
    outer loop
      vertex -0.6280662313909505 -12.784581839426206 8.5
      vertex -0.4465158363795039 -9.08903865146707 8.5
      vertex -0.8919559769990014 -9.056181012716992 8.5
    endloop
  endfacet
  facet normal 0 0 1
    outer loop
      vertex 0 -12.799999999999999 8.5
      vertex 0 -9.1 8.5
      vertex -0.4465158363795039 -9.08903865146707 8.5
    endloop
  endfacet
  facet normal 0 0 -1
    outer loop
      vertex -12.784581839426206 -0.6280662313909505 0
      vertex -12.799999999999999 0 0
      vertex -12.784581839426206 0.6280662313909505 0
    endloop
  endfacet
  facet normal 0 0 -1
    outer loop
      vertex -12.784581839426206 -0.6280662313909505 0
      vertex -12.784581839426206 0.6280662313909505 0
      vertex -12.738364501404119 1.2546193962183756 0
    endloop
  endfacet
  facet normal 0 0 -1
    outer loop
      vertex -12.738364501404119 -1.2546193962183756 0
      vertex -12.738364501404119 1.2546193962183756 0
      vertex -12.661459327549196 1.8781500730286302 0
    endloop
  endfacet
  facet normal 0 0 -1
    outer loop
      vertex -12.661459327549196 -1.8781500730286302 0
      vertex -12.661459327549196 1.8781500730286302 0
      vertex -12.554051589161348 2.4971561218064413 0
    endloop
  endfacet
  facet normal 0 0 -1
    outer loop
      vertex -12.554051589161348 -2.4971561218064413 0
      vertex -12.554051589161348 2.4971561218064413 0
      vertex -12.416400040890162 3.1101463027617773 0
    endloop
  endfacet
  facet normal 0 0 -1
    outer loop
      vertex -12.416400040890162 -3.1101463027617773 0
      vertex -12.416400040890162 3.1101463027617773 0
      vertex -12.248836297372272 3.7156438688571174 0
    endloop
  endfacet
  facet normal 0 0 -1
    outer loop
      vertex -12.248836297372272 -3.7156438688571174 0
      vertex -12.248836297372272 3.7156438688571174 0
      vertex -12.051764034342666 4.312190123420416 0
    endloop
  endfacet
  facet normal 0 0 -1
    outer loop
      vertex -12.051764034342666 -4.312190123420416 0
      vertex -12.051764034342666 4.312190123420416 0
      vertex -11.82565801614447 4.898347934273149 0
    endloop
  endfacet
  facet normal 0 0 -1
    outer loop
      vertex -11.82565801614447 -4.898347934273149 0
      vertex -11.82565801614447 4.898347934273149 0
      vertex -11.571062951980073 5.4727051959076105 0
    endloop
  endfacet
  facet normal 0 0 -1
    outer loop
      vertex -11.571062951980073 -5.4727051959076105 0
      vertex -11.571062951980073 5.4727051959076105 0
      vertex -11.288592183658944 6.0338782313727695 0
    endloop
  endfacet
  facet normal 0 0 -1
    outer loop
      vertex -11.288592183658944 -6.0338782313727695 0
      vertex -11.288592183658944 6.0338782313727695 0
      vertex -10.97892620800348 6.580515125673238 0
    endloop
  endfacet
  facet normal 0 0 -1
    outer loop
      vertex -10.97892620800348 -6.580515125673238 0
      vertex -10.97892620800348 6.580515125673238 0
      vertex -10.642811037472578 7.111298982650907 0
    endloop
  endfacet
  facet normal 0 0 -1
    outer loop
      vertex -10.642811037472578 -7.111298982650907 0
      vertex -10.642811037472578 7.111298982650907 0
      vertex -10.281056402952254 7.624951097503146 0
    endloop
  endfacet
  facet normal 0 0 -1
    outer loop
      vertex -10.281056402952254 -7.624951097503146 0
      vertex -10.281056402952254 7.624951097503146 0
      vertex -9.894533803043032 8.120234037294662 0
    endloop
  endfacet
  facet normal 0 0 -1
    outer loop
      vertex -9.894533803043032 -8.120234037294662 0
      vertex -9.894533803043032 8.120234037294662 0
      vertex -9.484174404543475 8.595954622041836 0
    endloop
  endfacet
  facet normal 0 0 -1
    outer loop
      vertex -9.484174404543475 -8.595954622041836 0
      vertex -9.050966799187808 9.050966799187808 0
      vertex -9.1 0 0
    endloop
  endfacet
  facet normal 0 0 -1
    outer loop
      vertex -9.484174404543475 -8.595954622041836 0
      vertex -9.484174404543475 8.595954622041836 0
      vertex -9.050966799187808 9.050966799187808 0
    endloop
  endfacet
  facet normal 0 0 -1
    outer loop
      vertex -9.050966799187808 9.050966799187808 0
      vertex -9.08903865146707 0.4465158363795039 0
      vertex -9.1 0 0
    endloop
  endfacet
  facet normal 0 0 -1
    outer loop
      vertex -9.050966799187808 9.050966799187808 0
      vertex -9.056181012716992 0.8919559769990014 0
      vertex -9.08903865146707 0.4465158363795039 0
    endloop
  endfacet
  facet normal 0 0 -1
    outer loop
      vertex -9.050966799187808 9.050966799187808 0
      vertex -9.001506240679507 1.3352473175437918 0
      vertex -9.056181012716992 0.8919559769990014 0
    endloop
  endfacet
  facet normal 0 0 -1
    outer loop
      vertex -9.050966799187808 9.050966799187808 0
      vertex -8.925146051669397 1.7753219303467669 0
      vertex -9.001506240679507 1.3352473175437918 0
    endloop
  endfacet
  facet normal 0 0 -1
    outer loop
      vertex -9.050966799187808 9.050966799187808 0
      vertex -8.82728440407035 2.211119637119701 0
      vertex -8.925146051669397 1.7753219303467669 0
    endloop
  endfacet
  facet normal 0 0 -1
    outer loop
      vertex -8.595954622041836 9.484174404543475 0
      vertex -8.7081570551631 2.641590563015607 0
      vertex -8.82728440407035 2.211119637119701 0
    endloop
  endfacet
  facet normal 0 0 -1
    outer loop
      vertex -8.595954622041836 9.484174404543475 0
      vertex -8.568050993165489 3.0656976658692026 0
      vertex -8.7081570551631 2.641590563015607 0
    endloop
  endfacet
  facet normal 0 0 -1
    outer loop
      vertex -8.595954622041836 9.484174404543475 0
      vertex -8.407303745852708 3.482419234522317 0
      vertex -8.568050993165489 3.0656976658692026 0
    endloop
  endfacet
  facet normal 0 0 -1
    outer loop
      vertex -8.120234037294662 9.894533803043032 0
      vertex -8.226302567423334 3.8907513502155666 0
      vertex -8.407303745852708 3.482419234522317 0
    endloop
  endfacet
  facet normal 0 0 -1
    outer loop
      vertex -8.120234037294662 9.894533803043032 0
      vertex -8.02548350557003 4.289710305116579 0
      vertex -8.226302567423334 3.8907513502155666 0
    endloop
  endfacet
  facet normal 0 0 -1
    outer loop
      vertex -8.120234037294662 9.894533803043032 0
      vertex -7.805330351002475 4.678334972158318 0
      vertex -8.02548350557003 4.289710305116579 0
    endloop
  endfacet
  facet normal -0.9996988186962042 0.024541228522911473 -3.3344478636415296e-20
    outer loop
      vertex -12.799999999999999 0 0
      vertex -12.784581839426206 0.6280662313909505 8.5
      vertex -12.784581839426206 0.6280662313909505 0
    endloop
  endfacet
  facet normal -0.9972904566786902 0.07356456359966851 -5.604242918561942e-20
    outer loop
      vertex -12.784581839426206 0.6280662313909505 0
      vertex -12.738364501404119 1.2546193962183756 8.5
      vertex -12.738364501404119 1.2546193962183756 0
    endloop
  endfacet
  facet normal -0.9924795345987101 0.12241067519921568 1.121135818381642e-19
    outer loop
      vertex -12.738364501404119 1.2546193962183756 0
      vertex -12.661459327549196 1.8781500730286302 8.5
      vertex -12.661459327549196 1.8781500730286302 0
    endloop
  endfacet
  facet normal -0.9852776423889412 0.17096188876030197 1.001400764923698e-18
    outer loop
      vertex -12.661459327549196 1.8781500730286302 0
      vertex -12.554051589161348 2.4971561218064413 8.5
      vertex -12.554051589161348 2.4971561218064413 0
    endloop
  endfacet
  facet normal -0.9757021300385286 0.2191012401568698 3.2008749601030137e-19
    outer loop
      vertex -12.554051589161348 2.4971561218064413 0
      vertex -12.416400040890162 3.1101463027617773 8.5
      vertex -12.416400040890162 3.1101463027617773 0
    endloop
  endfacet
  facet normal -0.9637760657954396 0.2667127574748995 -6.024788808213726e-19
    outer loop
      vertex -12.416400040890162 3.1101463027617773 0
      vertex -12.248836297372272 3.7156438688571174 8.5
      vertex -12.248836297372272 3.7156438688571174 0
    endloop
  endfacet
  facet normal -0.9495281805930377 0.31368174039888846 1.1065753975373391e-18
    outer loop
      vertex -12.248836297372272 3.7156438688571174 0
      vertex -12.051764034342666 4.312190123420416 8.5
      vertex -12.051764034342666 4.312190123420416 0
    endloop
  endfacet
  facet normal -0.9329927988347385 0.3598950365349894 2.492713509317548e-18
    outer loop
      vertex -12.051764034342666 4.312190123420416 0
      vertex -11.82565801614447 4.898347934273149 8.5
      vertex -11.82565801614447 4.898347934273149 0
    endloop
  endfacet
  facet normal -0.9142097557035301 0.40524131400499097 -1.3904283176324374e-18
    outer loop
      vertex -11.82565801614447 4.898347934273149 0
      vertex -11.571062951980073 5.4727051959076105 8.5
      vertex -11.571062951980073 5.4727051959076105 0
    endloop
  endfacet
  facet normal -0.8932243011955158 0.4496113296546055 1.386575287655787e-18
    outer loop
      vertex -11.571062951980073 5.4727051959076105 0
      vertex -11.288592183658944 6.0338782313727695 8.5
      vertex -11.288592183658944 6.0338782313727695 0
    endloop
  endfacet
  facet normal -0.870086991108711 0.492898192229785 -1.7225076997560722e-18
    outer loop
      vertex -11.288592183658944 6.0338782313727695 0
      vertex -10.97892620800348 6.580515125673238 8.5
      vertex -10.97892620800348 6.580515125673238 0
    endloop
  endfacet
  facet normal 0 0 -1
    outer loop
      vertex -9.050966799187808 9.050966799187808 0
      vertex -8.595954622041836 9.484174404543475 0
      vertex -8.82728440407035 2.211119637119701 0
    endloop
  endfacet
  facet normal 0 0 -1
    outer loop
      vertex -8.595954622041836 9.484174404543475 0
      vertex -8.120234037294662 9.894533803043032 0
      vertex -8.407303745852708 3.482419234522317 0
    endloop
  endfacet
  facet normal -0.6895405447370665 0.7242470829514673 -1.095487368420199e-17
    outer loop
      vertex -9.050966799187808 9.050966799187808 0
      vertex -8.595954622041836 9.484174404543475 2
      vertex -8.595954622041836 9.484174404543475 0
    endloop
  endfacet
  facet normal 0 0 -1
    outer loop
      vertex -7.624951097503146 10.281056402952254 0
      vertex -7.5663734719531615 5.055689120478379 0
      vertex -7.805330351002475 4.678334972158318 0
    endloop
  endfacet
  facet normal 0 0 -1
    outer loop
      vertex -7.624951097503146 10.281056402952254 0
      vertex -7.309188536473869 5.420863670881143 0
      vertex -7.5663734719531615 5.055689120478379 0
    endloop
  endfacet
  facet normal 0 0 -1
    outer loop
      vertex -7.111298982650907 10.642811037472578 0
      vertex -7.0343951256009065 5.772978885889174 0
      vertex -7.309188536473869 5.420863670881143 0
    endloop
  endfacet
  facet normal 0 0 -1
    outer loop
      vertex -7.111298982650907 10.642811037472578 0
      vertex -6.7426552407301275 6.111186489107868 0
      vertex -7.0343951256009065 5.772978885889174 0
    endloop
  endfacet
  facet normal 0 0 -1
    outer loop
      vertex -6.580515125673238 10.97892620800348 0
      vertex -6.434671708797583 6.434671708797583 0
      vertex -6.7426552407301275 6.111186489107868 0
    endloop
  endfacet
  facet normal 0 0 -1
    outer loop
      vertex -8.120234037294662 9.894533803043032 0
      vertex -7.624951097503146 10.281056402952254 0
      vertex -7.805330351002475 4.678334972158318 0
    endloop
  endfacet
  facet normal 0 0 -1
    outer loop
      vertex -7.624951097503146 10.281056402952254 0
      vertex -7.111298982650907 10.642811037472578 0
      vertex -7.309188536473869 5.420863670881143 0
    endloop
  endfacet
  facet normal 0 0 -1
    outer loop
      vertex -7.111298982650907 10.642811037472578 0
      vertex -6.580515125673238 10.97892620800348 0
      vertex -6.7426552407301275 6.111186489107868 0
    endloop
  endfacet
  facet normal -0.6895405447370649 0.7242470829514686 -6.152885227802534e-16
    outer loop
      vertex -9.050966799187808 9.050966799187808 0
      vertex -8.789399048570518 9.299999999999999 2
      vertex -8.595954622041836 9.484174404543475 2
    endloop
  endfacet
  facet normal -0.6531728429537759 0.7572088465064853 9.44197401138265e-18
    outer loop
      vertex -8.595954622041836 9.484174404543475 0
      vertex -8.120234037294662 9.894533803043032 2
      vertex -8.120234037294662 9.894533803043032 0
    endloop
  endfacet
  facet normal -0.6152315905806274 0.7883464276266058 -3.2162403003457627e-18
    outer loop
      vertex -8.120234037294662 9.894533803043032 0
      vertex -7.624951097503146 10.281056402952254 2
      vertex -7.624951097503146 10.281056402952254 0
    endloop
  endfacet
  facet normal -0.5758081914178441 0.8175848131515846 -1.0490904539092429e-17
    outer loop
      vertex -7.624951097503146 10.281056402952254 0
      vertex -7.111298982650907 10.642811037472578 2
      vertex -7.111298982650907 10.642811037472578 0
    endloop
  endfacet
  facet normal -0.5349976198870975 0.844853565249707 -5.616701986178247e-18
    outer loop
      vertex -7.111298982650907 10.642811037472578 0
      vertex -6.580515125673238 10.97892620800348 2
      vertex -6.580515125673238 10.97892620800348 0
    endloop
  endfacet
  facet normal -0.6531728429537759 0.7572088465064853 0
    outer loop
      vertex -8.595954622041836 9.484174404543475 0
      vertex -8.595954622041836 9.484174404543475 2
      vertex -8.120234037294662 9.894533803043032 2
    endloop
  endfacet
  facet normal -0.6152315905806274 0.7883464276266058 0
    outer loop
      vertex -8.120234037294662 9.894533803043032 0
      vertex -8.120234037294662 9.894533803043032 2
      vertex -7.624951097503146 10.281056402952254 2
    endloop
  endfacet
  facet normal -0.5758081914178441 0.8175848131515846 0
    outer loop
      vertex -7.624951097503146 10.281056402952254 0
      vertex -7.624951097503146 10.281056402952254 2
      vertex -7.111298982650907 10.642811037472578 2
    endloop
  endfacet
  facet normal -0.5349976198870975 0.844853565249707 0
    outer loop
      vertex -7.111298982650907 10.642811037472578 0
      vertex -7.111298982650907 10.642811037472578 2
      vertex -6.580515125673238 10.97892620800348 2
    endloop
  endfacet
  facet normal -0.8448535652497069 0.5349976198870974 -1.3215769379242933e-18
    outer loop
      vertex -10.97892620800348 6.580515125673238 0
      vertex -10.642811037472578 7.111298982650907 8.5
      vertex -10.642811037472578 7.111298982650907 0
    endloop
  endfacet
  facet normal -0.8175848131515845 0.5758081914178441 -2.468448126845277e-18
    outer loop
      vertex -10.642811037472578 7.111298982650907 0
      vertex -10.281056402952254 7.624951097503146 8.5
      vertex -10.281056402952254 7.624951097503146 0
    endloop
  endfacet
  facet normal -0.7883464276266058 0.6152315905806274 -7.567624236107677e-19
    outer loop
      vertex -10.281056402952254 7.624951097503146 0
      vertex -9.894533803043032 8.120234037294662 8.5
      vertex -9.894533803043032 8.120234037294662 0
    endloop
  endfacet
  facet normal -0.7572088465064852 0.6531728429537758 2.221640943854741e-18
    outer loop
      vertex -9.894533803043032 8.120234037294662 0
      vertex -9.484174404543475 8.595954622041836 8.5
      vertex -9.484174404543475 8.595954622041836 0
    endloop
  endfacet
  facet normal -0.7242470829514673 0.6895405447370665 -2.5776173374592915e-18
    outer loop
      vertex -9.484174404543475 8.595954622041836 0
      vertex -9.050966799187808 9.050966799187808 8.5
      vertex -9.050966799187808 9.050966799187808 0
    endloop
  endfacet
  facet normal -0.6895405447370675 0.7242470829514663 0
    outer loop
      vertex -9.050966799187808 9.050966799187808 0
      vertex -9.050966799187808 9.050966799187808 8.5
      vertex -8.789399048570518 9.299999999999999 2
    endloop
  endfacet
  facet normal 0 0 -1
    outer loop
      vertex -6.0338782313727695 11.288592183658944 0
      vertex -6.111186489107868 6.7426552407301275 0
      vertex -6.434671708797583 6.434671708797583 0
    endloop
  endfacet
  facet normal 0 0 -1
    outer loop
      vertex -6.0338782313727695 11.288592183658944 0
      vertex -5.772978885889174 7.0343951256009065 0
      vertex -6.111186489107868 6.7426552407301275 0
    endloop
  endfacet
  facet normal 0 0 -1
    outer loop
      vertex -6.580515125673238 10.97892620800348 0
      vertex -6.0338782313727695 11.288592183658944 0
      vertex -6.434671708797583 6.434671708797583 0
    endloop
  endfacet
  facet normal 0 0 -1
    outer loop
      vertex -5.4727051959076105 11.571062951980073 0
      vertex -5.420863670881143 7.309188536473869 0
      vertex -5.772978885889174 7.0343951256009065 0
    endloop
  endfacet
  facet normal 0 0 -1
    outer loop
      vertex -5.4727051959076105 11.571062951980073 0
      vertex -5.055689120478379 7.5663734719531615 0
      vertex -5.420863670881143 7.309188536473869 0
    endloop
  endfacet
  facet normal 0 0 -1
    outer loop
      vertex -4.898347934273149 11.82565801614447 0
      vertex -4.678334972158318 7.805330351002475 0
      vertex -5.055689120478379 7.5663734719531615 0
    endloop
  endfacet
  facet normal 0 0 -1
    outer loop
      vertex -4.312190123420416 12.051764034342666 0
      vertex -4.289710305116579 8.02548350557003 0
      vertex -4.678334972158318 7.805330351002475 0
    endloop
  endfacet
  facet normal 0 0 -1
    outer loop
      vertex -4.312190123420416 12.051764034342666 0
      vertex -3.8907513502155666 8.226302567423334 0
      vertex -4.289710305116579 8.02548350557003 0
    endloop
  endfacet
  facet normal 0 0 -1
    outer loop
      vertex -6.0338782313727695 11.288592183658944 0
      vertex -5.4727051959076105 11.571062951980073 0
      vertex -5.772978885889174 7.0343951256009065 0
    endloop
  endfacet
  facet normal 0 0 -1
    outer loop
      vertex -5.4727051959076105 11.571062951980073 0
      vertex -4.898347934273149 11.82565801614447 0
      vertex -5.055689120478379 7.5663734719531615 0
    endloop
  endfacet
  facet normal -0.492898192229785 0.8700869911087109 -7.320657723963307e-18
    outer loop
      vertex -6.580515125673238 10.97892620800348 0
      vertex -6.0338782313727695 11.288592183658944 2
      vertex -6.0338782313727695 11.288592183658944 0
    endloop
  endfacet
  facet normal -0.4496113296546056 0.8932243011955159 5.892944972537096e-18
    outer loop
      vertex -6.0338782313727695 11.288592183658944 0
      vertex -5.4727051959076105 11.571062951980073 2
      vertex -5.4727051959076105 11.571062951980073 0
    endloop
  endfacet
  facet normal -0.4052413140049909 0.9142097557035301 -5.909320349937858e-18
    outer loop
      vertex -5.4727051959076105 11.571062951980073 0
      vertex -4.898347934273149 11.82565801614447 2
      vertex -4.898347934273149 11.82565801614447 0
    endloop
  endfacet
  facet normal 0 0 -1
    outer loop
      vertex -4.898347934273149 11.82565801614447 0
      vertex -4.312190123420416 12.051764034342666 0
      vertex -4.678334972158318 7.805330351002475 0
    endloop
  endfacet
  facet normal 0 0 -1
    outer loop
      vertex -3.7156438688571174 12.248836297372272 0
      vertex -3.482419234522317 8.407303745852708 0
      vertex -3.8907513502155666 8.226302567423334 0
    endloop
  endfacet
  facet normal 0 0 -1
    outer loop
      vertex -3.1101463027617773 12.416400040890162 0
      vertex -3.0656976658692026 8.568050993165489 0
      vertex -3.482419234522317 8.407303745852708 0
    endloop
  endfacet
  facet normal 0 0 -1
    outer loop
      vertex -4.312190123420416 12.051764034342666 0
      vertex -3.7156438688571174 12.248836297372272 0
      vertex -3.8907513502155666 8.226302567423334 0
    endloop
  endfacet
  facet normal 0 0 -1
    outer loop
      vertex -3.7156438688571174 12.248836297372272 0
      vertex -3.1101463027617773 12.416400040890162 0
      vertex -3.482419234522317 8.407303745852708 0
    endloop
  endfacet
  facet normal -0.3598950365349894 0.9329927988347384 1.0594032414599577e-17
    outer loop
      vertex -4.898347934273149 11.82565801614447 0
      vertex -4.312190123420416 12.051764034342666 2
      vertex -4.312190123420416 12.051764034342666 0
    endloop
  endfacet
  facet normal -0.3136817403988884 0.9495281805930377 4.7029454395336914e-18
    outer loop
      vertex -4.312190123420416 12.051764034342666 0
      vertex -3.7156438688571174 12.248836297372272 2
      vertex -3.7156438688571174 12.248836297372272 0
    endloop
  endfacet
  facet normal -0.2667127574748995 0.9637760657954395 -2.5605352434908337e-18
    outer loop
      vertex -3.7156438688571174 12.248836297372272 0
      vertex -3.1101463027617773 12.416400040890162 2
      vertex -3.1101463027617773 12.416400040890162 0
    endloop
  endfacet
  facet normal -0.492898192229785 0.8700869911087109 0
    outer loop
      vertex -6.580515125673238 10.97892620800348 0
      vertex -6.580515125673238 10.97892620800348 2
      vertex -6.0338782313727695 11.288592183658944 2
    endloop
  endfacet
  facet normal -0.4496113296546056 0.8932243011955159 0
    outer loop
      vertex -6.0338782313727695 11.288592183658944 0
      vertex -6.0338782313727695 11.288592183658944 2
      vertex -5.4727051959076105 11.571062951980073 2
    endloop
  endfacet
  facet normal -0.4052413140049909 0.9142097557035301 0
    outer loop
      vertex -5.4727051959076105 11.571062951980073 0
      vertex -5.4727051959076105 11.571062951980073 2
      vertex -4.898347934273149 11.82565801614447 2
    endloop
  endfacet
  facet normal -0.3598950365349894 0.9329927988347384 0
    outer loop
      vertex -4.898347934273149 11.82565801614447 0
      vertex -4.898347934273149 11.82565801614447 2
      vertex -4.312190123420416 12.051764034342666 2
    endloop
  endfacet
  facet normal -0.3136817403988884 0.9495281805930377 0
    outer loop
      vertex -4.312190123420416 12.051764034342666 0
      vertex -4.312190123420416 12.051764034342666 2
      vertex -3.7156438688571174 12.248836297372272 2
    endloop
  endfacet
  facet normal -0.2667127574748995 0.9637760657954395 0
    outer loop
      vertex -3.7156438688571174 12.248836297372272 0
      vertex -3.7156438688571174 12.248836297372272 2
      vertex -3.1101463027617773 12.416400040890162 2
    endloop
  endfacet
  facet normal 0 0 -1
    outer loop
      vertex -3.1101463027617773 12.416400040890162 0
      vertex -2.641590563015607 8.7081570551631 0
      vertex -3.0656976658692026 8.568050993165489 0
    endloop
  endfacet
  facet normal 0 0 -1
    outer loop
      vertex -2.4971561218064413 12.554051589161348 0
      vertex -2.211119637119701 8.82728440407035 0
      vertex -2.641590563015607 8.7081570551631 0
    endloop
  endfacet
  facet normal 0 0 -1
    outer loop
      vertex -1.8781500730286302 12.661459327549196 0
      vertex -1.7753219303467669 8.925146051669397 0
      vertex -2.211119637119701 8.82728440407035 0
    endloop
  endfacet
  facet normal 0 0 -1
    outer loop
      vertex -3.1101463027617773 12.416400040890162 0
      vertex -2.4971561218064413 12.554051589161348 0
      vertex -2.641590563015607 8.7081570551631 0
    endloop
  endfacet
  facet normal 0 0 -1
    outer loop
      vertex -2.4971561218064413 12.554051589161348 0
      vertex -1.8781500730286302 12.661459327549196 0
      vertex -2.211119637119701 8.82728440407035 0
    endloop
  endfacet
  facet normal 0 0 -1
    outer loop
      vertex -1.8781500730286302 12.661459327549196 0
      vertex -1.2546193962183756 12.738364501404119 0
      vertex -1.7753219303467669 8.925146051669397 0
    endloop
  endfacet
  facet normal -0.2191012401568698 0.9757021300385286 1.3603718580437807e-18
    outer loop
      vertex -3.1101463027617773 12.416400040890162 0
      vertex -2.4971561218064413 12.554051589161348 2
      vertex -2.4971561218064413 12.554051589161348 0
    endloop
  endfacet
  facet normal -0.17096188876030197 0.9852776423889412 4.255953250925717e-18
    outer loop
      vertex -2.4971561218064413 12.554051589161348 0
      vertex -1.8781500730286302 12.661459327549196 2
      vertex -1.8781500730286302 12.661459327549196 0
    endloop
  endfacet
  facet normal 0 0 -1
    outer loop
      vertex -1.2546193962183756 12.738364501404119 0
      vertex -1.3352473175437918 9.001506240679507 0
      vertex -1.7753219303467669 8.925146051669397 0
    endloop
  endfacet
  facet normal 0 0 -1
    outer loop
      vertex -1.2546193962183756 12.738364501404119 0
      vertex -0.8919559769990014 9.056181012716992 0
      vertex -1.3352473175437918 9.001506240679507 0
    endloop
  endfacet
  facet normal 0 0 -1
    outer loop
      vertex -0.6280662313909505 12.784581839426206 0
      vertex -0.4465158363795039 9.08903865146707 0
      vertex -0.8919559769990014 9.056181012716992 0
    endloop
  endfacet
  facet normal 0 0 -1
    outer loop
      vertex 0 12.799999999999999 0
      vertex 0 9.1 0
      vertex -0.4465158363795039 9.08903865146707 0
    endloop
  endfacet
  facet normal 0 0 -1
    outer loop
      vertex -1.2546193962183756 12.738364501404119 0
      vertex -0.6280662313909505 12.784581839426206 0
      vertex -0.8919559769990014 9.056181012716992 0
    endloop
  endfacet
  facet normal 0 0 -1
    outer loop
      vertex -0.6280662313909505 12.784581839426206 0
      vertex 0 12.799999999999999 0
      vertex -0.4465158363795039 9.08903865146707 0
    endloop
  endfacet
  facet normal -0.12241067519921568 0.9924795345987101 4.764827228121979e-19
    outer loop
      vertex -1.8781500730286302 12.661459327549196 0
      vertex -1.2546193962183756 12.738364501404119 2
      vertex -1.2546193962183756 12.738364501404119 0
    endloop
  endfacet
  facet normal -0.07356456359966851 0.9972904566786901 0
    outer loop
      vertex -1.2546193962183756 12.738364501404119 0
      vertex -1.2546193962183756 12.738364501404119 2
      vertex -0.6280662313909505 12.784581839426206 0
    endloop
  endfacet
  facet normal -0.024541228522911476 0.9996988186962042 -1.4171403420476502e-19
    outer loop
      vertex -0.6280662313909505 12.784581839426206 0
      vertex 0 12.799999999999999 2
      vertex 0 12.799999999999999 0
    endloop
  endfacet
  facet normal -0.2191012401568698 0.9757021300385286 0
    outer loop
      vertex -3.1101463027617773 12.416400040890162 0
      vertex -3.1101463027617773 12.416400040890162 2
      vertex -2.4971561218064413 12.554051589161348 2
    endloop
  endfacet
  facet normal -0.17096188876030197 0.9852776423889412 0
    outer loop
      vertex -2.4971561218064413 12.554051589161348 0
      vertex -2.4971561218064413 12.554051589161348 2
      vertex -1.8781500730286302 12.661459327549196 2
    endloop
  endfacet
  facet normal -0.12241067519921568 0.9924795345987101 0
    outer loop
      vertex -1.8781500730286302 12.661459327549196 0
      vertex -1.8781500730286302 12.661459327549196 2
      vertex -1.2546193962183756 12.738364501404119 2
    endloop
  endfacet
  facet normal -0.07356456359966851 0.9972904566786901 0
    outer loop
      vertex -0.6280662313909505 12.784581839426206 0
      vertex -1.2546193962183756 12.738364501404119 2
      vertex -0.6280662313909505 12.784581839426206 2
    endloop
  endfacet
  facet normal -0.024541228522911476 0.9996988186962042 0
    outer loop
      vertex -0.6280662313909505 12.784581839426206 0
      vertex -0.6280662313909505 12.784581839426206 2
      vertex 0 12.799999999999999 2
    endloop
  endfacet
  facet normal -0.9996988186962042 0.024541228522911473 0
    outer loop
      vertex -12.799999999999999 0 0
      vertex -12.799999999999999 0 8.5
      vertex -12.784581839426206 0.6280662313909505 8.5
    endloop
  endfacet
  facet normal -0.9972904566786902 0.07356456359966851 0
    outer loop
      vertex -12.784581839426206 0.6280662313909505 0
      vertex -12.784581839426206 0.6280662313909505 8.5
      vertex -12.738364501404119 1.2546193962183756 8.5
    endloop
  endfacet
  facet normal -0.9924795345987101 0.12241067519921568 0
    outer loop
      vertex -12.738364501404119 1.2546193962183756 0
      vertex -12.738364501404119 1.2546193962183756 8.5
      vertex -12.661459327549196 1.8781500730286302 8.5
    endloop
  endfacet
  facet normal -0.9852776423889412 0.17096188876030197 0
    outer loop
      vertex -12.661459327549196 1.8781500730286302 0
      vertex -12.661459327549196 1.8781500730286302 8.5
      vertex -12.554051589161348 2.4971561218064413 8.5
    endloop
  endfacet
  facet normal -0.9757021300385286 0.2191012401568698 0
    outer loop
      vertex -12.554051589161348 2.4971561218064413 0
      vertex -12.554051589161348 2.4971561218064413 8.5
      vertex -12.416400040890162 3.1101463027617773 8.5
    endloop
  endfacet
  facet normal -0.9637760657954396 0.2667127574748995 0
    outer loop
      vertex -12.416400040890162 3.1101463027617773 0
      vertex -12.416400040890162 3.1101463027617773 8.5
      vertex -12.248836297372272 3.7156438688571174 8.5
    endloop
  endfacet
  facet normal -0.9495281805930377 0.31368174039888846 0
    outer loop
      vertex -12.248836297372272 3.7156438688571174 0
      vertex -12.248836297372272 3.7156438688571174 8.5
      vertex -12.051764034342666 4.312190123420416 8.5
    endloop
  endfacet
  facet normal -0.9329927988347385 0.3598950365349894 0
    outer loop
      vertex -12.051764034342666 4.312190123420416 0
      vertex -12.051764034342666 4.312190123420416 8.5
      vertex -11.82565801614447 4.898347934273149 8.5
    endloop
  endfacet
  facet normal -0.9142097557035301 0.40524131400499097 0
    outer loop
      vertex -11.82565801614447 4.898347934273149 0
      vertex -11.82565801614447 4.898347934273149 8.5
      vertex -11.571062951980073 5.4727051959076105 8.5
    endloop
  endfacet
  facet normal -0.8932243011955158 0.4496113296546055 0
    outer loop
      vertex -11.571062951980073 5.4727051959076105 0
      vertex -11.571062951980073 5.4727051959076105 8.5
      vertex -11.288592183658944 6.0338782313727695 8.5
    endloop
  endfacet
  facet normal -0.870086991108711 0.492898192229785 0
    outer loop
      vertex -11.288592183658944 6.0338782313727695 0
      vertex -11.288592183658944 6.0338782313727695 8.5
      vertex -10.97892620800348 6.580515125673238 8.5
    endloop
  endfacet
  facet normal 0 0 1
    outer loop
      vertex -12.784581839426206 -0.6280662313909505 8.5
      vertex -12.784581839426206 0.6280662313909505 8.5
      vertex -12.799999999999999 0 8.5
    endloop
  endfacet
  facet normal 0 0 1
    outer loop
      vertex -12.738364501404119 -1.2546193962183756 8.5
      vertex -12.738364501404119 1.2546193962183756 8.5
      vertex -12.784581839426206 0.6280662313909505 8.5
    endloop
  endfacet
  facet normal 0 0 1
    outer loop
      vertex -12.661459327549196 -1.8781500730286302 8.5
      vertex -12.661459327549196 1.8781500730286302 8.5
      vertex -12.738364501404119 1.2546193962183756 8.5
    endloop
  endfacet
  facet normal 0 0 1
    outer loop
      vertex -12.554051589161348 -2.4971561218064413 8.5
      vertex -12.554051589161348 2.4971561218064413 8.5
      vertex -12.661459327549196 1.8781500730286302 8.5
    endloop
  endfacet
  facet normal 0 0 1
    outer loop
      vertex -12.416400040890162 -3.1101463027617773 8.5
      vertex -12.416400040890162 3.1101463027617773 8.5
      vertex -12.554051589161348 2.4971561218064413 8.5
    endloop
  endfacet
  facet normal 0 0 1
    outer loop
      vertex -12.248836297372272 -3.7156438688571174 8.5
      vertex -12.248836297372272 3.7156438688571174 8.5
      vertex -12.416400040890162 3.1101463027617773 8.5
    endloop
  endfacet
  facet normal 0 0 1
    outer loop
      vertex -12.051764034342666 -4.312190123420416 8.5
      vertex -12.051764034342666 4.312190123420416 8.5
      vertex -12.248836297372272 3.7156438688571174 8.5
    endloop
  endfacet
  facet normal 0 0 1
    outer loop
      vertex -11.82565801614447 -4.898347934273149 8.5
      vertex -11.82565801614447 4.898347934273149 8.5
      vertex -12.051764034342666 4.312190123420416 8.5
    endloop
  endfacet
  facet normal 0 0 1
    outer loop
      vertex -11.571062951980073 -5.4727051959076105 8.5
      vertex -11.571062951980073 5.4727051959076105 8.5
      vertex -11.82565801614447 4.898347934273149 8.5
    endloop
  endfacet
  facet normal 0 0 1
    outer loop
      vertex -11.288592183658944 -6.0338782313727695 8.5
      vertex -11.288592183658944 6.0338782313727695 8.5
      vertex -11.571062951980073 5.4727051959076105 8.5
    endloop
  endfacet
  facet normal 0 0 1
    outer loop
      vertex -10.97892620800348 -6.580515125673238 8.5
      vertex -10.97892620800348 6.580515125673238 8.5
      vertex -11.288592183658944 6.0338782313727695 8.5
    endloop
  endfacet
  facet normal 0 0 1
    outer loop
      vertex -10.642811037472578 -7.111298982650907 8.5
      vertex -10.642811037472578 7.111298982650907 8.5
      vertex -10.97892620800348 6.580515125673238 8.5
    endloop
  endfacet
  facet normal 0 0 1
    outer loop
      vertex -10.281056402952254 -7.624951097503146 8.5
      vertex -10.281056402952254 7.624951097503146 8.5
      vertex -10.642811037472578 7.111298982650907 8.5
    endloop
  endfacet
  facet normal 0 0 1
    outer loop
      vertex -9.894533803043032 -8.120234037294662 8.5
      vertex -9.894533803043032 8.120234037294662 8.5
      vertex -10.281056402952254 7.624951097503146 8.5
    endloop
  endfacet
  facet normal 0 0 1
    outer loop
      vertex -9.484174404543475 -8.595954622041836 8.5
      vertex -9.484174404543475 8.595954622041836 8.5
      vertex -9.894533803043032 8.120234037294662 8.5
    endloop
  endfacet
  facet normal 0 0 1
    outer loop
      vertex -9.484174404543475 8.595954622041836 8.5
      vertex -9.1 0 8.5
      vertex -9.08903865146707 0.4465158363795039 8.5
    endloop
  endfacet
  facet normal 0 0 1
    outer loop
      vertex -9.484174404543475 8.595954622041836 8.5
      vertex -9.08903865146707 0.4465158363795039 8.5
      vertex -9.056181012716992 0.8919559769990014 8.5
    endloop
  endfacet
  facet normal 0 0 1
    outer loop
      vertex -9.484174404543475 8.595954622041836 8.5
      vertex -9.056181012716992 0.8919559769990014 8.5
      vertex -9.001506240679507 1.3352473175437918 8.5
    endloop
  endfacet
  facet normal 0 0 1
    outer loop
      vertex -9.050966799187808 9.050966799187808 8.5
      vertex -9.001506240679507 1.3352473175437918 8.5
      vertex -8.925146051669397 1.7753219303467669 8.5
    endloop
  endfacet
  facet normal 0 0 1
    outer loop
      vertex -9.050966799187808 9.050966799187808 8.5
      vertex -8.925146051669397 1.7753219303467669 8.5
      vertex -8.82728440407035 2.211119637119701 8.5
    endloop
  endfacet
  facet normal 0 0 1
    outer loop
      vertex -9.050966799187808 9.050966799187808 8.5
      vertex -8.82728440407035 2.211119637119701 8.5
      vertex -8.7081570551631 2.641590563015607 8.5
    endloop
  endfacet
  facet normal 0 0 1
    outer loop
      vertex -9.484174404543475 8.595954622041836 8.5
      vertex -9.001506240679507 1.3352473175437918 8.5
      vertex -9.050966799187808 9.050966799187808 8.5
    endloop
  endfacet
  facet normal 0 0 1
    outer loop
      vertex -9.050966799187808 9.050966799187808 8.5
      vertex -8.7081570551631 2.641590563015607 8.5
      vertex -8.568050993165489 3.0656976658692026 8.5
    endloop
  endfacet
  facet normal 0 0 1
    outer loop
      vertex -8.595954622041836 9.484174404543475 8.5
      vertex -8.568050993165489 3.0656976658692026 8.5
      vertex -8.407303745852708 3.482419234522317 8.5
    endloop
  endfacet
  facet normal 0 0 1
    outer loop
      vertex -8.595954622041836 9.484174404543475 8.5
      vertex -8.407303745852708 3.482419234522317 8.5
      vertex -8.226302567423334 3.8907513502155666 8.5
    endloop
  endfacet
  facet normal 0 0 1
    outer loop
      vertex -8.595954622041836 9.484174404543475 8.5
      vertex -8.226302567423334 3.8907513502155666 8.5
      vertex -8.02548350557003 4.289710305116579 8.5
    endloop
  endfacet
  facet normal 0 0 1
    outer loop
      vertex -8.120234037294662 9.894533803043032 8.5
      vertex -8.02548350557003 4.289710305116579 8.5
      vertex -7.805330351002475 4.678334972158318 8.5
    endloop
  endfacet
  facet normal -0.8448535652497069 0.5349976198870974 0
    outer loop
      vertex -10.97892620800348 6.580515125673238 0
      vertex -10.97892620800348 6.580515125673238 8.5
      vertex -10.642811037472578 7.111298982650907 8.5
    endloop
  endfacet
  facet normal -0.8175848131515845 0.5758081914178441 0
    outer loop
      vertex -10.642811037472578 7.111298982650907 0
      vertex -10.642811037472578 7.111298982650907 8.5
      vertex -10.281056402952254 7.624951097503146 8.5
    endloop
  endfacet
  facet normal -0.7883464276266058 0.6152315905806274 0
    outer loop
      vertex -10.281056402952254 7.624951097503146 0
      vertex -10.281056402952254 7.624951097503146 8.5
      vertex -9.894533803043032 8.120234037294662 8.5
    endloop
  endfacet
  facet normal -0.7572088465064852 0.6531728429537758 0
    outer loop
      vertex -9.894533803043032 8.120234037294662 0
      vertex -9.894533803043032 8.120234037294662 8.5
      vertex -9.484174404543475 8.595954622041836 8.5
    endloop
  endfacet
  facet normal -0.7242470829514673 0.6895405447370665 0
    outer loop
      vertex -9.484174404543475 8.595954622041836 0
      vertex -9.484174404543475 8.595954622041836 8.5
      vertex -9.050966799187808 9.050966799187808 8.5
    endloop
  endfacet
  facet normal -0.6895405447370674 0.7242470829514663 -7.709768490242132e-19
    outer loop
      vertex -9.050966799187808 9.050966799187808 8.5
      vertex -8.789399048570518 9.299999999999999 6
      vertex -8.789399048570518 9.299999999999999 2
    endloop
  endfacet
  facet normal -0.689540544737065 0.7242470829514687 0
    outer loop
      vertex -8.595954622041836 9.484174404543475 8.5
      vertex -8.595954622041836 9.484174404543475 6
      vertex -8.789399048570518 9.299999999999999 6
    endloop
  endfacet
  facet normal 0 0 1
    outer loop
      vertex -9.050966799187808 9.050966799187808 8.5
      vertex -8.568050993165489 3.0656976658692026 8.5
      vertex -8.595954622041836 9.484174404543475 8.5
    endloop
  endfacet
  facet normal 0 0 1
    outer loop
      vertex -8.595954622041836 9.484174404543475 8.5
      vertex -8.02548350557003 4.289710305116579 8.5
      vertex -8.120234037294662 9.894533803043032 8.5
    endloop
  endfacet
  facet normal -0.6895405447370665 0.7242470829514673 2.0988937668036776e-16
    outer loop
      vertex -9.050966799187808 9.050966799187808 8.5
      vertex -8.595954622041836 9.484174404543475 8.5
      vertex -8.789399048570518 9.299999999999999 6
    endloop
  endfacet
  facet normal 0 0 1
    outer loop
      vertex -8.120234037294662 9.894533803043032 8.5
      vertex -7.805330351002475 4.678334972158318 8.5
      vertex -7.5663734719531615 5.055689120478379 8.5
    endloop
  endfacet
  facet normal 0 0 1
    outer loop
      vertex -7.624951097503146 10.281056402952254 8.5
      vertex -7.5663734719531615 5.055689120478379 8.5
      vertex -7.309188536473869 5.420863670881143 8.5
    endloop
  endfacet
  facet normal 0 0 1
    outer loop
      vertex -7.624951097503146 10.281056402952254 8.5
      vertex -7.309188536473869 5.420863670881143 8.5
      vertex -7.0343951256009065 5.772978885889174 8.5
    endloop
  endfacet
  facet normal 0 0 1
    outer loop
      vertex -7.111298982650907 10.642811037472578 8.5
      vertex -7.0343951256009065 5.772978885889174 8.5
      vertex -6.7426552407301275 6.111186489107868 8.5
    endloop
  endfacet
  facet normal 0 0 1
    outer loop
      vertex -7.111298982650907 10.642811037472578 8.5
      vertex -6.7426552407301275 6.111186489107868 8.5
      vertex -6.434671708797583 6.434671708797583 8.5
    endloop
  endfacet
  facet normal 0 0 1
    outer loop
      vertex -8.120234037294662 9.894533803043032 8.5
      vertex -7.5663734719531615 5.055689120478379 8.5
      vertex -7.624951097503146 10.281056402952254 8.5
    endloop
  endfacet
  facet normal 0 0 1
    outer loop
      vertex -7.624951097503146 10.281056402952254 8.5
      vertex -7.0343951256009065 5.772978885889174 8.5
      vertex -7.111298982650907 10.642811037472578 8.5
    endloop
  endfacet
  facet normal 0 0 1
    outer loop
      vertex -7.111298982650907 10.642811037472578 8.5
      vertex -6.434671708797583 6.434671708797583 8.5
      vertex -6.580515125673238 10.97892620800348 8.5
    endloop
  endfacet
  facet normal -0.6531728429537759 0.7572088465064853 0
    outer loop
      vertex -8.120234037294662 9.894533803043032 8.5
      vertex -8.120234037294662 9.894533803043032 6
      vertex -8.595954622041836 9.484174404543475 6
    endloop
  endfacet
  facet normal -0.6152315905806274 0.7883464276266058 0
    outer loop
      vertex -7.624951097503146 10.281056402952254 8.5
      vertex -7.624951097503146 10.281056402952254 6
      vertex -8.120234037294662 9.894533803043032 6
    endloop
  endfacet
  facet normal -0.5758081914178441 0.8175848131515845 0
    outer loop
      vertex -7.111298982650907 10.642811037472578 8.5
      vertex -7.111298982650907 10.642811037472578 6
      vertex -7.624951097503146 10.281056402952254 6
    endloop
  endfacet
  facet normal -0.5349976198870975 0.844853565249707 0
    outer loop
      vertex -6.580515125673238 10.97892620800348 8.5
      vertex -6.580515125673238 10.97892620800348 6
      vertex -7.111298982650907 10.642811037472578 6
    endloop
  endfacet
  facet normal -0.6531728429537759 0.7572088465064853 0
    outer loop
      vertex -8.595954622041836 9.484174404543475 8.5
      vertex -8.120234037294662 9.894533803043032 8.5
      vertex -8.595954622041836 9.484174404543475 6
    endloop
  endfacet
  facet normal -0.6152315905806274 0.7883464276266058 0
    outer loop
      vertex -8.120234037294662 9.894533803043032 8.5
      vertex -7.624951097503146 10.281056402952254 8.5
      vertex -8.120234037294662 9.894533803043032 6
    endloop
  endfacet
  facet normal -0.5758081914178441 0.8175848131515845 0
    outer loop
      vertex -7.624951097503146 10.281056402952254 8.5
      vertex -7.111298982650907 10.642811037472578 8.5
      vertex -7.624951097503146 10.281056402952254 6
    endloop
  endfacet
  facet normal -0.5349976198870975 0.844853565249707 0
    outer loop
      vertex -7.111298982650907 10.642811037472578 8.5
      vertex -6.580515125673238 10.97892620800348 8.5
      vertex -7.111298982650907 10.642811037472578 6
    endloop
  endfacet
  facet normal 0 0 1
    outer loop
      vertex -6.580515125673238 10.97892620800348 8.5
      vertex -6.434671708797583 6.434671708797583 8.5
      vertex -6.111186489107868 6.7426552407301275 8.5
    endloop
  endfacet
  facet normal 0 0 1
    outer loop
      vertex -6.580515125673238 10.97892620800348 8.5
      vertex -6.111186489107868 6.7426552407301275 8.5
      vertex -5.772978885889174 7.0343951256009065 8.5
    endloop
  endfacet
  facet normal 0 0 1
    outer loop
      vertex -6.0338782313727695 11.288592183658944 8.5
      vertex -5.772978885889174 7.0343951256009065 8.5
      vertex -5.420863670881143 7.309188536473869 8.5
    endloop
  endfacet
  facet normal 0 0 1
    outer loop
      vertex -5.4727051959076105 11.571062951980073 8.5
      vertex -5.420863670881143 7.309188536473869 8.5
      vertex -5.055689120478379 7.5663734719531615 8.5
    endloop
  endfacet
  facet normal 0 0 1
    outer loop
      vertex -5.4727051959076105 11.571062951980073 8.5
      vertex -5.055689120478379 7.5663734719531615 8.5
      vertex -4.678334972158318 7.805330351002475 8.5
    endloop
  endfacet
  facet normal 0 0 1
    outer loop
      vertex -4.898347934273149 11.82565801614447 8.5
      vertex -4.678334972158318 7.805330351002475 8.5
      vertex -4.289710305116579 8.02548350557003 8.5
    endloop
  endfacet
  facet normal 0 0 1
    outer loop
      vertex -4.312190123420416 12.051764034342666 8.5
      vertex -4.289710305116579 8.02548350557003 8.5
      vertex -3.8907513502155666 8.226302567423334 8.5
    endloop
  endfacet
  facet normal 0 0 1
    outer loop
      vertex -4.312190123420416 12.051764034342666 8.5
      vertex -3.8907513502155666 8.226302567423334 8.5
      vertex -3.482419234522317 8.407303745852708 8.5
    endloop
  endfacet
  facet normal -0.49289819222978504 0.870086991108711 0
    outer loop
      vertex -6.0338782313727695 11.288592183658944 8.5
      vertex -6.0338782313727695 11.288592183658944 6
      vertex -6.580515125673238 10.97892620800348 6
    endloop
  endfacet
  facet normal -0.4496113296546056 0.8932243011955159 0
    outer loop
      vertex -5.4727051959076105 11.571062951980073 8.5
      vertex -5.4727051959076105 11.571062951980073 6
      vertex -6.0338782313727695 11.288592183658944 6
    endloop
  endfacet
  facet normal -0.4052413140049909 0.9142097557035301 0
    outer loop
      vertex -4.898347934273149 11.82565801614447 8.5
      vertex -4.898347934273149 11.82565801614447 6
      vertex -5.4727051959076105 11.571062951980073 6
    endloop
  endfacet
  facet normal -0.3598950365349894 0.9329927988347384 0
    outer loop
      vertex -4.312190123420416 12.051764034342666 8.5
      vertex -4.312190123420416 12.051764034342666 6
      vertex -4.898347934273149 11.82565801614447 6
    endloop
  endfacet
  facet normal -0.3136817403988884 0.9495281805930377 0
    outer loop
      vertex -3.7156438688571174 12.248836297372272 8.5
      vertex -3.7156438688571174 12.248836297372272 6
      vertex -4.312190123420416 12.051764034342666 6
    endloop
  endfacet
  facet normal -0.2667127574748995 0.9637760657954395 0
    outer loop
      vertex -3.1101463027617773 12.416400040890162 8.5
      vertex -3.1101463027617773 12.416400040890162 6
      vertex -3.7156438688571174 12.248836297372272 6
    endloop
  endfacet
  facet normal -0.49289819222978504 0.870086991108711 0
    outer loop
      vertex -6.580515125673238 10.97892620800348 8.5
      vertex -6.0338782313727695 11.288592183658944 8.5
      vertex -6.580515125673238 10.97892620800348 6
    endloop
  endfacet
  facet normal 0 0 1
    outer loop
      vertex -6.580515125673238 10.97892620800348 8.5
      vertex -5.772978885889174 7.0343951256009065 8.5
      vertex -6.0338782313727695 11.288592183658944 8.5
    endloop
  endfacet
  facet normal 0 0 1
    outer loop
      vertex -6.0338782313727695 11.288592183658944 8.5
      vertex -5.420863670881143 7.309188536473869 8.5
      vertex -5.4727051959076105 11.571062951980073 8.5
    endloop
  endfacet
  facet normal 0 0 1
    outer loop
      vertex -5.4727051959076105 11.571062951980073 8.5
      vertex -4.678334972158318 7.805330351002475 8.5
      vertex -4.898347934273149 11.82565801614447 8.5
    endloop
  endfacet
  facet normal -0.4496113296546056 0.8932243011955159 0
    outer loop
      vertex -6.0338782313727695 11.288592183658944 8.5
      vertex -5.4727051959076105 11.571062951980073 8.5
      vertex -6.0338782313727695 11.288592183658944 6
    endloop
  endfacet
  facet normal -0.4052413140049909 0.9142097557035301 0
    outer loop
      vertex -5.4727051959076105 11.571062951980073 8.5
      vertex -4.898347934273149 11.82565801614447 8.5
      vertex -5.4727051959076105 11.571062951980073 6
    endloop
  endfacet
  facet normal 0 0 1
    outer loop
      vertex -4.898347934273149 11.82565801614447 8.5
      vertex -4.289710305116579 8.02548350557003 8.5
      vertex -4.312190123420416 12.051764034342666 8.5
    endloop
  endfacet
  facet normal 0 0 1
    outer loop
      vertex -3.7156438688571174 12.248836297372272 8.5
      vertex -3.482419234522317 8.407303745852708 8.5
      vertex -3.0656976658692026 8.568050993165489 8.5
    endloop
  endfacet
  facet normal 0 0 1
    outer loop
      vertex -4.312190123420416 12.051764034342666 8.5
      vertex -3.482419234522317 8.407303745852708 8.5
      vertex -3.7156438688571174 12.248836297372272 8.5
    endloop
  endfacet
  facet normal 0 0 1
    outer loop
      vertex -3.7156438688571174 12.248836297372272 8.5
      vertex -3.0656976658692026 8.568050993165489 8.5
      vertex -3.1101463027617773 12.416400040890162 8.5
    endloop
  endfacet
  facet normal -0.3598950365349894 0.9329927988347384 0
    outer loop
      vertex -4.898347934273149 11.82565801614447 8.5
      vertex -4.312190123420416 12.051764034342666 8.5
      vertex -4.898347934273149 11.82565801614447 6
    endloop
  endfacet
  facet normal -0.3136817403988884 0.9495281805930377 0
    outer loop
      vertex -4.312190123420416 12.051764034342666 8.5
      vertex -3.7156438688571174 12.248836297372272 8.5
      vertex -4.312190123420416 12.051764034342666 6
    endloop
  endfacet
  facet normal -0.2667127574748995 0.9637760657954395 0
    outer loop
      vertex -3.7156438688571174 12.248836297372272 8.5
      vertex -3.1101463027617773 12.416400040890162 8.5
      vertex -3.7156438688571174 12.248836297372272 6
    endloop
  endfacet
  facet normal -0.2191012401568698 0.9757021300385286 0
    outer loop
      vertex -2.4971561218064413 12.554051589161348 8.5
      vertex -2.4971561218064413 12.554051589161348 6
      vertex -3.1101463027617773 12.416400040890162 6
    endloop
  endfacet
  facet normal -0.17096188876030197 0.9852776423889412 0
    outer loop
      vertex -1.8781500730286302 12.661459327549196 8.5
      vertex -1.8781500730286302 12.661459327549196 6
      vertex -2.4971561218064413 12.554051589161348 6
    endloop
  endfacet
  facet normal -0.1224106751992157 0.9924795345987102 0
    outer loop
      vertex -1.2546193962183756 12.738364501404119 8.5
      vertex -1.2546193962183756 12.738364501404119 6
      vertex -1.8781500730286302 12.661459327549196 6
    endloop
  endfacet
  facet normal -0.07356456359966851 0.9972904566786901 0
    outer loop
      vertex -0.6280662313909505 12.784581839426206 8.5
      vertex -0.6280662313909505 12.784581839426206 6
      vertex -1.2546193962183756 12.738364501404119 6
    endloop
  endfacet
  facet normal -0.024541228522911476 0.9996988186962042 0
    outer loop
      vertex 0 12.799999999999999 8.5
      vertex 0 12.799999999999999 6
      vertex -0.6280662313909505 12.784581839426206 6
    endloop
  endfacet
  facet normal 0 0 1
    outer loop
      vertex -3.1101463027617773 12.416400040890162 8.5
      vertex -3.0656976658692026 8.568050993165489 8.5
      vertex -2.641590563015607 8.7081570551631 8.5
    endloop
  endfacet
  facet normal 0 0 1
    outer loop
      vertex -3.1101463027617773 12.416400040890162 8.5
      vertex -2.641590563015607 8.7081570551631 8.5
      vertex -2.211119637119701 8.82728440407035 8.5
    endloop
  endfacet
  facet normal 0 0 1
    outer loop
      vertex -2.4971561218064413 12.554051589161348 8.5
      vertex -2.211119637119701 8.82728440407035 8.5
      vertex -1.7753219303467669 8.925146051669397 8.5
    endloop
  endfacet
  facet normal 0 0 1
    outer loop
      vertex -1.8781500730286302 12.661459327549196 8.5
      vertex -1.7753219303467669 8.925146051669397 8.5
      vertex -1.3352473175437918 9.001506240679507 8.5
    endloop
  endfacet
  facet normal -0.2191012401568698 0.9757021300385286 0
    outer loop
      vertex -3.1101463027617773 12.416400040890162 8.5
      vertex -2.4971561218064413 12.554051589161348 8.5
      vertex -3.1101463027617773 12.416400040890162 6
    endloop
  endfacet
  facet normal -0.17096188876030197 0.9852776423889412 0
    outer loop
      vertex -2.4971561218064413 12.554051589161348 8.5
      vertex -1.8781500730286302 12.661459327549196 8.5
      vertex -2.4971561218064413 12.554051589161348 6
    endloop
  endfacet
  facet normal -0.1224106751992157 0.9924795345987102 0
    outer loop
      vertex -1.8781500730286302 12.661459327549196 8.5
      vertex -1.2546193962183756 12.738364501404119 8.5
      vertex -1.8781500730286302 12.661459327549196 6
    endloop
  endfacet
  facet normal 0 0 1
    outer loop
      vertex -3.1101463027617773 12.416400040890162 8.5
      vertex -2.211119637119701 8.82728440407035 8.5
      vertex -2.4971561218064413 12.554051589161348 8.5
    endloop
  endfacet
  facet normal 0 0 1
    outer loop
      vertex -2.4971561218064413 12.554051589161348 8.5
      vertex -1.7753219303467669 8.925146051669397 8.5
      vertex -1.8781500730286302 12.661459327549196 8.5
    endloop
  endfacet
  facet normal 0 0 1
    outer loop
      vertex -1.8781500730286302 12.661459327549196 8.5
      vertex -1.3352473175437918 9.001506240679507 8.5
      vertex -0.8919559769990014 9.056181012716992 8.5
    endloop
  endfacet
  facet normal 0 0 1
    outer loop
      vertex -1.2546193962183756 12.738364501404119 8.5
      vertex -0.8919559769990014 9.056181012716992 8.5
      vertex -0.4465158363795039 9.08903865146707 8.5
    endloop
  endfacet
  facet normal 0 0 1
    outer loop
      vertex -0.6280662313909505 12.784581839426206 8.5
      vertex -0.4465158363795039 9.08903865146707 8.5
      vertex 0 9.1 8.5
    endloop
  endfacet
  facet normal -0.07356456359966851 0.9972904566786901 0
    outer loop
      vertex -1.2546193962183756 12.738364501404119 8.5
      vertex -0.6280662313909505 12.784581839426206 8.5
      vertex -1.2546193962183756 12.738364501404119 6
    endloop
  endfacet
  facet normal -0.024541228522911476 0.9996988186962042 0
    outer loop
      vertex -0.6280662313909505 12.784581839426206 8.5
      vertex 0 12.799999999999999 8.5
      vertex -0.6280662313909505 12.784581839426206 6
    endloop
  endfacet
  facet normal 0 0 1
    outer loop
      vertex -1.8781500730286302 12.661459327549196 8.5
      vertex -0.8919559769990014 9.056181012716992 8.5
      vertex -1.2546193962183756 12.738364501404119 8.5
    endloop
  endfacet
  facet normal 0 0 1
    outer loop
      vertex -1.2546193962183756 12.738364501404119 8.5
      vertex -0.4465158363795039 9.08903865146707 8.5
      vertex -0.6280662313909505 12.784581839426206 8.5
    endloop
  endfacet
  facet normal 0 0 1
    outer loop
      vertex -0.6280662313909505 12.784581839426206 8.5
      vertex 0 9.1 8.5
      vertex 0 12.799999999999999 8.5
    endloop
  endfacet
  facet normal 0 0 -1
    outer loop
      vertex 0 -12.799999999999999 0
      vertex 0.4465158363795039 -9.08903865146707 0
      vertex 0.6280662313909505 -12.784581839426206 0
    endloop
  endfacet
  facet normal 0 0 -1
    outer loop
      vertex 0.6280662313909505 -12.784581839426206 0
      vertex 0.8919559769990014 -9.056181012716992 0
      vertex 1.2546193962183756 -12.738364501404119 0
    endloop
  endfacet
  facet normal 0.024541228522911473 -0.9996988186962041 -3.370019552691023e-16
    outer loop
      vertex 0 -12.799999999999999 0
      vertex 0.6280662313909505 -12.784581839426206 0
      vertex 0.11705419320967694 -12.79712648084463 2.4115288317580617
    endloop
  endfacet
  facet normal 0 0 -1
    outer loop
      vertex 0 -12.799999999999999 0
      vertex 0 -9.1 0
      vertex 0.4465158363795039 -9.08903865146707 0
    endloop
  endfacet
  facet normal 0 0 -1
    outer loop
      vertex 0.6280662313909505 -12.784581839426206 0
      vertex 0.4465158363795039 -9.08903865146707 0
      vertex 0.8919559769990014 -9.056181012716992 0
    endloop
  endfacet
  facet normal 0 0 -1
    outer loop
      vertex 1.2546193962183756 -12.738364501404119 0
      vertex 0.8919559769990014 -9.056181012716992 0
      vertex 1.3352473175437918 -9.001506240679507 0
    endloop
  endfacet
  facet normal 0 0 -1
    outer loop
      vertex 1.2546193962183756 -12.738364501404119 0
      vertex 1.3352473175437918 -9.001506240679507 0
      vertex 1.7753219303467669 -8.925146051669397 0
    endloop
  endfacet
  facet normal 0 0 -1
    outer loop
      vertex 1.2546193962183756 -12.738364501404119 0
      vertex 1.7753219303467669 -8.925146051669397 0
      vertex 1.8781500730286302 -12.661459327549196 0
    endloop
  endfacet
  facet normal 0 0 -1
    outer loop
      vertex 1.8781500730286302 -12.661459327549196 0
      vertex 2.211119637119701 -8.82728440407035 0
      vertex 2.4971561218064413 -12.554051589161348 0
    endloop
  endfacet
  facet normal 0 0 -1
    outer loop
      vertex 2.4971561218064413 -12.554051589161348 0
      vertex 2.641590563015607 -8.7081570551631 0
      vertex 3.1101463027617773 -12.416400040890162 0
    endloop
  endfacet
  facet normal 0.1224106751992157 -0.9924795345987101 3.949324168456456e-19
    outer loop
      vertex 1.2546193962183756 -12.738364501404119 0
      vertex 1.8781500730286302 -12.661459327549196 0
      vertex 1.8781500730286302 -12.661459327549196 2.412983601690135
    endloop
  endfacet
  facet normal 0.17096188876030194 -0.9852776423889411 1.6199261641111978e-16
    outer loop
      vertex 1.8781500730286302 -12.661459327549196 0
      vertex 2.4971561218064413 -12.554051589161348 0
      vertex 2 -12.640316359553067 2.4
    endloop
  endfacet
  facet normal 0 0 -1
    outer loop
      vertex 1.8781500730286302 -12.661459327549196 0
      vertex 1.7753219303467669 -8.925146051669397 0
      vertex 2.211119637119701 -8.82728440407035 0
    endloop
  endfacet
  facet normal 0 0 -1
    outer loop
      vertex 2.4971561218064413 -12.554051589161348 0
      vertex 2.211119637119701 -8.82728440407035 0
      vertex 2.641590563015607 -8.7081570551631 0
    endloop
  endfacet
  facet normal 0 0 -1
    outer loop
      vertex 3.1101463027617773 -12.416400040890162 0
      vertex 2.641590563015607 -8.7081570551631 0
      vertex 3.0656976658692026 -8.568050993165489 0
    endloop
  endfacet
  facet normal 0.02454122852290454 -0.9996988186962045 0
    outer loop
      vertex 0 -12.799999999999999 0
      vertex 0.11705419320967694 -12.79712648084463 2.4115288317580617
      vertex 0 -12.799999999999999 2.4
    endloop
  endfacet
  facet normal 0.024541228522911147 -0.9996988186962041 -4.064115787105106e-16
    outer loop
      vertex 0.6280662313909505 -12.784581839426206 0
      vertex 0.22961005941905385 -12.794363389418914 2.445672280493228
      vertex 0.11705419320967694 -12.79712648084463 2.4115288317580617
    endloop
  endfacet
  facet normal 0.024541228522924487 -0.999698818696204 1.768021750109615e-15
    outer loop
      vertex 0.6280662313909505 -12.784581839426206 0
      vertex 0.3333421398117613 -12.791816909776779 2.501118232618473
      vertex 0.22961005941905385 -12.794363389418914 2.445672280493228
    endloop
  endfacet
  facet normal 0.024541228522899035 -0.9996988186962046 -1.232734461853102e-15
    outer loop
      vertex 0.6280662313909505 -12.784581839426206 0
      vertex 0.4242640687119285 -12.789584901702796 2.5757359312880714
      vertex 0.3333421398117613 -12.791816909776779 2.501118232618473
    endloop
  endfacet
  facet normal 0.02454122852291479 -0.9996988186962041 1.478793905169271e-17
    outer loop
      vertex 0.6280662313909505 -12.784581839426206 0
      vertex 0.4988817673815271 -12.787753140015518 2.6666578601882387
      vertex 0.4242640687119285 -12.789584901702796 2.5757359312880714
    endloop
  endfacet
  facet normal 0.024541228522923023 -0.9996988186962039 4.142269797550336e-16
    outer loop
      vertex 0.6280662313909505 -12.784581839426206 0
      vertex 0.5543277195067721 -12.786392018289325 2.7703899405809462
      vertex 0.4988817673815271 -12.787753140015518 2.6666578601882387
    endloop
  endfacet
  facet normal 0.024541228522882205 -0.9996988186962049 -6.730625287161594e-16
    outer loop
      vertex 0.6280662313909505 -12.784581839426206 0
      vertex 0.5884711682419382 -12.785553843668831 2.882945806790323
      vertex 0.5543277195067721 -12.786392018289325 2.7703899405809462
    endloop
  endfacet
  facet normal 0.024541228522985976 -0.9996988186962024 7.530729763489305e-16
    outer loop
      vertex 0.6280662313909505 -12.784581839426206 0
      vertex 0.6 -12.785270826734644 3
      vertex 0.5884711682419382 -12.785553843668831 2.882945806790323
    endloop
  endfacet
  facet normal 0.12241067519920984 -0.9924795345987109 1.1288983107493557e-15
    outer loop
      vertex 1.2546193962183756 -12.738364501404119 0
      vertex 1.7703899405809462 -12.674750272211154 2.445672280493228
      vertex 1.6666578601882387 -12.687544404037585 2.501118232618473
    endloop
  endfacet
  facet normal 0.1224106751992173 -0.9924795345987099 -1.0791344397027259e-16
    outer loop
      vertex 1.2546193962183756 -12.738364501404119 0
      vertex 1.6666578601882387 -12.687544404037585 2.501118232618473
      vertex 1.5757359312880714 -12.698758554374281 2.5757359312880714
    endloop
  endfacet
  facet normal 0.12241067519922048 -0.9924795345987094 -5.134406818527037e-16
    outer loop
      vertex 1.2546193962183756 -12.738364501404119 0
      vertex 1.5757359312880714 -12.698758554374281 2.5757359312880714
      vertex 1.5011182326184729 -12.707961769712773 2.6666578601882387
    endloop
  endfacet
  facet normal 0.12241067519921785 -0.99247953459871 -2.643537134580018e-16
    outer loop
      vertex 1.2546193962183756 -12.738364501404119 0
      vertex 1.5011182326184729 -12.707961769712773 2.6666578601882387
      vertex 1.4456722804932278 -12.714800375648823 2.7703899405809462
    endloop
  endfacet
  facet normal 0.12241067519919883 -0.9924795345987122 1.068658863335285e-15
    outer loop
      vertex 1.2546193962183756 -12.738364501404119 0
      vertex 1.4456722804932278 -12.714800375648823 2.7703899405809462
      vertex 1.4115288317580617 -12.719011568391442 2.882945806790323
    endloop
  endfacet
  facet normal 0.12241067519922837 -0.9924795345987085 -5.671314148660148e-16
    outer loop
      vertex 1.2546193962183756 -12.738364501404119 0
      vertex 1.4115288317580617 -12.719011568391442 2.882945806790323
      vertex 1.4 -12.7204335141652 3
    endloop
  endfacet
  facet normal 0.12241067519921797 -0.9924795345987097 -6.008824291646237e-16
    outer loop
      vertex 1.2546193962183756 -12.738364501404119 0
      vertex 1.8781500730286302 -12.661459327549196 2.412983601690135
      vertex 1.7703899405809462 -12.674750272211154 2.445672280493228
    endloop
  endfacet
  facet normal 0.17096188876034818 -0.9852776423889332 0
    outer loop
      vertex 1.8781500730286302 -12.661459327549196 0
      vertex 1.882945806790323 -12.660627188803103 2.4115288317580617
      vertex 1.8781500730286302 -12.661459327549196 2.412983601690135
    endloop
  endfacet
  facet normal 0.17096188876030333 -0.985277642388941 9.197044908322144e-17
    outer loop
      vertex 1.8781500730286302 -12.661459327549196 0
      vertex 2 -12.640316359553067 2.4
      vertex 1.882945806790323 -12.660627188803103 2.4115288317580617
    endloop
  endfacet
  facet normal 0.17096188876030294 -0.985277642388941 3.638133785874292e-16
    outer loop
      vertex 2.4971561218064413 -12.554051589161348 0
      vertex 2.117054193209677 -12.62000553030303 2.4115288317580617
      vertex 2 -12.640316359553067 2.4
    endloop
  endfacet
  facet normal 0.17096188876029142 -0.985277642388943 -1.4838467149886073e-15
    outer loop
      vertex 2.4971561218064413 -12.554051589161348 0
      vertex 2.2296100594190538 -12.60047523483063 2.445672280493228
      vertex 2.117054193209677 -12.62000553030303 2.4115288317580617
    endloop
  endfacet
  facet normal 0.1709618887603118 -0.9852776423889393 8.044660164241648e-16
    outer loop
      vertex 2.4971561218064413 -12.554051589161348 0
      vertex 2.3333421398117613 -12.582476011438152 2.501118232618473
      vertex 2.2296100594190538 -12.60047523483063 2.445672280493228
    endloop
  endfacet
  facet normal 0.17096188876029786 -0.9852776423889418 -1.3944445598015064e-16
    outer loop
      vertex 2.4971561218064413 -12.554051589161348 0
      vertex 2.4242640687119286 -12.566699560186489 2.5757359312880714
      vertex 2.3333421398117613 -12.582476011438152 2.501118232618473
    endloop
  endfacet
  facet normal 0.1709618887603026 -0.985277642388941 0
    outer loop
      vertex 2.4971561218064413 -12.554051589161348 0
      vertex 2.4971561218064413 -12.554051589161348 2.6645551549710813
      vertex 2.4242640687119286 -12.566699560186489 2.5757359312880714
    endloop
  endfacet
  facet normal 0.2191012401570901 -0.9757021300384792 0
    outer loop
      vertex 2.4971561218064413 -12.554051589161348 0
      vertex 2.498881767381527 -12.553664082489043 2.6666578601882387
      vertex 2.4971561218064413 -12.554051589161348 2.6645551549710813
    endloop
  endfacet
  facet normal 0.21910124015687546 -0.9757021300385272 1.4588822733688194e-16
    outer loop
      vertex 2.4971561218064413 -12.554051589161348 0
      vertex 2.554327719506772 -12.54121327757808 2.7703899405809462
      vertex 2.498881767381527 -12.553664082489043 2.6666578601882387
    endloop
  endfacet
  facet normal 0.21910124015684973 -0.9757021300385331 7.053368909756673e-16
    outer loop
      vertex 2.4971561218064413 -12.554051589161348 0
      vertex 2.5884711682419383 -12.533546109770615 2.882945806790323
      vertex 2.554327719506772 -12.54121327757808 2.7703899405809462
    endloop
  endfacet
  facet normal 0.21910124015676213 -0.9757021300385528 3.633864631419092e-15
    outer loop
      vertex 2.4971561218064413 -12.554051589161348 0
      vertex 2.6 -12.53095722402569 3
      vertex 2.5884711682419383 -12.533546109770615 2.882945806790323
    endloop
  endfacet
  facet normal 0 0 -1
    outer loop
      vertex 3.1101463027617773 -12.416400040890162 0
      vertex 3.482419234522317 -8.407303745852708 0
      vertex 3.7156438688571174 -12.248836297372272 0
    endloop
  endfacet
  facet normal 0 0 -1
    outer loop
      vertex 3.7156438688571174 -12.248836297372272 0
      vertex 3.8907513502155666 -8.226302567423334 0
      vertex 4.312190123420416 -12.051764034342666 0
    endloop
  endfacet
  facet normal 0 0 -1
    outer loop
      vertex 3.1101463027617773 -12.416400040890162 0
      vertex 3.0656976658692026 -8.568050993165489 0
      vertex 3.482419234522317 -8.407303745852708 0
    endloop
  endfacet
  facet normal 0 0 -1
    outer loop
      vertex 3.7156438688571174 -12.248836297372272 0
      vertex 3.482419234522317 -8.407303745852708 0
      vertex 3.8907513502155666 -8.226302567423334 0
    endloop
  endfacet
  facet normal 0 0 -1
    outer loop
      vertex 4.312190123420416 -12.051764034342666 0
      vertex 4.678334972158318 -7.805330351002475 0
      vertex 4.898347934273149 -11.82565801614447 0
    endloop
  endfacet
  facet normal 0 0 -1
    outer loop
      vertex 4.898347934273149 -11.82565801614447 0
      vertex 5.055689120478379 -7.5663734719531615 0
      vertex 5.4727051959076105 -11.571062951980073 0
    endloop
  endfacet
  facet normal 0 0 -1
    outer loop
      vertex 5.4727051959076105 -11.571062951980073 0
      vertex 5.772978885889174 -7.0343951256009065 0
      vertex 6.0338782313727695 -11.288592183658944 0
    endloop
  endfacet
  facet normal 0 0 -1
    outer loop
      vertex 4.312190123420416 -12.051764034342666 0
      vertex 3.8907513502155666 -8.226302567423334 0
      vertex 4.289710305116579 -8.02548350557003 0
    endloop
  endfacet
  facet normal 0 0 -1
    outer loop
      vertex 4.312190123420416 -12.051764034342666 0
      vertex 4.289710305116579 -8.02548350557003 0
      vertex 4.678334972158318 -7.805330351002475 0
    endloop
  endfacet
  facet normal 0 0 -1
    outer loop
      vertex 4.898347934273149 -11.82565801614447 0
      vertex 4.678334972158318 -7.805330351002475 0
      vertex 5.055689120478379 -7.5663734719531615 0
    endloop
  endfacet
  facet normal 0 0 -1
    outer loop
      vertex 5.4727051959076105 -11.571062951980073 0
      vertex 5.055689120478379 -7.5663734719531615 0
      vertex 5.420863670881143 -7.309188536473869 0
    endloop
  endfacet
  facet normal 0 0 -1
    outer loop
      vertex 5.4727051959076105 -11.571062951980073 0
      vertex 5.420863670881143 -7.309188536473869 0
      vertex 5.772978885889174 -7.0343951256009065 0
    endloop
  endfacet
  facet normal 0 0 -1
    outer loop
      vertex 6.0338782313727695 -11.288592183658944 0
      vertex 6.434671708797583 -6.434671708797583 0
      vertex 6.580515125673238 -10.97892620800348 0
    endloop
  endfacet
  facet normal 0 0 -1
    outer loop
      vertex 6.0338782313727695 -11.288592183658944 0
      vertex 5.772978885889174 -7.0343951256009065 0
      vertex 6.111186489107868 -6.7426552407301275 0
    endloop
  endfacet
  facet normal 0 0 -1
    outer loop
      vertex 6.0338782313727695 -11.288592183658944 0
      vertex 6.111186489107868 -6.7426552407301275 0
      vertex 6.434671708797583 -6.434671708797583 0
    endloop
  endfacet
  facet normal 0.07356456359966851 -0.9972904566786902 -5.604242918561942e-20
    outer loop
      vertex 0.6280662313909505 -12.784581839426206 0
      vertex 1.2546193962183756 -12.738364501404119 0
      vertex 1.2546193962183756 -12.738364501404119 8.5
    endloop
  endfacet
  facet normal 0.2191012401568698 -0.9757021300385286 3.2008749601030137e-19
    outer loop
      vertex 2.4971561218064413 -12.554051589161348 0
      vertex 3.1101463027617773 -12.416400040890162 0
      vertex 3.1101463027617773 -12.416400040890162 8.5
    endloop
  endfacet
  facet normal 0.024541228522905533 -0.9996988186962045 0
    outer loop
      vertex 0.6280662313909505 -12.784581839426206 0
      vertex 0.6280662313909505 -12.784581839426206 8.5
      vertex 0.6 -12.785270826734644 3
    endloop
  endfacet
  facet normal 0.12241067519921689 -0.9924795345987099 0
    outer loop
      vertex 1.2546193962183756 -12.738364501404119 0
      vertex 1.4 -12.7204335141652 3
      vertex 1.2546193962183756 -12.738364501404119 8.5
    endloop
  endfacet
  facet normal 0.21910124015687632 -0.9757021300385271 -4.943984557337977e-16
    outer loop
      vertex 2.4971561218064413 -12.554051589161348 0
      vertex 3.1101463027617773 -12.416400040890162 8.5
      vertex 2.6 -12.53095722402569 3
    endloop
  endfacet
  facet normal 0.2667127574748995 -0.9637760657954396 -6.024788808213726e-19
    outer loop
      vertex 3.1101463027617773 -12.416400040890162 0
      vertex 3.7156438688571174 -12.248836297372272 0
      vertex 3.7156438688571174 -12.248836297372272 8.5
    endloop
  endfacet
  facet normal 0.31368174039888846 -0.9495281805930377 1.1065753975373391e-18
    outer loop
      vertex 3.7156438688571174 -12.248836297372272 0
      vertex 4.312190123420416 -12.051764034342666 0
      vertex 4.312190123420416 -12.051764034342666 8.5
    endloop
  endfacet
  facet normal 0.3598950365349894 -0.9329927988347385 2.492713509317548e-18
    outer loop
      vertex 4.312190123420416 -12.051764034342666 0
      vertex 4.898347934273149 -11.82565801614447 0
      vertex 4.898347934273149 -11.82565801614447 8.5
    endloop
  endfacet
  facet normal 0.40524131400499097 -0.9142097557035301 -1.3904283176324374e-18
    outer loop
      vertex 4.898347934273149 -11.82565801614447 0
      vertex 5.4727051959076105 -11.571062951980073 0
      vertex 5.4727051959076105 -11.571062951980073 8.5
    endloop
  endfacet
  facet normal 0.4496113296546055 -0.8932243011955158 1.386575287655787e-18
    outer loop
      vertex 5.4727051959076105 -11.571062951980073 0
      vertex 6.0338782313727695 -11.288592183658944 0
      vertex 6.0338782313727695 -11.288592183658944 8.5
    endloop
  endfacet
  facet normal 0.492898192229785 -0.870086991108711 -1.7225076997560722e-18
    outer loop
      vertex 6.0338782313727695 -11.288592183658944 0
      vertex 6.580515125673238 -10.97892620800348 0
      vertex 6.580515125673238 -10.97892620800348 8.5
    endloop
  endfacet
  facet normal 0 0 -1
    outer loop
      vertex 6.580515125673238 -10.97892620800348 0
      vertex 6.7426552407301275 -6.111186489107868 0
      vertex 7.111298982650907 -10.642811037472578 0
    endloop
  endfacet
  facet normal 0 0 -1
    outer loop
      vertex 7.111298982650907 -10.642811037472578 0
      vertex 7.309188536473869 -5.420863670881143 0
      vertex 7.624951097503146 -10.281056402952254 0
    endloop
  endfacet
  facet normal 0 0 -1
    outer loop
      vertex 7.624951097503146 -10.281056402952254 0
      vertex 7.805330351002475 -4.678334972158318 0
      vertex 8.120234037294662 -9.894533803043032 0
    endloop
  endfacet
  facet normal 0 0 -1
    outer loop
      vertex 6.580515125673238 -10.97892620800348 0
      vertex 6.434671708797583 -6.434671708797583 0
      vertex 6.7426552407301275 -6.111186489107868 0
    endloop
  endfacet
  facet normal 0 0 -1
    outer loop
      vertex 7.111298982650907 -10.642811037472578 0
      vertex 6.7426552407301275 -6.111186489107868 0
      vertex 7.0343951256009065 -5.772978885889174 0
    endloop
  endfacet
  facet normal 0 0 -1
    outer loop
      vertex 7.111298982650907 -10.642811037472578 0
      vertex 7.0343951256009065 -5.772978885889174 0
      vertex 7.309188536473869 -5.420863670881143 0
    endloop
  endfacet
  facet normal 0 0 -1
    outer loop
      vertex 7.624951097503146 -10.281056402952254 0
      vertex 7.309188536473869 -5.420863670881143 0
      vertex 7.5663734719531615 -5.055689120478379 0
    endloop
  endfacet
  facet normal 0 0 -1
    outer loop
      vertex 7.624951097503146 -10.281056402952254 0
      vertex 7.5663734719531615 -5.055689120478379 0
      vertex 7.805330351002475 -4.678334972158318 0
    endloop
  endfacet
  facet normal 0 0 -1
    outer loop
      vertex 8.120234037294662 -9.894533803043032 0
      vertex 8.407303745852708 -3.482419234522317 0
      vertex 8.595954622041836 -9.484174404543475 0
    endloop
  endfacet
  facet normal 0 0 -1
    outer loop
      vertex 8.595954622041836 -9.484174404543475 0
      vertex 8.82728440407035 -2.211119637119701 0
      vertex 9.050966799187808 -9.050966799187808 0
    endloop
  endfacet
  facet normal 0.5349976198870974 -0.8448535652497069 -1.3215769379242933e-18
    outer loop
      vertex 6.580515125673238 -10.97892620800348 0
      vertex 7.111298982650907 -10.642811037472578 0
      vertex 7.111298982650907 -10.642811037472578 8.5
    endloop
  endfacet
  facet normal 0.5758081914178441 -0.8175848131515845 -2.468448126845277e-18
    outer loop
      vertex 7.111298982650907 -10.642811037472578 0
      vertex 7.624951097503146 -10.281056402952254 0
      vertex 7.624951097503146 -10.281056402952254 8.5
    endloop
  endfacet
  facet normal 0.6152315905806274 -0.7883464276266058 -7.567624236107677e-19
    outer loop
      vertex 7.624951097503146 -10.281056402952254 0
      vertex 8.120234037294662 -9.894533803043032 0
      vertex 8.120234037294662 -9.894533803043032 8.5
    endloop
  endfacet
  facet normal 0.6531728429537758 -0.7572088465064852 2.221640943854741e-18
    outer loop
      vertex 8.120234037294662 -9.894533803043032 0
      vertex 8.595954622041836 -9.484174404543475 0
      vertex 8.595954622041836 -9.484174404543475 8.5
    endloop
  endfacet
  facet normal 0.6895405447370665 -0.7242470829514673 -2.5776173374592915e-18
    outer loop
      vertex 8.595954622041836 -9.484174404543475 0
      vertex 9.050966799187808 -9.050966799187808 0
      vertex 9.050966799187808 -9.050966799187808 8.5
    endloop
  endfacet
  facet normal 0.7242470829514673 -0.6895405447370665 0
    outer loop
      vertex 9.050966799187808 -9.050966799187808 0
      vertex 9.484174404543475 -8.595954622041836 0
      vertex 9.050966799187808 -9.050966799187808 8.5
    endloop
  endfacet
  facet normal 0.7572088465064852 -0.6531728429537758 0
    outer loop
      vertex 9.484174404543475 -8.595954622041836 0
      vertex 9.894533803043032 -8.120234037294662 0
      vertex 9.484174404543475 -8.595954622041836 8.5
    endloop
  endfacet
  facet normal 0.7883464276266058 -0.6152315905806274 0
    outer loop
      vertex 9.894533803043032 -8.120234037294662 0
      vertex 10.281056402952254 -7.624951097503146 0
      vertex 9.894533803043032 -8.120234037294662 8.5
    endloop
  endfacet
  facet normal 0.8175848131515845 -0.5758081914178441 0
    outer loop
      vertex 10.281056402952254 -7.624951097503146 0
      vertex 10.642811037472578 -7.111298982650907 0
      vertex 10.281056402952254 -7.624951097503146 8.5
    endloop
  endfacet
  facet normal 0.8448535652497069 -0.5349976198870974 0
    outer loop
      vertex 10.642811037472578 -7.111298982650907 0
      vertex 10.97892620800348 -6.580515125673238 0
      vertex 10.642811037472578 -7.111298982650907 8.5
    endloop
  endfacet
  facet normal 0 0 -1
    outer loop
      vertex 8.120234037294662 -9.894533803043032 0
      vertex 7.805330351002475 -4.678334972158318 0
      vertex 8.02548350557003 -4.289710305116579 0
    endloop
  endfacet
  facet normal 0 0 -1
    outer loop
      vertex 8.120234037294662 -9.894533803043032 0
      vertex 8.02548350557003 -4.289710305116579 0
      vertex 8.226302567423334 -3.8907513502155666 0
    endloop
  endfacet
  facet normal 0 0 -1
    outer loop
      vertex 8.120234037294662 -9.894533803043032 0
      vertex 8.226302567423334 -3.8907513502155666 0
      vertex 8.407303745852708 -3.482419234522317 0
    endloop
  endfacet
  facet normal 0 0 -1
    outer loop
      vertex 8.595954622041836 -9.484174404543475 0
      vertex 8.407303745852708 -3.482419234522317 0
      vertex 8.568050993165489 -3.0656976658692026 0
    endloop
  endfacet
  facet normal 0 0 -1
    outer loop
      vertex 8.595954622041836 -9.484174404543475 0
      vertex 8.568050993165489 -3.0656976658692026 0
      vertex 8.7081570551631 -2.641590563015607 0
    endloop
  endfacet
  facet normal 0 0 -1
    outer loop
      vertex 8.595954622041836 -9.484174404543475 0
      vertex 8.7081570551631 -2.641590563015607 0
      vertex 8.82728440407035 -2.211119637119701 0
    endloop
  endfacet
  facet normal 0 0 -1
    outer loop
      vertex 9.050966799187808 -9.050966799187808 0
      vertex 8.82728440407035 -2.211119637119701 0
      vertex 8.925146051669397 -1.7753219303467669 0
    endloop
  endfacet
  facet normal 0 0 -1
    outer loop
      vertex 9.050966799187808 -9.050966799187808 0
      vertex 8.925146051669397 -1.7753219303467669 0
      vertex 9.001506240679507 -1.3352473175437918 0
    endloop
  endfacet
  facet normal 0 0 -1
    outer loop
      vertex 9.050966799187808 -9.050966799187808 0
      vertex 9.001506240679507 -1.3352473175437918 0
      vertex 9.056181012716992 -0.8919559769990014 0
    endloop
  endfacet
  facet normal 0 0 -1
    outer loop
      vertex 9.050966799187808 -9.050966799187808 0
      vertex 9.056181012716992 -0.8919559769990014 0
      vertex 9.08903865146707 -0.4465158363795039 0
    endloop
  endfacet
  facet normal 0 0 -1
    outer loop
      vertex 9.050966799187808 -9.050966799187808 0
      vertex 9.08903865146707 -0.4465158363795039 0
      vertex 9.1 0 0
    endloop
  endfacet
  facet normal 0 0 -1
    outer loop
      vertex 9.050966799187808 -9.050966799187808 0
      vertex 9.484174404543475 8.595954622041836 0
      vertex 9.484174404543475 -8.595954622041836 0
    endloop
  endfacet
  facet normal 0 0 -1
    outer loop
      vertex 9.050966799187808 -9.050966799187808 0
      vertex 9.1 0 0
      vertex 9.484174404543475 8.595954622041836 0
    endloop
  endfacet
  facet normal 0 0 -1
    outer loop
      vertex 9.484174404543475 -8.595954622041836 0
      vertex 9.894533803043032 8.120234037294662 0
      vertex 9.894533803043032 -8.120234037294662 0
    endloop
  endfacet
  facet normal 0 0 -1
    outer loop
      vertex 9.894533803043032 -8.120234037294662 0
      vertex 10.281056402952254 7.624951097503146 0
      vertex 10.281056402952254 -7.624951097503146 0
    endloop
  endfacet
  facet normal 0 0 -1
    outer loop
      vertex 10.281056402952254 -7.624951097503146 0
      vertex 10.642811037472578 7.111298982650907 0
      vertex 10.642811037472578 -7.111298982650907 0
    endloop
  endfacet
  facet normal 0 0 -1
    outer loop
      vertex 10.642811037472578 -7.111298982650907 0
      vertex 10.97892620800348 6.580515125673238 0
      vertex 10.97892620800348 -6.580515125673238 0
    endloop
  endfacet
  facet normal 0 0 -1
    outer loop
      vertex 10.97892620800348 -6.580515125673238 0
      vertex 11.288592183658944 6.0338782313727695 0
      vertex 11.288592183658944 -6.0338782313727695 0
    endloop
  endfacet
  facet normal 0 0 -1
    outer loop
      vertex 11.288592183658944 -6.0338782313727695 0
      vertex 11.571062951980073 5.4727051959076105 0
      vertex 11.571062951980073 -5.4727051959076105 0
    endloop
  endfacet
  facet normal 0 0 -1
    outer loop
      vertex 11.571062951980073 -5.4727051959076105 0
      vertex 11.82565801614447 4.898347934273149 0
      vertex 11.82565801614447 -4.898347934273149 0
    endloop
  endfacet
  facet normal 0 0 -1
    outer loop
      vertex 11.82565801614447 -4.898347934273149 0
      vertex 12.051764034342666 4.312190123420416 0
      vertex 12.051764034342666 -4.312190123420416 0
    endloop
  endfacet
  facet normal 0 0 -1
    outer loop
      vertex 12.051764034342666 -4.312190123420416 0
      vertex 12.248836297372272 3.7156438688571174 0
      vertex 12.248836297372272 -3.7156438688571174 0
    endloop
  endfacet
  facet normal 0 0 -1
    outer loop
      vertex 12.248836297372272 -3.7156438688571174 0
      vertex 12.416400040890162 3.1101463027617773 0
      vertex 12.416400040890162 -3.1101463027617773 0
    endloop
  endfacet
  facet normal 0 0 -1
    outer loop
      vertex 12.416400040890162 -3.1101463027617773 0
      vertex 12.554051589161348 2.4971561218064413 0
      vertex 12.554051589161348 -2.4971561218064413 0
    endloop
  endfacet
  facet normal 0 0 -1
    outer loop
      vertex 12.554051589161348 -2.4971561218064413 0
      vertex 12.661459327549196 1.8781500730286302 0
      vertex 12.661459327549196 -1.8781500730286302 0
    endloop
  endfacet
  facet normal 0 0 -1
    outer loop
      vertex 12.661459327549196 -1.8781500730286302 0
      vertex 12.738364501404119 1.2546193962183756 0
      vertex 12.738364501404119 -1.2546193962183756 0
    endloop
  endfacet
  facet normal 0 0 -1
    outer loop
      vertex 12.738364501404119 -1.2546193962183756 0
      vertex 12.784581839426206 0.6280662313909505 0
      vertex 12.784581839426206 -0.6280662313909505 0
    endloop
  endfacet
  facet normal 0.870086991108711 -0.492898192229785 0
    outer loop
      vertex 10.97892620800348 -6.580515125673238 0
      vertex 11.288592183658944 -6.0338782313727695 0
      vertex 10.97892620800348 -6.580515125673238 8.5
    endloop
  endfacet
  facet normal 0.8932243011955158 -0.4496113296546055 0
    outer loop
      vertex 11.288592183658944 -6.0338782313727695 0
      vertex 11.571062951980073 -5.4727051959076105 0
      vertex 11.288592183658944 -6.0338782313727695 8.5
    endloop
  endfacet
  facet normal 0.9142097557035301 -0.40524131400499097 0
    outer loop
      vertex 11.571062951980073 -5.4727051959076105 0
      vertex 11.82565801614447 -4.898347934273149 0
      vertex 11.571062951980073 -5.4727051959076105 8.5
    endloop
  endfacet
  facet normal 0.9329927988347385 -0.3598950365349894 0
    outer loop
      vertex 11.82565801614447 -4.898347934273149 0
      vertex 12.051764034342666 -4.312190123420416 0
      vertex 11.82565801614447 -4.898347934273149 8.5
    endloop
  endfacet
  facet normal 0.9495281805930377 -0.31368174039888846 0
    outer loop
      vertex 12.051764034342666 -4.312190123420416 0
      vertex 12.248836297372272 -3.7156438688571174 0
      vertex 12.051764034342666 -4.312190123420416 8.5
    endloop
  endfacet
  facet normal 0.9637760657954396 -0.2667127574748995 0
    outer loop
      vertex 12.248836297372272 -3.7156438688571174 0
      vertex 12.416400040890162 -3.1101463027617773 0
      vertex 12.248836297372272 -3.7156438688571174 8.5
    endloop
  endfacet
  facet normal 0.9757021300385286 -0.2191012401568698 0
    outer loop
      vertex 12.416400040890162 -3.1101463027617773 0
      vertex 12.554051589161348 -2.4971561218064413 0
      vertex 12.416400040890162 -3.1101463027617773 8.5
    endloop
  endfacet
  facet normal 0.9852776423889412 -0.17096188876030197 0
    outer loop
      vertex 12.554051589161348 -2.4971561218064413 0
      vertex 12.661459327549196 -1.8781500730286302 0
      vertex 12.554051589161348 -2.4971561218064413 8.5
    endloop
  endfacet
  facet normal 0.9924795345987101 -0.12241067519921568 0
    outer loop
      vertex 12.661459327549196 -1.8781500730286302 0
      vertex 12.738364501404119 -1.2546193962183756 0
      vertex 12.661459327549196 -1.8781500730286302 8.5
    endloop
  endfacet
  facet normal 0.9972904566786902 -0.07356456359966851 0
    outer loop
      vertex 12.738364501404119 -1.2546193962183756 0
      vertex 12.784581839426206 -0.6280662313909505 0
      vertex 12.738364501404119 -1.2546193962183756 8.5
    endloop
  endfacet
  facet normal 0.9996988186962042 -0.024541228522911473 0
    outer loop
      vertex 12.784581839426206 -0.6280662313909505 0
      vertex 12.799999999999999 0 0
      vertex 12.784581839426206 -0.6280662313909505 8.5
    endloop
  endfacet
  facet normal 0.02454122852298928 -0.9996988186962021 -4.2763360392815945e-16
    outer loop
      vertex 0.6280662313909505 -12.784581839426206 8.5
      vertex 0.5884711682419382 -12.785553843668831 3.117054193209677
      vertex 0.6 -12.785270826734644 3
    endloop
  endfacet
  facet normal 0.0245412285228812 -0.999698818696205 3.6785090937881783e-16
    outer loop
      vertex 0.6280662313909505 -12.784581839426206 8.5
      vertex 0.5543277195067721 -12.786392018289325 3.2296100594190538
      vertex 0.5884711682419382 -12.785553843668831 3.117054193209677
    endloop
  endfacet
  facet normal 0.024541228522923387 -0.9996988186962038 -2.2271263618044346e-16
    outer loop
      vertex 0.6280662313909505 -12.784581839426206 8.5
      vertex 0.4988817673815271 -12.787753140015518 3.3333421398117613
      vertex 0.5543277195067721 -12.786392018289325 3.2296100594190538
    endloop
  endfacet
  facet normal 0.024541228522904638 -0.9996988186962045 8.781382250978084e-16
    outer loop
      vertex 0.6280662313909505 -12.784581839426206 8.5
      vertex 0 -12.799999999999999 3.6
      vertex 0.11705419320967694 -12.79712648084463 3.5884711682419383
    endloop
  endfacet
  facet normal 0.024541228522924934 -0.9996988186962038 -9.11774554206924e-16
    outer loop
      vertex 0.6280662313909505 -12.784581839426206 8.5
      vertex 0.22961005941905385 -12.794363389418914 3.554327719506772
      vertex 0.3333421398117613 -12.791816909776779 3.498881767381527
    endloop
  endfacet
  facet normal 0.024541228522911088 -0.9996988186962042 2.0456186637544703e-16
    outer loop
      vertex 0.6280662313909505 -12.784581839426206 8.5
      vertex 0.11705419320967694 -12.79712648084463 3.5884711682419383
      vertex 0.22961005941905385 -12.794363389418914 3.554327719506772
    endloop
  endfacet
  facet normal 0.024541228522914797 -0.9996988186962041 -7.874543925464487e-18
    outer loop
      vertex 0.6280662313909505 -12.784581839426206 8.5
      vertex 0.4242640687119285 -12.789584901702796 3.4242640687119286
      vertex 0.4988817673815271 -12.787753140015518 3.3333421398117613
    endloop
  endfacet
  facet normal 0.02454122852289856 -0.9996988186962047 6.447558881272416e-16
    outer loop
      vertex 0.6280662313909505 -12.784581839426206 8.5
      vertex 0.3333421398117613 -12.791816909776779 3.498881767381527
      vertex 0.4242640687119285 -12.789584901702796 3.4242640687119286
    endloop
  endfacet
  facet normal 0.12241067519923039 -0.9924795345987082 3.6163937408589565e-16
    outer loop
      vertex 1.2546193962183756 -12.738364501404119 8.5
      vertex 1.4 -12.7204335141652 3
      vertex 1.4115288317580617 -12.719011568391442 3.117054193209677
    endloop
  endfacet
  facet normal 0.12241067519919738 -0.9924795345987123 -6.143670171526385e-16
    outer loop
      vertex 1.2546193962183756 -12.738364501404119 8.5
      vertex 1.4115288317580617 -12.719011568391442 3.117054193209677
      vertex 1.4456722804932278 -12.714800375648823 3.2296100594190538
    endloop
  endfacet
  facet normal 0.12241067519921807 -0.9924795345987097 1.4499072329350292e-16
    outer loop
      vertex 1.2546193962183756 -12.738364501404119 8.5
      vertex 1.4456722804932278 -12.714800375648823 3.2296100594190538
      vertex 1.5011182326184729 -12.707961769712773 3.3333421398117613
    endloop
  endfacet
  facet normal 0.12241067519922155 -0.9924795345987093 -4.0853725231439896e-16
    outer loop
      vertex 1.8781500730286302 -12.661459327549196 8.5
      vertex 1.5011182326184729 -12.707961769712773 3.3333421398117613
      vertex 1.5757359312880714 -12.698758554374281 3.4242640687119286
    endloop
  endfacet
  facet normal 0.12241067519921753 -0.9924795345987099 -1.6038277095098025e-16
    outer loop
      vertex 1.8781500730286302 -12.661459327549196 8.5
      vertex 1.5757359312880714 -12.698758554374281 3.4242640687119286
      vertex 1.6666578601882387 -12.687544404037585 3.498881767381527
    endloop
  endfacet
  facet normal 0.1224106751992092 -0.9924795345987109 1.9894202689941945e-16
    outer loop
      vertex 1.8781500730286302 -12.661459327549196 8.5
      vertex 1.6666578601882387 -12.687544404037585 3.498881767381527
      vertex 1.7703899405809462 -12.674750272211154 3.554327719506772
    endloop
  endfacet
  facet normal 0.1224106751992182 -0.9924795345987099 0
    outer loop
      vertex 1.8781500730286302 -12.661459327549196 8.5
      vertex 1.7703899405809462 -12.674750272211154 3.554327719506772
      vertex 1.8781500730286302 -12.661459327549196 3.587016398309865
    endloop
  endfacet
  facet normal 0.17096188876034818 -0.985277642388933 0
    outer loop
      vertex 1.8781500730286302 -12.661459327549196 8.5
      vertex 1.8781500730286302 -12.661459327549196 3.587016398309865
      vertex 1.882945806790323 -12.660627188803103 3.5884711682419383
    endloop
  endfacet
  facet normal 0.1709618887603033 -0.985277642388941 -4.517954285976356e-17
    outer loop
      vertex 1.8781500730286302 -12.661459327549196 8.5
      vertex 1.882945806790323 -12.660627188803103 3.5884711682419383
      vertex 2 -12.640316359553067 3.6
    endloop
  endfacet
  facet normal 0.17096188876030297 -0.985277642388941 -1.8105230156003297e-16
    outer loop
      vertex 2.4971561218064413 -12.554051589161348 8.5
      vertex 2 -12.640316359553067 3.6
      vertex 2.117054193209677 -12.62000553030303 3.5884711682419383
    endloop
  endfacet
  facet normal 0.17096188876029128 -0.985277642388943 7.447716011947045e-16
    outer loop
      vertex 2.4971561218064413 -12.554051589161348 8.5
      vertex 2.117054193209677 -12.62000553030303 3.5884711682419383
      vertex 2.2296100594190538 -12.60047523483063 3.554327719506772
    endloop
  endfacet
  facet normal 0.17096188876031201 -0.9852776423889393 -4.095462600568284e-16
    outer loop
      vertex 2.4971561218064413 -12.554051589161348 8.5
      vertex 2.2296100594190538 -12.60047523483063 3.554327719506772
      vertex 2.3333421398117613 -12.582476011438152 3.498881767381527
    endloop
  endfacet
  facet normal 0.21910124015683263 -0.9757021300385369 3.7058579932059246e-15
    outer loop
      vertex 3.1101463027617773 -12.416400040890162 8.5
      vertex 2.5884711682419383 -12.533546109770615 3.117054193209677
      vertex 2.6 -12.53095722402569 3
    endloop
  endfacet
  facet normal 0.21910124015685645 -0.9757021300385316 1.386618227572194e-15
    outer loop
      vertex 3.1101463027617773 -12.416400040890162 8.5
      vertex 2.554327719506772 -12.54121327757808 3.2296100594190538
      vertex 2.5884711682419383 -12.533546109770615 3.117054193209677
    endloop
  endfacet
  facet normal 0.21910124015687452 -0.9757021300385275 -6.805962981754148e-16
    outer loop
      vertex 3.1101463027617773 -12.416400040890162 8.5
      vertex 2.498881767381527 -12.553664082489043 3.3333421398117613
      vertex 2.554327719506772 -12.54121327757808 3.2296100594190538
    endloop
  endfacet
  facet normal 0.1709618887603026 -0.985277642388941 0
    outer loop
      vertex 2.4971561218064413 -12.554051589161348 8.5
      vertex 2.4242640687119286 -12.566699560186489 3.4242640687119286
      vertex 2.4971561218064413 -12.554051589161348 3.3354448450289187
    endloop
  endfacet
  facet normal 0.17096188876029778 -0.9852776423889419 7.159196040223102e-17
    outer loop
      vertex 2.4971561218064413 -12.554051589161348 8.5
      vertex 2.3333421398117613 -12.582476011438152 3.498881767381527
      vertex 2.4242640687119286 -12.566699560186489 3.4242640687119286
    endloop
  endfacet
  facet normal 0.2191012401570645 -0.9757021300384848 -2.449921111334906e-14
    outer loop
      vertex 3.1101463027617773 -12.416400040890162 8.5
      vertex 2.4971561218064413 -12.554051589161348 3.3354448450289187
      vertex 2.498881767381527 -12.553664082489043 3.3333421398117613
    endloop
  endfacet
  facet normal 0.07356456359966851 -0.9972904566786902 0
    outer loop
      vertex 0.6280662313909505 -12.784581839426206 0
      vertex 1.2546193962183756 -12.738364501404119 8.5
      vertex 0.6280662313909505 -12.784581839426206 8.5
    endloop
  endfacet
  facet normal 0.2667127574748995 -0.9637760657954396 0
    outer loop
      vertex 3.1101463027617773 -12.416400040890162 0
      vertex 3.7156438688571174 -12.248836297372272 8.5
      vertex 3.1101463027617773 -12.416400040890162 8.5
    endloop
  endfacet
  facet normal 0.31368174039888846 -0.9495281805930377 0
    outer loop
      vertex 3.7156438688571174 -12.248836297372272 0
      vertex 4.312190123420416 -12.051764034342666 8.5
      vertex 3.7156438688571174 -12.248836297372272 8.5
    endloop
  endfacet
  facet normal 0.3598950365349894 -0.9329927988347385 0
    outer loop
      vertex 4.312190123420416 -12.051764034342666 0
      vertex 4.898347934273149 -11.82565801614447 8.5
      vertex 4.312190123420416 -12.051764034342666 8.5
    endloop
  endfacet
  facet normal 0.40524131400499097 -0.9142097557035301 0
    outer loop
      vertex 4.898347934273149 -11.82565801614447 0
      vertex 5.4727051959076105 -11.571062951980073 8.5
      vertex 4.898347934273149 -11.82565801614447 8.5
    endloop
  endfacet
  facet normal 0.4496113296546055 -0.8932243011955158 0
    outer loop
      vertex 5.4727051959076105 -11.571062951980073 0
      vertex 6.0338782313727695 -11.288592183658944 8.5
      vertex 5.4727051959076105 -11.571062951980073 8.5
    endloop
  endfacet
  facet normal 0.492898192229785 -0.870086991108711 0
    outer loop
      vertex 6.0338782313727695 -11.288592183658944 0
      vertex 6.580515125673238 -10.97892620800348 8.5
      vertex 6.0338782313727695 -11.288592183658944 8.5
    endloop
  endfacet
  facet normal 0.024541228522911476 -0.9996988186962042 0
    outer loop
      vertex 0 -12.799999999999999 8.5
      vertex 0 -12.799999999999999 3.6
      vertex 0.6280662313909505 -12.784581839426206 8.5
    endloop
  endfacet
  facet normal 0.12241067519921568 -0.9924795345987101 3.164035720046025e-17
    outer loop
      vertex 1.2546193962183756 -12.738364501404119 8.5
      vertex 1.5011182326184729 -12.707961769712773 3.3333421398117613
      vertex 1.8781500730286302 -12.661459327549196 8.5
    endloop
  endfacet
  facet normal 0.17096188876030194 -0.9852776423889411 -7.954889287054969e-17
    outer loop
      vertex 1.8781500730286302 -12.661459327549196 8.5
      vertex 2 -12.640316359553067 3.6
      vertex 2.4971561218064413 -12.554051589161348 8.5
    endloop
  endfacet
  facet normal 0.2191012401568698 -0.9757021300385286 0
    outer loop
      vertex 2.4971561218064413 -12.554051589161348 8.5
      vertex 2.4971561218064413 -12.554051589161348 3.3354448450289187
      vertex 3.1101463027617773 -12.416400040890162 8.5
    endloop
  endfacet
  facet normal 0 0 1
    outer loop
      vertex 0 -12.799999999999999 8.5
      vertex 0.6280662313909505 -12.784581839426206 8.5
      vertex 0 -9.1 8.5
    endloop
  endfacet
  facet normal 0 0 1
    outer loop
      vertex 0.6280662313909505 -12.784581839426206 8.5
      vertex 1.2546193962183756 -12.738364501404119 8.5
      vertex 0.4465158363795039 -9.08903865146707 8.5
    endloop
  endfacet
  facet normal 0 0 1
    outer loop
      vertex 1.2546193962183756 -12.738364501404119 8.5
      vertex 1.8781500730286302 -12.661459327549196 8.5
      vertex 0.8919559769990014 -9.056181012716992 8.5
    endloop
  endfacet
  facet normal 0 0 1
    outer loop
      vertex 0.6280662313909505 -12.784581839426206 8.5
      vertex 0.4465158363795039 -9.08903865146707 8.5
      vertex 0 -9.1 8.5
    endloop
  endfacet
  facet normal 0 0 1
    outer loop
      vertex 1.2546193962183756 -12.738364501404119 8.5
      vertex 0.8919559769990014 -9.056181012716992 8.5
      vertex 0.4465158363795039 -9.08903865146707 8.5
    endloop
  endfacet
  facet normal 0 0 1
    outer loop
      vertex 1.8781500730286302 -12.661459327549196 8.5
      vertex 1.3352473175437918 -9.001506240679507 8.5
      vertex 0.8919559769990014 -9.056181012716992 8.5
    endloop
  endfacet
  facet normal 0 0 1
    outer loop
      vertex 1.8781500730286302 -12.661459327549196 8.5
      vertex 2.4971561218064413 -12.554051589161348 8.5
      vertex 1.7753219303467669 -8.925146051669397 8.5
    endloop
  endfacet
  facet normal 0 0 1
    outer loop
      vertex 2.4971561218064413 -12.554051589161348 8.5
      vertex 3.1101463027617773 -12.416400040890162 8.5
      vertex 2.211119637119701 -8.82728440407035 8.5
    endloop
  endfacet
  facet normal 0 0 1
    outer loop
      vertex 1.8781500730286302 -12.661459327549196 8.5
      vertex 1.7753219303467669 -8.925146051669397 8.5
      vertex 1.3352473175437918 -9.001506240679507 8.5
    endloop
  endfacet
  facet normal 0 0 1
    outer loop
      vertex 2.4971561218064413 -12.554051589161348 8.5
      vertex 2.211119637119701 -8.82728440407035 8.5
      vertex 1.7753219303467669 -8.925146051669397 8.5
    endloop
  endfacet
  facet normal 0 0 1
    outer loop
      vertex 3.1101463027617773 -12.416400040890162 8.5
      vertex 2.641590563015607 -8.7081570551631 8.5
      vertex 2.211119637119701 -8.82728440407035 8.5
    endloop
  endfacet
  facet normal 0 0 1
    outer loop
      vertex 3.1101463027617773 -12.416400040890162 8.5
      vertex 3.0656976658692026 -8.568050993165489 8.5
      vertex 2.641590563015607 -8.7081570551631 8.5
    endloop
  endfacet
  facet normal 0 0 1
    outer loop
      vertex 3.1101463027617773 -12.416400040890162 8.5
      vertex 3.7156438688571174 -12.248836297372272 8.5
      vertex 3.0656976658692026 -8.568050993165489 8.5
    endloop
  endfacet
  facet normal 0 0 1
    outer loop
      vertex 3.7156438688571174 -12.248836297372272 8.5
      vertex 4.312190123420416 -12.051764034342666 8.5
      vertex 3.482419234522317 -8.407303745852708 8.5
    endloop
  endfacet
  facet normal 0 0 1
    outer loop
      vertex 3.7156438688571174 -12.248836297372272 8.5
      vertex 3.482419234522317 -8.407303745852708 8.5
      vertex 3.0656976658692026 -8.568050993165489 8.5
    endloop
  endfacet
  facet normal 0 0 1
    outer loop
      vertex 4.312190123420416 -12.051764034342666 8.5
      vertex 4.898347934273149 -11.82565801614447 8.5
      vertex 4.289710305116579 -8.02548350557003 8.5
    endloop
  endfacet
  facet normal 0 0 1
    outer loop
      vertex 4.898347934273149 -11.82565801614447 8.5
      vertex 5.4727051959076105 -11.571062951980073 8.5
      vertex 4.678334972158318 -7.805330351002475 8.5
    endloop
  endfacet
  facet normal 0 0 1
    outer loop
      vertex 5.4727051959076105 -11.571062951980073 8.5
      vertex 6.0338782313727695 -11.288592183658944 8.5
      vertex 5.420863670881143 -7.309188536473869 8.5
    endloop
  endfacet
  facet normal 0 0 1
    outer loop
      vertex 6.0338782313727695 -11.288592183658944 8.5
      vertex 6.580515125673238 -10.97892620800348 8.5
      vertex 5.772978885889174 -7.0343951256009065 8.5
    endloop
  endfacet
  facet normal 0 0 1
    outer loop
      vertex 4.312190123420416 -12.051764034342666 8.5
      vertex 3.8907513502155666 -8.226302567423334 8.5
      vertex 3.482419234522317 -8.407303745852708 8.5
    endloop
  endfacet
  facet normal 0 0 1
    outer loop
      vertex 4.312190123420416 -12.051764034342666 8.5
      vertex 4.289710305116579 -8.02548350557003 8.5
      vertex 3.8907513502155666 -8.226302567423334 8.5
    endloop
  endfacet
  facet normal 0 0 1
    outer loop
      vertex 4.898347934273149 -11.82565801614447 8.5
      vertex 4.678334972158318 -7.805330351002475 8.5
      vertex 4.289710305116579 -8.02548350557003 8.5
    endloop
  endfacet
  facet normal 0 0 1
    outer loop
      vertex 5.4727051959076105 -11.571062951980073 8.5
      vertex 5.055689120478379 -7.5663734719531615 8.5
      vertex 4.678334972158318 -7.805330351002475 8.5
    endloop
  endfacet
  facet normal 0 0 1
    outer loop
      vertex 5.4727051959076105 -11.571062951980073 8.5
      vertex 5.420863670881143 -7.309188536473869 8.5
      vertex 5.055689120478379 -7.5663734719531615 8.5
    endloop
  endfacet
  facet normal 0 0 1
    outer loop
      vertex 6.0338782313727695 -11.288592183658944 8.5
      vertex 5.772978885889174 -7.0343951256009065 8.5
      vertex 5.420863670881143 -7.309188536473869 8.5
    endloop
  endfacet
  facet normal 0 0 1
    outer loop
      vertex 6.580515125673238 -10.97892620800348 8.5
      vertex 6.111186489107868 -6.7426552407301275 8.5
      vertex 5.772978885889174 -7.0343951256009065 8.5
    endloop
  endfacet
  facet normal 0 0 1
    outer loop
      vertex 6.580515125673238 -10.97892620800348 8.5
      vertex 6.434671708797583 -6.434671708797583 8.5
      vertex 6.111186489107868 -6.7426552407301275 8.5
    endloop
  endfacet
  facet normal 0.5349976198870974 -0.8448535652497069 0
    outer loop
      vertex 6.580515125673238 -10.97892620800348 0
      vertex 7.111298982650907 -10.642811037472578 8.5
      vertex 6.580515125673238 -10.97892620800348 8.5
    endloop
  endfacet
  facet normal 0.5758081914178441 -0.8175848131515845 0
    outer loop
      vertex 7.111298982650907 -10.642811037472578 0
      vertex 7.624951097503146 -10.281056402952254 8.5
      vertex 7.111298982650907 -10.642811037472578 8.5
    endloop
  endfacet
  facet normal 0.6152315905806274 -0.7883464276266058 0
    outer loop
      vertex 7.624951097503146 -10.281056402952254 0
      vertex 8.120234037294662 -9.894533803043032 8.5
      vertex 7.624951097503146 -10.281056402952254 8.5
    endloop
  endfacet
  facet normal 0.6531728429537758 -0.7572088465064852 0
    outer loop
      vertex 8.120234037294662 -9.894533803043032 0
      vertex 8.595954622041836 -9.484174404543475 8.5
      vertex 8.120234037294662 -9.894533803043032 8.5
    endloop
  endfacet
  facet normal 0.6895405447370665 -0.7242470829514673 0
    outer loop
      vertex 8.595954622041836 -9.484174404543475 0
      vertex 9.050966799187808 -9.050966799187808 8.5
      vertex 8.595954622041836 -9.484174404543475 8.5
    endloop
  endfacet
  facet normal 0.7242470829514673 -0.6895405447370665 0
    outer loop
      vertex 9.484174404543475 -8.595954622041836 0
      vertex 9.484174404543475 -8.595954622041836 8.5
      vertex 9.050966799187808 -9.050966799187808 8.5
    endloop
  endfacet
  facet normal 0.7572088465064852 -0.6531728429537758 0
    outer loop
      vertex 9.894533803043032 -8.120234037294662 0
      vertex 9.894533803043032 -8.120234037294662 8.5
      vertex 9.484174404543475 -8.595954622041836 8.5
    endloop
  endfacet
  facet normal 0.7883464276266058 -0.6152315905806274 0
    outer loop
      vertex 10.281056402952254 -7.624951097503146 0
      vertex 10.281056402952254 -7.624951097503146 8.5
      vertex 9.894533803043032 -8.120234037294662 8.5
    endloop
  endfacet
  facet normal 0.8175848131515845 -0.5758081914178441 0
    outer loop
      vertex 10.642811037472578 -7.111298982650907 0
      vertex 10.642811037472578 -7.111298982650907 8.5
      vertex 10.281056402952254 -7.624951097503146 8.5
    endloop
  endfacet
  facet normal 0.8448535652497069 -0.5349976198870974 0
    outer loop
      vertex 10.97892620800348 -6.580515125673238 0
      vertex 10.97892620800348 -6.580515125673238 8.5
      vertex 10.642811037472578 -7.111298982650907 8.5
    endloop
  endfacet
  facet normal 0 0 1
    outer loop
      vertex 6.580515125673238 -10.97892620800348 8.5
      vertex 7.111298982650907 -10.642811037472578 8.5
      vertex 6.434671708797583 -6.434671708797583 8.5
    endloop
  endfacet
  facet normal 0 0 1
    outer loop
      vertex 7.111298982650907 -10.642811037472578 8.5
      vertex 7.624951097503146 -10.281056402952254 8.5
      vertex 7.0343951256009065 -5.772978885889174 8.5
    endloop
  endfacet
  facet normal 0 0 1
    outer loop
      vertex 7.624951097503146 -10.281056402952254 8.5
      vertex 8.120234037294662 -9.894533803043032 8.5
      vertex 7.5663734719531615 -5.055689120478379 8.5
    endloop
  endfacet
  facet normal 0 0 1
    outer loop
      vertex 7.111298982650907 -10.642811037472578 8.5
      vertex 6.7426552407301275 -6.111186489107868 8.5
      vertex 6.434671708797583 -6.434671708797583 8.5
    endloop
  endfacet
  facet normal 0 0 1
    outer loop
      vertex 7.111298982650907 -10.642811037472578 8.5
      vertex 7.0343951256009065 -5.772978885889174 8.5
      vertex 6.7426552407301275 -6.111186489107868 8.5
    endloop
  endfacet
  facet normal 0 0 1
    outer loop
      vertex 7.624951097503146 -10.281056402952254 8.5
      vertex 7.309188536473869 -5.420863670881143 8.5
      vertex 7.0343951256009065 -5.772978885889174 8.5
    endloop
  endfacet
  facet normal 0 0 1
    outer loop
      vertex 7.624951097503146 -10.281056402952254 8.5
      vertex 7.5663734719531615 -5.055689120478379 8.5
      vertex 7.309188536473869 -5.420863670881143 8.5
    endloop
  endfacet
  facet normal 0 0 1
    outer loop
      vertex 8.120234037294662 -9.894533803043032 8.5
      vertex 7.805330351002475 -4.678334972158318 8.5
      vertex 7.5663734719531615 -5.055689120478379 8.5
    endloop
  endfacet
  facet normal 0 0 1
    outer loop
      vertex 8.120234037294662 -9.894533803043032 8.5
      vertex 8.595954622041836 -9.484174404543475 8.5
      vertex 8.02548350557003 -4.289710305116579 8.5
    endloop
  endfacet
  facet normal 0 0 1
    outer loop
      vertex 8.595954622041836 -9.484174404543475 8.5
      vertex 9.050966799187808 -9.050966799187808 8.5
      vertex 8.568050993165489 -3.0656976658692026 8.5
    endloop
  endfacet
  facet normal 0.870086991108711 -0.492898192229785 0
    outer loop
      vertex 11.288592183658944 -6.0338782313727695 0
      vertex 11.288592183658944 -6.0338782313727695 8.5
      vertex 10.97892620800348 -6.580515125673238 8.5
    endloop
  endfacet
  facet normal 0.8932243011955158 -0.4496113296546055 0
    outer loop
      vertex 11.571062951980073 -5.4727051959076105 0
      vertex 11.571062951980073 -5.4727051959076105 8.5
      vertex 11.288592183658944 -6.0338782313727695 8.5
    endloop
  endfacet
  facet normal 0.9142097557035301 -0.40524131400499097 0
    outer loop
      vertex 11.82565801614447 -4.898347934273149 0
      vertex 11.82565801614447 -4.898347934273149 8.5
      vertex 11.571062951980073 -5.4727051959076105 8.5
    endloop
  endfacet
  facet normal 0.9329927988347385 -0.3598950365349894 0
    outer loop
      vertex 12.051764034342666 -4.312190123420416 0
      vertex 12.051764034342666 -4.312190123420416 8.5
      vertex 11.82565801614447 -4.898347934273149 8.5
    endloop
  endfacet
  facet normal 0.9495281805930377 -0.31368174039888846 0
    outer loop
      vertex 12.248836297372272 -3.7156438688571174 0
      vertex 12.248836297372272 -3.7156438688571174 8.5
      vertex 12.051764034342666 -4.312190123420416 8.5
    endloop
  endfacet
  facet normal 0.9637760657954396 -0.2667127574748995 0
    outer loop
      vertex 12.416400040890162 -3.1101463027617773 0
      vertex 12.416400040890162 -3.1101463027617773 8.5
      vertex 12.248836297372272 -3.7156438688571174 8.5
    endloop
  endfacet
  facet normal 0.9757021300385286 -0.2191012401568698 0
    outer loop
      vertex 12.554051589161348 -2.4971561218064413 0
      vertex 12.554051589161348 -2.4971561218064413 8.5
      vertex 12.416400040890162 -3.1101463027617773 8.5
    endloop
  endfacet
  facet normal 0.9852776423889412 -0.17096188876030197 0
    outer loop
      vertex 12.661459327549196 -1.8781500730286302 0
      vertex 12.661459327549196 -1.8781500730286302 8.5
      vertex 12.554051589161348 -2.4971561218064413 8.5
    endloop
  endfacet
  facet normal 0.9924795345987101 -0.12241067519921568 0
    outer loop
      vertex 12.738364501404119 -1.2546193962183756 0
      vertex 12.738364501404119 -1.2546193962183756 8.5
      vertex 12.661459327549196 -1.8781500730286302 8.5
    endloop
  endfacet
  facet normal 0.9972904566786902 -0.07356456359966851 0
    outer loop
      vertex 12.784581839426206 -0.6280662313909505 0
      vertex 12.784581839426206 -0.6280662313909505 8.5
      vertex 12.738364501404119 -1.2546193962183756 8.5
    endloop
  endfacet
  facet normal 0.9996988186962042 -0.024541228522911473 -3.3344478636415296e-20
    outer loop
      vertex 12.784581839426206 -0.6280662313909505 8.5
      vertex 12.799999999999999 0 0
      vertex 12.799999999999999 0 8.5
    endloop
  endfacet
  facet normal 0 0 1
    outer loop
      vertex 8.120234037294662 -9.894533803043032 8.5
      vertex 8.02548350557003 -4.289710305116579 8.5
      vertex 7.805330351002475 -4.678334972158318 8.5
    endloop
  endfacet
  facet normal 0 0 1
    outer loop
      vertex 8.595954622041836 -9.484174404543475 8.5
      vertex 8.226302567423334 -3.8907513502155666 8.5
      vertex 8.02548350557003 -4.289710305116579 8.5
    endloop
  endfacet
  facet normal 0 0 1
    outer loop
      vertex 8.595954622041836 -9.484174404543475 8.5
      vertex 8.407303745852708 -3.482419234522317 8.5
      vertex 8.226302567423334 -3.8907513502155666 8.5
    endloop
  endfacet
  facet normal 0 0 1
    outer loop
      vertex 8.595954622041836 -9.484174404543475 8.5
      vertex 8.568050993165489 -3.0656976658692026 8.5
      vertex 8.407303745852708 -3.482419234522317 8.5
    endloop
  endfacet
  facet normal 0 0 1
    outer loop
      vertex 9.050966799187808 -9.050966799187808 8.5
      vertex 8.7081570551631 -2.641590563015607 8.5
      vertex 8.568050993165489 -3.0656976658692026 8.5
    endloop
  endfacet
  facet normal 0 0 1
    outer loop
      vertex 9.050966799187808 -9.050966799187808 8.5
      vertex 9.484174404543475 -8.595954622041836 8.5
      vertex 9.001506240679507 -1.3352473175437918 8.5
    endloop
  endfacet
  facet normal 0 0 1
    outer loop
      vertex 9.050966799187808 -9.050966799187808 8.5
      vertex 8.82728440407035 -2.211119637119701 8.5
      vertex 8.7081570551631 -2.641590563015607 8.5
    endloop
  endfacet
  facet normal 0 0 1
    outer loop
      vertex 9.050966799187808 -9.050966799187808 8.5
      vertex 8.925146051669397 -1.7753219303467669 8.5
      vertex 8.82728440407035 -2.211119637119701 8.5
    endloop
  endfacet
  facet normal 0 0 1
    outer loop
      vertex 9.050966799187808 -9.050966799187808 8.5
      vertex 9.001506240679507 -1.3352473175437918 8.5
      vertex 8.925146051669397 -1.7753219303467669 8.5
    endloop
  endfacet
  facet normal 0 0 1
    outer loop
      vertex 9.484174404543475 -8.595954622041836 8.5
      vertex 9.056181012716992 -0.8919559769990014 8.5
      vertex 9.001506240679507 -1.3352473175437918 8.5
    endloop
  endfacet
  facet normal 0 0 1
    outer loop
      vertex 9.484174404543475 -8.595954622041836 8.5
      vertex 9.08903865146707 -0.4465158363795039 8.5
      vertex 9.056181012716992 -0.8919559769990014 8.5
    endloop
  endfacet
  facet normal 0 0 1
    outer loop
      vertex 9.484174404543475 -8.595954622041836 8.5
      vertex 9.1 0 8.5
      vertex 9.08903865146707 -0.4465158363795039 8.5
    endloop
  endfacet
  facet normal 0 0 1
    outer loop
      vertex 9.484174404543475 -8.595954622041836 8.5
      vertex 9.894533803043032 -8.120234037294662 8.5
      vertex 9.484174404543475 8.595954622041836 8.5
    endloop
  endfacet
  facet normal 0 0 1
    outer loop
      vertex 9.894533803043032 -8.120234037294662 8.5
      vertex 10.281056402952254 -7.624951097503146 8.5
      vertex 9.894533803043032 8.120234037294662 8.5
    endloop
  endfacet
  facet normal 0 0 1
    outer loop
      vertex 10.281056402952254 -7.624951097503146 8.5
      vertex 10.642811037472578 -7.111298982650907 8.5
      vertex 10.281056402952254 7.624951097503146 8.5
    endloop
  endfacet
  facet normal 0 0 1
    outer loop
      vertex 10.642811037472578 -7.111298982650907 8.5
      vertex 10.97892620800348 -6.580515125673238 8.5
      vertex 10.642811037472578 7.111298982650907 8.5
    endloop
  endfacet
  facet normal 0 0 1
    outer loop
      vertex 10.97892620800348 -6.580515125673238 8.5
      vertex 11.288592183658944 -6.0338782313727695 8.5
      vertex 10.97892620800348 6.580515125673238 8.5
    endloop
  endfacet
  facet normal 0 0 1
    outer loop
      vertex 11.288592183658944 -6.0338782313727695 8.5
      vertex 11.571062951980073 -5.4727051959076105 8.5
      vertex 11.288592183658944 6.0338782313727695 8.5
    endloop
  endfacet
  facet normal 0 0 1
    outer loop
      vertex 11.571062951980073 -5.4727051959076105 8.5
      vertex 11.82565801614447 -4.898347934273149 8.5
      vertex 11.571062951980073 5.4727051959076105 8.5
    endloop
  endfacet
  facet normal 0 0 1
    outer loop
      vertex 11.82565801614447 -4.898347934273149 8.5
      vertex 12.051764034342666 -4.312190123420416 8.5
      vertex 11.82565801614447 4.898347934273149 8.5
    endloop
  endfacet
  facet normal 0 0 1
    outer loop
      vertex 12.051764034342666 -4.312190123420416 8.5
      vertex 12.248836297372272 -3.7156438688571174 8.5
      vertex 12.051764034342666 4.312190123420416 8.5
    endloop
  endfacet
  facet normal 0 0 1
    outer loop
      vertex 12.248836297372272 -3.7156438688571174 8.5
      vertex 12.416400040890162 -3.1101463027617773 8.5
      vertex 12.248836297372272 3.7156438688571174 8.5
    endloop
  endfacet
  facet normal 0 0 1
    outer loop
      vertex 12.416400040890162 -3.1101463027617773 8.5
      vertex 12.554051589161348 -2.4971561218064413 8.5
      vertex 12.416400040890162 3.1101463027617773 8.5
    endloop
  endfacet
  facet normal 0 0 1
    outer loop
      vertex 12.554051589161348 -2.4971561218064413 8.5
      vertex 12.661459327549196 -1.8781500730286302 8.5
      vertex 12.554051589161348 2.4971561218064413 8.5
    endloop
  endfacet
  facet normal 0 0 1
    outer loop
      vertex 12.661459327549196 -1.8781500730286302 8.5
      vertex 12.738364501404119 -1.2546193962183756 8.5
      vertex 12.661459327549196 1.8781500730286302 8.5
    endloop
  endfacet
  facet normal 0 0 1
    outer loop
      vertex 12.738364501404119 -1.2546193962183756 8.5
      vertex 12.784581839426206 -0.6280662313909505 8.5
      vertex 12.738364501404119 1.2546193962183756 8.5
    endloop
  endfacet
  facet normal 0 0 -1
    outer loop
      vertex 0.6280662313909505 12.784581839426206 0
      vertex 0.4465158363795039 9.08903865146707 0
      vertex 0 9.1 0
    endloop
  endfacet
  facet normal 0 0 -1
    outer loop
      vertex 1.2546193962183756 12.738364501404119 0
      vertex 0.8919559769990014 9.056181012716992 0
      vertex 0.4465158363795039 9.08903865146707 0
    endloop
  endfacet
  facet normal 0 0 -1
    outer loop
      vertex 1.8781500730286302 12.661459327549196 0
      vertex 1.3352473175437918 9.001506240679507 0
      vertex 0.8919559769990014 9.056181012716992 0
    endloop
  endfacet
  facet normal 0 0 -1
    outer loop
      vertex 0 12.799999999999999 0
      vertex 0.6280662313909505 12.784581839426206 0
      vertex 0 9.1 0
    endloop
  endfacet
  facet normal 0 0 -1
    outer loop
      vertex 0.6280662313909505 12.784581839426206 0
      vertex 1.2546193962183756 12.738364501404119 0
      vertex 0.4465158363795039 9.08903865146707 0
    endloop
  endfacet
  facet normal 0 0 -1
    outer loop
      vertex 1.2546193962183756 12.738364501404119 0
      vertex 1.8781500730286302 12.661459327549196 0
      vertex 0.8919559769990014 9.056181012716992 0
    endloop
  endfacet
  facet normal 0.024541228522911476 0.9996988186962042 1.4171403420476502e-19
    outer loop
      vertex 0 12.799999999999999 0
      vertex 0.6280662313909505 12.784581839426206 2
      vertex 0.6280662313909505 12.784581839426206 0
    endloop
  endfacet
  facet normal 0.07356456359966851 0.9972904566786901 2.381803240388825e-19
    outer loop
      vertex 0.6280662313909505 12.784581839426206 0
      vertex 1.2546193962183756 12.738364501404119 2
      vertex 1.2546193962183756 12.738364501404119 0
    endloop
  endfacet
  facet normal 0 0 -1
    outer loop
      vertex 1.8781500730286302 12.661459327549196 0
      vertex 1.7753219303467669 8.925146051669397 0
      vertex 1.3352473175437918 9.001506240679507 0
    endloop
  endfacet
  facet normal 0 0 -1
    outer loop
      vertex 2.4971561218064413 12.554051589161348 0
      vertex 2.211119637119701 8.82728440407035 0
      vertex 1.7753219303467669 8.925146051669397 0
    endloop
  endfacet
  facet normal 0 0 -1
    outer loop
      vertex 3.1101463027617773 12.416400040890162 0
      vertex 2.641590563015607 8.7081570551631 0
      vertex 2.211119637119701 8.82728440407035 0
    endloop
  endfacet
  facet normal 0 0 -1
    outer loop
      vertex 3.1101463027617773 12.416400040890162 0
      vertex 3.0656976658692026 8.568050993165489 0
      vertex 2.641590563015607 8.7081570551631 0
    endloop
  endfacet
  facet normal 0 0 -1
    outer loop
      vertex 1.8781500730286302 12.661459327549196 0
      vertex 2.4971561218064413 12.554051589161348 0
      vertex 1.7753219303467669 8.925146051669397 0
    endloop
  endfacet
  facet normal 0 0 -1
    outer loop
      vertex 2.4971561218064413 12.554051589161348 0
      vertex 3.1101463027617773 12.416400040890162 0
      vertex 2.211119637119701 8.82728440407035 0
    endloop
  endfacet
  facet normal 0.12241067519921568 0.9924795345987101 -4.764827228121979e-19
    outer loop
      vertex 1.2546193962183756 12.738364501404119 0
      vertex 1.8781500730286302 12.661459327549196 2
      vertex 1.8781500730286302 12.661459327549196 0
    endloop
  endfacet
  facet normal 0.17096188876030197 0.9852776423889412 -4.255953250925717e-18
    outer loop
      vertex 1.8781500730286302 12.661459327549196 0
      vertex 2.4971561218064413 12.554051589161348 2
      vertex 2.4971561218064413 12.554051589161348 0
    endloop
  endfacet
  facet normal 0.2191012401568698 0.9757021300385286 -1.3603718580437807e-18
    outer loop
      vertex 2.4971561218064413 12.554051589161348 0
      vertex 3.1101463027617773 12.416400040890162 2
      vertex 3.1101463027617773 12.416400040890162 0
    endloop
  endfacet
  facet normal 0.024541228522911476 0.9996988186962042 0
    outer loop
      vertex 0 12.799999999999999 0
      vertex 0 12.799999999999999 2
      vertex 0.6280662313909505 12.784581839426206 2
    endloop
  endfacet
  facet normal 0.07356456359966851 0.9972904566786901 0
    outer loop
      vertex 0.6280662313909505 12.784581839426206 0
      vertex 0.6280662313909505 12.784581839426206 2
      vertex 1.2546193962183756 12.738364501404119 2
    endloop
  endfacet
  facet normal 0.12241067519921568 0.9924795345987101 0
    outer loop
      vertex 1.2546193962183756 12.738364501404119 0
      vertex 1.2546193962183756 12.738364501404119 2
      vertex 1.8781500730286302 12.661459327549196 2
    endloop
  endfacet
  facet normal 0.17096188876030197 0.9852776423889412 0
    outer loop
      vertex 1.8781500730286302 12.661459327549196 0
      vertex 1.8781500730286302 12.661459327549196 2
      vertex 2.4971561218064413 12.554051589161348 2
    endloop
  endfacet
  facet normal 0.2191012401568698 0.9757021300385286 0
    outer loop
      vertex 2.4971561218064413 12.554051589161348 0
      vertex 2.4971561218064413 12.554051589161348 2
      vertex 3.1101463027617773 12.416400040890162 2
    endloop
  endfacet
  facet normal 0 0 -1
    outer loop
      vertex 4.312190123420416 12.051764034342666 0
      vertex 3.8907513502155666 8.226302567423334 0
      vertex 3.482419234522317 8.407303745852708 0
    endloop
  endfacet
  facet normal 0 0 -1
    outer loop
      vertex 4.312190123420416 12.051764034342666 0
      vertex 4.289710305116579 8.02548350557003 0
      vertex 3.8907513502155666 8.226302567423334 0
    endloop
  endfacet
  facet normal 0 0 -1
    outer loop
      vertex 4.898347934273149 11.82565801614447 0
      vertex 4.678334972158318 7.805330351002475 0
      vertex 4.289710305116579 8.02548350557003 0
    endloop
  endfacet
  facet normal 0 0 -1
    outer loop
      vertex 5.4727051959076105 11.571062951980073 0
      vertex 5.055689120478379 7.5663734719531615 0
      vertex 4.678334972158318 7.805330351002475 0
    endloop
  endfacet
  facet normal 0 0 -1
    outer loop
      vertex 5.4727051959076105 11.571062951980073 0
      vertex 5.420863670881143 7.309188536473869 0
      vertex 5.055689120478379 7.5663734719531615 0
    endloop
  endfacet
  facet normal 0 0 -1
    outer loop
      vertex 6.0338782313727695 11.288592183658944 0
      vertex 5.772978885889174 7.0343951256009065 0
      vertex 5.420863670881143 7.309188536473869 0
    endloop
  endfacet
  facet normal 0 0 -1
    outer loop
      vertex 6.580515125673238 10.97892620800348 0
      vertex 6.111186489107868 6.7426552407301275 0
      vertex 5.772978885889174 7.0343951256009065 0
    endloop
  endfacet
  facet normal 0 0 -1
    outer loop
      vertex 6.580515125673238 10.97892620800348 0
      vertex 6.434671708797583 6.434671708797583 0
      vertex 6.111186489107868 6.7426552407301275 0
    endloop
  endfacet
  facet normal 0 0 -1
    outer loop
      vertex 3.7156438688571174 12.248836297372272 0
      vertex 3.482419234522317 8.407303745852708 0
      vertex 3.0656976658692026 8.568050993165489 0
    endloop
  endfacet
  facet normal 0 0 -1
    outer loop
      vertex 3.1101463027617773 12.416400040890162 0
      vertex 3.7156438688571174 12.248836297372272 0
      vertex 3.0656976658692026 8.568050993165489 0
    endloop
  endfacet
  facet normal 0 0 -1
    outer loop
      vertex 3.7156438688571174 12.248836297372272 0
      vertex 4.312190123420416 12.051764034342666 0
      vertex 3.482419234522317 8.407303745852708 0
    endloop
  endfacet
  facet normal 0 0 -1
    outer loop
      vertex 4.312190123420416 12.051764034342666 0
      vertex 4.898347934273149 11.82565801614447 0
      vertex 4.289710305116579 8.02548350557003 0
    endloop
  endfacet
  facet normal 0.2667127574748995 0.9637760657954395 2.5605352434908337e-18
    outer loop
      vertex 3.1101463027617773 12.416400040890162 0
      vertex 3.7156438688571174 12.248836297372272 2
      vertex 3.7156438688571174 12.248836297372272 0
    endloop
  endfacet
  facet normal 0.3598950365349894 0.9329927988347384 -1.0594032414599577e-17
    outer loop
      vertex 4.312190123420416 12.051764034342666 0
      vertex 4.898347934273149 11.82565801614447 2
      vertex 4.898347934273149 11.82565801614447 0
    endloop
  endfacet
  facet normal 0.3136817403988884 0.9495281805930377 -4.7029454395336914e-18
    outer loop
      vertex 3.7156438688571174 12.248836297372272 0
      vertex 4.312190123420416 12.051764034342666 2
      vertex 4.312190123420416 12.051764034342666 0
    endloop
  endfacet
  facet normal 0 0 -1
    outer loop
      vertex 4.898347934273149 11.82565801614447 0
      vertex 5.4727051959076105 11.571062951980073 0
      vertex 4.678334972158318 7.805330351002475 0
    endloop
  endfacet
  facet normal 0 0 -1
    outer loop
      vertex 5.4727051959076105 11.571062951980073 0
      vertex 6.0338782313727695 11.288592183658944 0
      vertex 5.420863670881143 7.309188536473869 0
    endloop
  endfacet
  facet normal 0 0 -1
    outer loop
      vertex 6.0338782313727695 11.288592183658944 0
      vertex 6.580515125673238 10.97892620800348 0
      vertex 5.772978885889174 7.0343951256009065 0
    endloop
  endfacet
  facet normal 0.492898192229785 0.8700869911087109 7.320657723963307e-18
    outer loop
      vertex 6.0338782313727695 11.288592183658944 0
      vertex 6.580515125673238 10.97892620800348 2
      vertex 6.580515125673238 10.97892620800348 0
    endloop
  endfacet
  facet normal 0.4052413140049909 0.9142097557035301 5.909320349937858e-18
    outer loop
      vertex 4.898347934273149 11.82565801614447 0
      vertex 5.4727051959076105 11.571062951980073 2
      vertex 5.4727051959076105 11.571062951980073 0
    endloop
  endfacet
  facet normal 0.4496113296546056 0.8932243011955159 -5.892944972537096e-18
    outer loop
      vertex 5.4727051959076105 11.571062951980073 0
      vertex 6.0338782313727695 11.288592183658944 2
      vertex 6.0338782313727695 11.288592183658944 0
    endloop
  endfacet
  facet normal 0.2667127574748995 0.9637760657954395 0
    outer loop
      vertex 3.1101463027617773 12.416400040890162 0
      vertex 3.1101463027617773 12.416400040890162 2
      vertex 3.7156438688571174 12.248836297372272 2
    endloop
  endfacet
  facet normal 0.3136817403988884 0.9495281805930377 0
    outer loop
      vertex 3.7156438688571174 12.248836297372272 0
      vertex 3.7156438688571174 12.248836297372272 2
      vertex 4.312190123420416 12.051764034342666 2
    endloop
  endfacet
  facet normal 0.3598950365349894 0.9329927988347384 0
    outer loop
      vertex 4.312190123420416 12.051764034342666 0
      vertex 4.312190123420416 12.051764034342666 2
      vertex 4.898347934273149 11.82565801614447 2
    endloop
  endfacet
  facet normal 0.492898192229785 0.8700869911087109 0
    outer loop
      vertex 6.0338782313727695 11.288592183658944 0
      vertex 6.0338782313727695 11.288592183658944 2
      vertex 6.580515125673238 10.97892620800348 2
    endloop
  endfacet
  facet normal 0.4052413140049909 0.9142097557035301 0
    outer loop
      vertex 4.898347934273149 11.82565801614447 0
      vertex 4.898347934273149 11.82565801614447 2
      vertex 5.4727051959076105 11.571062951980073 2
    endloop
  endfacet
  facet normal 0.4496113296546056 0.8932243011955159 0
    outer loop
      vertex 5.4727051959076105 11.571062951980073 0
      vertex 5.4727051959076105 11.571062951980073 2
      vertex 6.0338782313727695 11.288592183658944 2
    endloop
  endfacet
  facet normal 0 0 -1
    outer loop
      vertex 9.484174404543475 8.595954622041836 0
      vertex 9.1 0 0
      vertex 9.08903865146707 0.4465158363795039 0
    endloop
  endfacet
  facet normal 0 0 -1
    outer loop
      vertex 8.120234037294662 9.894533803043032 0
      vertex 8.02548350557003 4.289710305116579 0
      vertex 7.805330351002475 4.678334972158318 0
    endloop
  endfacet
  facet normal 0 0 -1
    outer loop
      vertex 9.484174404543475 8.595954622041836 0
      vertex 9.056181012716992 0.8919559769990014 0
      vertex 9.001506240679507 1.3352473175437918 0
    endloop
  endfacet
  facet normal 0 0 -1
    outer loop
      vertex 9.484174404543475 8.595954622041836 0
      vertex 9.08903865146707 0.4465158363795039 0
      vertex 9.056181012716992 0.8919559769990014 0
    endloop
  endfacet
  facet normal 0 0 -1
    outer loop
      vertex 9.050966799187808 9.050966799187808 0
      vertex 9.001506240679507 1.3352473175437918 0
      vertex 8.925146051669397 1.7753219303467669 0
    endloop
  endfacet
  facet normal 0 0 -1
    outer loop
      vertex 9.050966799187808 9.050966799187808 0
      vertex 8.925146051669397 1.7753219303467669 0
      vertex 8.82728440407035 2.211119637119701 0
    endloop
  endfacet
  facet normal 0 0 -1
    outer loop
      vertex 9.050966799187808 9.050966799187808 0
      vertex 8.82728440407035 2.211119637119701 0
      vertex 8.7081570551631 2.641590563015607 0
    endloop
  endfacet
  facet normal 0 0 -1
    outer loop
      vertex 9.050966799187808 9.050966799187808 0
      vertex 8.7081570551631 2.641590563015607 0
      vertex 8.568050993165489 3.0656976658692026 0
    endloop
  endfacet
  facet normal 0 0 -1
    outer loop
      vertex 8.595954622041836 9.484174404543475 0
      vertex 8.568050993165489 3.0656976658692026 0
      vertex 8.407303745852708 3.482419234522317 0
    endloop
  endfacet
  facet normal 0 0 -1
    outer loop
      vertex 8.595954622041836 9.484174404543475 0
      vertex 8.226302567423334 3.8907513502155666 0
      vertex 8.02548350557003 4.289710305116579 0
    endloop
  endfacet
  facet normal 0 0 -1
    outer loop
      vertex 8.595954622041836 9.484174404543475 0
      vertex 8.407303745852708 3.482419234522317 0
      vertex 8.226302567423334 3.8907513502155666 0
    endloop
  endfacet
  facet normal 0 0 -1
    outer loop
      vertex 9.484174404543475 8.595954622041836 0
      vertex 9.001506240679507 1.3352473175437918 0
      vertex 9.050966799187808 9.050966799187808 0
    endloop
  endfacet
  facet normal 0 0 -1
    outer loop
      vertex 9.484174404543475 -8.595954622041836 0
      vertex 9.484174404543475 8.595954622041836 0
      vertex 9.894533803043032 8.120234037294662 0
    endloop
  endfacet
  facet normal 0 0 -1
    outer loop
      vertex 9.894533803043032 -8.120234037294662 0
      vertex 9.894533803043032 8.120234037294662 0
      vertex 10.281056402952254 7.624951097503146 0
    endloop
  endfacet
  facet normal 0 0 -1
    outer loop
      vertex 10.281056402952254 -7.624951097503146 0
      vertex 10.281056402952254 7.624951097503146 0
      vertex 10.642811037472578 7.111298982650907 0
    endloop
  endfacet
  facet normal 0 0 -1
    outer loop
      vertex 10.642811037472578 -7.111298982650907 0
      vertex 10.642811037472578 7.111298982650907 0
      vertex 10.97892620800348 6.580515125673238 0
    endloop
  endfacet
  facet normal 0 0 -1
    outer loop
      vertex 10.97892620800348 -6.580515125673238 0
      vertex 10.97892620800348 6.580515125673238 0
      vertex 11.288592183658944 6.0338782313727695 0
    endloop
  endfacet
  facet normal 0 0 -1
    outer loop
      vertex 11.82565801614447 -4.898347934273149 0
      vertex 11.82565801614447 4.898347934273149 0
      vertex 12.051764034342666 4.312190123420416 0
    endloop
  endfacet
  facet normal 0 0 -1
    outer loop
      vertex 12.784581839426206 -0.6280662313909505 0
      vertex 12.784581839426206 0.6280662313909505 0
      vertex 12.799999999999999 0 0
    endloop
  endfacet
  facet normal 0 0 -1
    outer loop
      vertex 12.738364501404119 -1.2546193962183756 0
      vertex 12.738364501404119 1.2546193962183756 0
      vertex 12.784581839426206 0.6280662313909505 0
    endloop
  endfacet
  facet normal 0 0 -1
    outer loop
      vertex 12.554051589161348 -2.4971561218064413 0
      vertex 12.554051589161348 2.4971561218064413 0
      vertex 12.661459327549196 1.8781500730286302 0
    endloop
  endfacet
  facet normal 0 0 -1
    outer loop
      vertex 12.661459327549196 -1.8781500730286302 0
      vertex 12.661459327549196 1.8781500730286302 0
      vertex 12.738364501404119 1.2546193962183756 0
    endloop
  endfacet
  facet normal 0 0 -1
    outer loop
      vertex 12.248836297372272 -3.7156438688571174 0
      vertex 12.248836297372272 3.7156438688571174 0
      vertex 12.416400040890162 3.1101463027617773 0
    endloop
  endfacet
  facet normal 0 0 -1
    outer loop
      vertex 12.051764034342666 -4.312190123420416 0
      vertex 12.051764034342666 4.312190123420416 0
      vertex 12.248836297372272 3.7156438688571174 0
    endloop
  endfacet
  facet normal 0 0 -1
    outer loop
      vertex 12.416400040890162 -3.1101463027617773 0
      vertex 12.416400040890162 3.1101463027617773 0
      vertex 12.554051589161348 2.4971561218064413 0
    endloop
  endfacet
  facet normal 0 0 -1
    outer loop
      vertex 11.288592183658944 -6.0338782313727695 0
      vertex 11.288592183658944 6.0338782313727695 0
      vertex 11.571062951980073 5.4727051959076105 0
    endloop
  endfacet
  facet normal 0 0 -1
    outer loop
      vertex 11.571062951980073 -5.4727051959076105 0
      vertex 11.571062951980073 5.4727051959076105 0
      vertex 11.82565801614447 4.898347934273149 0
    endloop
  endfacet
  facet normal 0.9996988186962042 0.024541228522911473 0
    outer loop
      vertex 12.799999999999999 0 0
      vertex 12.784581839426206 0.6280662313909505 0
      vertex 12.799999999999999 0 8.5
    endloop
  endfacet
  facet normal 0.9972904566786902 0.07356456359966851 0
    outer loop
      vertex 12.784581839426206 0.6280662313909505 0
      vertex 12.738364501404119 1.2546193962183756 0
      vertex 12.784581839426206 0.6280662313909505 8.5
    endloop
  endfacet
  facet normal 0.9924795345987101 0.12241067519921568 0
    outer loop
      vertex 12.738364501404119 1.2546193962183756 0
      vertex 12.661459327549196 1.8781500730286302 0
      vertex 12.738364501404119 1.2546193962183756 8.5
    endloop
  endfacet
  facet normal 0.9852776423889412 0.17096188876030197 0
    outer loop
      vertex 12.661459327549196 1.8781500730286302 0
      vertex 12.554051589161348 2.4971561218064413 0
      vertex 12.661459327549196 1.8781500730286302 8.5
    endloop
  endfacet
  facet normal 0.9757021300385286 0.2191012401568698 0
    outer loop
      vertex 12.554051589161348 2.4971561218064413 0
      vertex 12.416400040890162 3.1101463027617773 0
      vertex 12.554051589161348 2.4971561218064413 8.5
    endloop
  endfacet
  facet normal 0.870086991108711 0.492898192229785 0
    outer loop
      vertex 11.288592183658944 6.0338782313727695 0
      vertex 10.97892620800348 6.580515125673238 0
      vertex 11.288592183658944 6.0338782313727695 8.5
    endloop
  endfacet
  facet normal 0.9329927988347385 0.3598950365349894 0
    outer loop
      vertex 12.051764034342666 4.312190123420416 0
      vertex 11.82565801614447 4.898347934273149 0
      vertex 12.051764034342666 4.312190123420416 8.5
    endloop
  endfacet
  facet normal 0.9637760657954396 0.2667127574748995 0
    outer loop
      vertex 12.416400040890162 3.1101463027617773 0
      vertex 12.248836297372272 3.7156438688571174 0
      vertex 12.416400040890162 3.1101463027617773 8.5
    endloop
  endfacet
  facet normal 0.9495281805930377 0.31368174039888846 0
    outer loop
      vertex 12.248836297372272 3.7156438688571174 0
      vertex 12.051764034342666 4.312190123420416 0
      vertex 12.248836297372272 3.7156438688571174 8.5
    endloop
  endfacet
  facet normal 0.9142097557035301 0.40524131400499097 1.3904283176324374e-18
    outer loop
      vertex 11.571062951980073 5.4727051959076105 0
      vertex 11.82565801614447 4.898347934273149 8.5
      vertex 11.82565801614447 4.898347934273149 0
    endloop
  endfacet
  facet normal 0.8932243011955158 0.4496113296546055 0
    outer loop
      vertex 11.571062951980073 5.4727051959076105 0
      vertex 11.288592183658944 6.0338782313727695 0
      vertex 11.571062951980073 5.4727051959076105 8.5
    endloop
  endfacet
  facet normal 0 0 -1
    outer loop
      vertex 7.111298982650907 10.642811037472578 0
      vertex 6.7426552407301275 6.111186489107868 0
      vertex 6.434671708797583 6.434671708797583 0
    endloop
  endfacet
  facet normal 0 0 -1
    outer loop
      vertex 7.111298982650907 10.642811037472578 0
      vertex 7.0343951256009065 5.772978885889174 0
      vertex 6.7426552407301275 6.111186489107868 0
    endloop
  endfacet
  facet normal 0 0 -1
    outer loop
      vertex 7.624951097503146 10.281056402952254 0
      vertex 7.309188536473869 5.420863670881143 0
      vertex 7.0343951256009065 5.772978885889174 0
    endloop
  endfacet
  facet normal 0 0 -1
    outer loop
      vertex 7.624951097503146 10.281056402952254 0
      vertex 7.5663734719531615 5.055689120478379 0
      vertex 7.309188536473869 5.420863670881143 0
    endloop
  endfacet
  facet normal 0 0 -1
    outer loop
      vertex 8.120234037294662 9.894533803043032 0
      vertex 7.805330351002475 4.678334972158318 0
      vertex 7.5663734719531615 5.055689120478379 0
    endloop
  endfacet
  facet normal 0 0 -1
    outer loop
      vertex 6.580515125673238 10.97892620800348 0
      vertex 7.111298982650907 10.642811037472578 0
      vertex 6.434671708797583 6.434671708797583 0
    endloop
  endfacet
  facet normal 0 0 -1
    outer loop
      vertex 7.624951097503146 10.281056402952254 0
      vertex 8.120234037294662 9.894533803043032 0
      vertex 7.5663734719531615 5.055689120478379 0
    endloop
  endfacet
  facet normal 0 0 -1
    outer loop
      vertex 7.111298982650907 10.642811037472578 0
      vertex 7.624951097503146 10.281056402952254 0
      vertex 7.0343951256009065 5.772978885889174 0
    endloop
  endfacet
  facet normal 0 0 -1
    outer loop
      vertex 8.595954622041836 9.484174404543475 0
      vertex 8.02548350557003 4.289710305116579 0
      vertex 8.120234037294662 9.894533803043032 0
    endloop
  endfacet
  facet normal 0 0 -1
    outer loop
      vertex 8.595954622041836 9.484174404543475 0
      vertex 9.050966799187808 9.050966799187808 0
      vertex 8.568050993165489 3.0656976658692026 0
    endloop
  endfacet
  facet normal 0.6895405447370665 0.7242470829514673 -2.61674333485179e-16
    outer loop
      vertex 8.595954622041836 9.484174404543475 0
      vertex 8.789399048570518 9.299999999999999 2
      vertex 9.050966799187808 9.050966799187808 0
    endloop
  endfacet
  facet normal 0.6895405447370649 0.7242470829514686 0
    outer loop
      vertex 8.595954622041836 9.484174404543475 0
      vertex 8.595954622041836 9.484174404543475 2
      vertex 8.789399048570518 9.299999999999999 2
    endloop
  endfacet
  facet normal 0.5349976198870975 0.844853565249707 5.616701986178247e-18
    outer loop
      vertex 6.580515125673238 10.97892620800348 0
      vertex 7.111298982650907 10.642811037472578 2
      vertex 7.111298982650907 10.642811037472578 0
    endloop
  endfacet
  facet normal 0.6152315905806274 0.7883464276266058 3.2162403003457627e-18
    outer loop
      vertex 7.624951097503146 10.281056402952254 0
      vertex 8.120234037294662 9.894533803043032 2
      vertex 8.120234037294662 9.894533803043032 0
    endloop
  endfacet
  facet normal 0.5758081914178441 0.8175848131515846 1.0490904539092429e-17
    outer loop
      vertex 7.111298982650907 10.642811037472578 0
      vertex 7.624951097503146 10.281056402952254 2
      vertex 7.624951097503146 10.281056402952254 0
    endloop
  endfacet
  facet normal 0.6531728429537759 0.7572088465064853 0
    outer loop
      vertex 8.595954622041836 9.484174404543475 0
      vertex 8.120234037294662 9.894533803043032 0
      vertex 8.595954622041836 9.484174404543475 2
    endloop
  endfacet
  facet normal 0.5349976198870975 0.844853565249707 0
    outer loop
      vertex 6.580515125673238 10.97892620800348 0
      vertex 6.580515125673238 10.97892620800348 2
      vertex 7.111298982650907 10.642811037472578 2
    endloop
  endfacet
  facet normal 0.6152315905806274 0.7883464276266058 0
    outer loop
      vertex 7.624951097503146 10.281056402952254 0
      vertex 7.624951097503146 10.281056402952254 2
      vertex 8.120234037294662 9.894533803043032 2
    endloop
  endfacet
  facet normal 0.5758081914178441 0.8175848131515846 0
    outer loop
      vertex 7.111298982650907 10.642811037472578 0
      vertex 7.111298982650907 10.642811037472578 2
      vertex 7.624951097503146 10.281056402952254 2
    endloop
  endfacet
  facet normal 0.6531728429537759 0.7572088465064853 0
    outer loop
      vertex 8.120234037294662 9.894533803043032 0
      vertex 8.120234037294662 9.894533803043032 2
      vertex 8.595954622041836 9.484174404543475 2
    endloop
  endfacet
  facet normal 0.7242470829514673 0.6895405447370665 0
    outer loop
      vertex 9.484174404543475 8.595954622041836 0
      vertex 9.050966799187808 9.050966799187808 0
      vertex 9.484174404543475 8.595954622041836 8.5
    endloop
  endfacet
  facet normal 0.6895405447370674 0.7242470829514663 7.709768490242132e-19
    outer loop
      vertex 9.050966799187808 9.050966799187808 0
      vertex 8.789399048570518 9.299999999999999 2
      vertex 8.789399048570518 9.299999999999999 6
    endloop
  endfacet
  facet normal 0.7883464276266058 0.6152315905806274 0
    outer loop
      vertex 10.281056402952254 7.624951097503146 0
      vertex 9.894533803043032 8.120234037294662 0
      vertex 10.281056402952254 7.624951097503146 8.5
    endloop
  endfacet
  facet normal 0.8448535652497069 0.5349976198870974 1.3215769379242933e-18
    outer loop
      vertex 10.642811037472578 7.111298982650907 0
      vertex 10.97892620800348 6.580515125673238 8.5
      vertex 10.97892620800348 6.580515125673238 0
    endloop
  endfacet
  facet normal 0.8175848131515845 0.5758081914178441 2.468448126845277e-18
    outer loop
      vertex 10.281056402952254 7.624951097503146 0
      vertex 10.642811037472578 7.111298982650907 8.5
      vertex 10.642811037472578 7.111298982650907 0
    endloop
  endfacet
  facet normal 0.7572088465064852 0.6531728429537758 -2.221640943854741e-18
    outer loop
      vertex 9.484174404543475 8.595954622041836 0
      vertex 9.894533803043032 8.120234037294662 8.5
      vertex 9.894533803043032 8.120234037294662 0
    endloop
  endfacet
  facet normal 0.024541228522911476 0.9996988186962042 0
    outer loop
      vertex 0.6280662313909505 12.784581839426206 8.5
      vertex 0.6280662313909505 12.784581839426206 6
      vertex 0 12.799999999999999 6
    endloop
  endfacet
  facet normal 0.07356456359966851 0.9972904566786901 0
    outer loop
      vertex 1.2546193962183756 12.738364501404119 8.5
      vertex 1.2546193962183756 12.738364501404119 6
      vertex 0.6280662313909505 12.784581839426206 6
    endloop
  endfacet
  facet normal 0.1224106751992157 0.9924795345987102 0
    outer loop
      vertex 1.8781500730286302 12.661459327549196 8.5
      vertex 1.8781500730286302 12.661459327549196 6
      vertex 1.2546193962183756 12.738364501404119 6
    endloop
  endfacet
  facet normal 0.17096188876030197 0.9852776423889412 0
    outer loop
      vertex 2.4971561218064413 12.554051589161348 8.5
      vertex 2.4971561218064413 12.554051589161348 6
      vertex 1.8781500730286302 12.661459327549196 6
    endloop
  endfacet
  facet normal 0.2191012401568698 0.9757021300385286 0
    outer loop
      vertex 3.1101463027617773 12.416400040890162 8.5
      vertex 3.1101463027617773 12.416400040890162 6
      vertex 2.4971561218064413 12.554051589161348 6
    endloop
  endfacet
  facet normal 0 0 1
    outer loop
      vertex 0 12.799999999999999 8.5
      vertex 0 9.1 8.5
      vertex 0.4465158363795039 9.08903865146707 8.5
    endloop
  endfacet
  facet normal 0 0 1
    outer loop
      vertex 0.6280662313909505 12.784581839426206 8.5
      vertex 0.4465158363795039 9.08903865146707 8.5
      vertex 0.8919559769990014 9.056181012716992 8.5
    endloop
  endfacet
  facet normal 0 0 1
    outer loop
      vertex 1.2546193962183756 12.738364501404119 8.5
      vertex 0.8919559769990014 9.056181012716992 8.5
      vertex 1.3352473175437918 9.001506240679507 8.5
    endloop
  endfacet
  facet normal 0 0 1
    outer loop
      vertex 1.2546193962183756 12.738364501404119 8.5
      vertex 1.3352473175437918 9.001506240679507 8.5
      vertex 1.7753219303467669 8.925146051669397 8.5
    endloop
  endfacet
  facet normal 0.024541228522911476 0.9996988186962042 0
    outer loop
      vertex 0 12.799999999999999 8.5
      vertex 0.6280662313909505 12.784581839426206 8.5
      vertex 0 12.799999999999999 6
    endloop
  endfacet
  facet normal 0.07356456359966851 0.9972904566786901 0
    outer loop
      vertex 0.6280662313909505 12.784581839426206 8.5
      vertex 1.2546193962183756 12.738364501404119 8.5
      vertex 0.6280662313909505 12.784581839426206 6
    endloop
  endfacet
  facet normal 0.1224106751992157 0.9924795345987102 0
    outer loop
      vertex 1.2546193962183756 12.738364501404119 8.5
      vertex 1.8781500730286302 12.661459327549196 8.5
      vertex 1.2546193962183756 12.738364501404119 6
    endloop
  endfacet
  facet normal 0 0 1
    outer loop
      vertex 0 12.799999999999999 8.5
      vertex 0.4465158363795039 9.08903865146707 8.5
      vertex 0.6280662313909505 12.784581839426206 8.5
    endloop
  endfacet
  facet normal 0 0 1
    outer loop
      vertex 0.6280662313909505 12.784581839426206 8.5
      vertex 0.8919559769990014 9.056181012716992 8.5
      vertex 1.2546193962183756 12.738364501404119 8.5
    endloop
  endfacet
  facet normal 0 0 1
    outer loop
      vertex 1.8781500730286302 12.661459327549196 8.5
      vertex 1.7753219303467669 8.925146051669397 8.5
      vertex 2.211119637119701 8.82728440407035 8.5
    endloop
  endfacet
  facet normal 0 0 1
    outer loop
      vertex 2.4971561218064413 12.554051589161348 8.5
      vertex 2.211119637119701 8.82728440407035 8.5
      vertex 2.641590563015607 8.7081570551631 8.5
    endloop
  endfacet
  facet normal 0 0 1
    outer loop
      vertex 3.1101463027617773 12.416400040890162 8.5
      vertex 2.641590563015607 8.7081570551631 8.5
      vertex 3.0656976658692026 8.568050993165489 8.5
    endloop
  endfacet
  facet normal 0.17096188876030197 0.9852776423889412 0
    outer loop
      vertex 1.8781500730286302 12.661459327549196 8.5
      vertex 2.4971561218064413 12.554051589161348 8.5
      vertex 1.8781500730286302 12.661459327549196 6
    endloop
  endfacet
  facet normal 0.2191012401568698 0.9757021300385286 0
    outer loop
      vertex 2.4971561218064413 12.554051589161348 8.5
      vertex 3.1101463027617773 12.416400040890162 8.5
      vertex 2.4971561218064413 12.554051589161348 6
    endloop
  endfacet
  facet normal 0 0 1
    outer loop
      vertex 1.2546193962183756 12.738364501404119 8.5
      vertex 1.7753219303467669 8.925146051669397 8.5
      vertex 1.8781500730286302 12.661459327549196 8.5
    endloop
  endfacet
  facet normal 0 0 1
    outer loop
      vertex 1.8781500730286302 12.661459327549196 8.5
      vertex 2.211119637119701 8.82728440407035 8.5
      vertex 2.4971561218064413 12.554051589161348 8.5
    endloop
  endfacet
  facet normal 0 0 1
    outer loop
      vertex 2.4971561218064413 12.554051589161348 8.5
      vertex 2.641590563015607 8.7081570551631 8.5
      vertex 3.1101463027617773 12.416400040890162 8.5
    endloop
  endfacet
  facet normal 0 0 1
    outer loop
      vertex 4.312190123420416 12.051764034342666 8.5
      vertex 3.8907513502155666 8.226302567423334 8.5
      vertex 4.289710305116579 8.02548350557003 8.5
    endloop
  endfacet
  facet normal 0 0 1
    outer loop
      vertex 4.312190123420416 12.051764034342666 8.5
      vertex 4.289710305116579 8.02548350557003 8.5
      vertex 4.678334972158318 7.805330351002475 8.5
    endloop
  endfacet
  facet normal 0 0 1
    outer loop
      vertex 5.4727051959076105 11.571062951980073 8.5
      vertex 5.420863670881143 7.309188536473869 8.5
      vertex 5.772978885889174 7.0343951256009065 8.5
    endloop
  endfacet
  facet normal 0 0 1
    outer loop
      vertex 4.898347934273149 11.82565801614447 8.5
      vertex 4.678334972158318 7.805330351002475 8.5
      vertex 5.055689120478379 7.5663734719531615 8.5
    endloop
  endfacet
  facet normal 0 0 1
    outer loop
      vertex 5.4727051959076105 11.571062951980073 8.5
      vertex 5.055689120478379 7.5663734719531615 8.5
      vertex 5.420863670881143 7.309188536473869 8.5
    endloop
  endfacet
  facet normal 0 0 1
    outer loop
      vertex 6.0338782313727695 11.288592183658944 8.5
      vertex 5.772978885889174 7.0343951256009065 8.5
      vertex 6.111186489107868 6.7426552407301275 8.5
    endloop
  endfacet
  facet normal 0 0 1
    outer loop
      vertex 6.0338782313727695 11.288592183658944 8.5
      vertex 6.111186489107868 6.7426552407301275 8.5
      vertex 6.434671708797583 6.434671708797583 8.5
    endloop
  endfacet
  facet normal 0 0 1
    outer loop
      vertex 6.0338782313727695 11.288592183658944 8.5
      vertex 6.434671708797583 6.434671708797583 8.5
      vertex 6.580515125673238 10.97892620800348 8.5
    endloop
  endfacet
  facet normal 0.2667127574748995 0.9637760657954395 0
    outer loop
      vertex 3.7156438688571174 12.248836297372272 8.5
      vertex 3.7156438688571174 12.248836297372272 6
      vertex 3.1101463027617773 12.416400040890162 6
    endloop
  endfacet
  facet normal 0.3598950365349894 0.9329927988347384 0
    outer loop
      vertex 4.898347934273149 11.82565801614447 8.5
      vertex 4.898347934273149 11.82565801614447 6
      vertex 4.312190123420416 12.051764034342666 6
    endloop
  endfacet
  facet normal 0.3136817403988884 0.9495281805930377 0
    outer loop
      vertex 4.312190123420416 12.051764034342666 8.5
      vertex 4.312190123420416 12.051764034342666 6
      vertex 3.7156438688571174 12.248836297372272 6
    endloop
  endfacet
  facet normal 0.49289819222978504 0.870086991108711 0
    outer loop
      vertex 6.580515125673238 10.97892620800348 8.5
      vertex 6.580515125673238 10.97892620800348 6
      vertex 6.0338782313727695 11.288592183658944 6
    endloop
  endfacet
  facet normal 0.4052413140049909 0.9142097557035301 0
    outer loop
      vertex 5.4727051959076105 11.571062951980073 8.5
      vertex 5.4727051959076105 11.571062951980073 6
      vertex 4.898347934273149 11.82565801614447 6
    endloop
  endfacet
  facet normal 0.4496113296546056 0.8932243011955159 0
    outer loop
      vertex 6.0338782313727695 11.288592183658944 8.5
      vertex 6.0338782313727695 11.288592183658944 6
      vertex 5.4727051959076105 11.571062951980073 6
    endloop
  endfacet
  facet normal 0 0 1
    outer loop
      vertex 3.1101463027617773 12.416400040890162 8.5
      vertex 3.0656976658692026 8.568050993165489 8.5
      vertex 3.482419234522317 8.407303745852708 8.5
    endloop
  endfacet
  facet normal 0 0 1
    outer loop
      vertex 3.7156438688571174 12.248836297372272 8.5
      vertex 3.482419234522317 8.407303745852708 8.5
      vertex 3.8907513502155666 8.226302567423334 8.5
    endloop
  endfacet
  facet normal 0 0 1
    outer loop
      vertex 3.1101463027617773 12.416400040890162 8.5
      vertex 3.482419234522317 8.407303745852708 8.5
      vertex 3.7156438688571174 12.248836297372272 8.5
    endloop
  endfacet
  facet normal 0 0 1
    outer loop
      vertex 3.7156438688571174 12.248836297372272 8.5
      vertex 3.8907513502155666 8.226302567423334 8.5
      vertex 4.312190123420416 12.051764034342666 8.5
    endloop
  endfacet
  facet normal 0 0 1
    outer loop
      vertex 4.312190123420416 12.051764034342666 8.5
      vertex 4.678334972158318 7.805330351002475 8.5
      vertex 4.898347934273149 11.82565801614447 8.5
    endloop
  endfacet
  facet normal 0.2667127574748995 0.9637760657954395 0
    outer loop
      vertex 3.1101463027617773 12.416400040890162 8.5
      vertex 3.7156438688571174 12.248836297372272 8.5
      vertex 3.1101463027617773 12.416400040890162 6
    endloop
  endfacet
  facet normal 0.3136817403988884 0.9495281805930377 0
    outer loop
      vertex 3.7156438688571174 12.248836297372272 8.5
      vertex 4.312190123420416 12.051764034342666 8.5
      vertex 3.7156438688571174 12.248836297372272 6
    endloop
  endfacet
  facet normal 0.3598950365349894 0.9329927988347384 0
    outer loop
      vertex 4.312190123420416 12.051764034342666 8.5
      vertex 4.898347934273149 11.82565801614447 8.5
      vertex 4.312190123420416 12.051764034342666 6
    endloop
  endfacet
  facet normal 0.49289819222978504 0.870086991108711 0
    outer loop
      vertex 6.0338782313727695 11.288592183658944 8.5
      vertex 6.580515125673238 10.97892620800348 8.5
      vertex 6.0338782313727695 11.288592183658944 6
    endloop
  endfacet
  facet normal 0 0 1
    outer loop
      vertex 4.898347934273149 11.82565801614447 8.5
      vertex 5.055689120478379 7.5663734719531615 8.5
      vertex 5.4727051959076105 11.571062951980073 8.5
    endloop
  endfacet
  facet normal 0 0 1
    outer loop
      vertex 5.4727051959076105 11.571062951980073 8.5
      vertex 5.772978885889174 7.0343951256009065 8.5
      vertex 6.0338782313727695 11.288592183658944 8.5
    endloop
  endfacet
  facet normal 0.4052413140049909 0.9142097557035301 0
    outer loop
      vertex 4.898347934273149 11.82565801614447 8.5
      vertex 5.4727051959076105 11.571062951980073 8.5
      vertex 4.898347934273149 11.82565801614447 6
    endloop
  endfacet
  facet normal 0.4496113296546056 0.8932243011955159 0
    outer loop
      vertex 5.4727051959076105 11.571062951980073 8.5
      vertex 6.0338782313727695 11.288592183658944 8.5
      vertex 5.4727051959076105 11.571062951980073 6
    endloop
  endfacet
  facet normal 0.9996988186962042 0.024541228522911473 0
    outer loop
      vertex 12.784581839426206 0.6280662313909505 0
      vertex 12.784581839426206 0.6280662313909505 8.5
      vertex 12.799999999999999 0 8.5
    endloop
  endfacet
  facet normal 0.9972904566786902 0.07356456359966851 0
    outer loop
      vertex 12.738364501404119 1.2546193962183756 0
      vertex 12.738364501404119 1.2546193962183756 8.5
      vertex 12.784581839426206 0.6280662313909505 8.5
    endloop
  endfacet
  facet normal 0.9924795345987101 0.12241067519921568 0
    outer loop
      vertex 12.661459327549196 1.8781500730286302 0
      vertex 12.661459327549196 1.8781500730286302 8.5
      vertex 12.738364501404119 1.2546193962183756 8.5
    endloop
  endfacet
  facet normal 0.9852776423889412 0.17096188876030197 0
    outer loop
      vertex 12.554051589161348 2.4971561218064413 0
      vertex 12.554051589161348 2.4971561218064413 8.5
      vertex 12.661459327549196 1.8781500730286302 8.5
    endloop
  endfacet
  facet normal 0.9757021300385286 0.2191012401568698 0
    outer loop
      vertex 12.416400040890162 3.1101463027617773 0
      vertex 12.416400040890162 3.1101463027617773 8.5
      vertex 12.554051589161348 2.4971561218064413 8.5
    endloop
  endfacet
  facet normal 0.870086991108711 0.492898192229785 0
    outer loop
      vertex 10.97892620800348 6.580515125673238 0
      vertex 10.97892620800348 6.580515125673238 8.5
      vertex 11.288592183658944 6.0338782313727695 8.5
    endloop
  endfacet
  facet normal 0.9329927988347385 0.3598950365349894 0
    outer loop
      vertex 11.82565801614447 4.898347934273149 0
      vertex 11.82565801614447 4.898347934273149 8.5
      vertex 12.051764034342666 4.312190123420416 8.5
    endloop
  endfacet
  facet normal 0.9637760657954396 0.2667127574748995 0
    outer loop
      vertex 12.248836297372272 3.7156438688571174 0
      vertex 12.248836297372272 3.7156438688571174 8.5
      vertex 12.416400040890162 3.1101463027617773 8.5
    endloop
  endfacet
  facet normal 0.9495281805930377 0.31368174039888846 0
    outer loop
      vertex 12.051764034342666 4.312190123420416 0
      vertex 12.051764034342666 4.312190123420416 8.5
      vertex 12.248836297372272 3.7156438688571174 8.5
    endloop
  endfacet
  facet normal 0.9142097557035301 0.40524131400499097 0
    outer loop
      vertex 11.571062951980073 5.4727051959076105 0
      vertex 11.571062951980073 5.4727051959076105 8.5
      vertex 11.82565801614447 4.898347934273149 8.5
    endloop
  endfacet
  facet normal 0.8932243011955158 0.4496113296546055 0
    outer loop
      vertex 11.288592183658944 6.0338782313727695 0
      vertex 11.288592183658944 6.0338782313727695 8.5
      vertex 11.571062951980073 5.4727051959076105 8.5
    endloop
  endfacet
  facet normal 0 0 1
    outer loop
      vertex 9.484174404543475 -8.595954622041836 8.5
      vertex 9.050966799187808 9.050966799187808 8.5
      vertex 9.1 0 8.5
    endloop
  endfacet
  facet normal 0 0 1
    outer loop
      vertex 9.050966799187808 9.050966799187808 8.5
      vertex 9.08903865146707 0.4465158363795039 8.5
      vertex 9.1 0 8.5
    endloop
  endfacet
  facet normal 0 0 1
    outer loop
      vertex 9.484174404543475 -8.595954622041836 8.5
      vertex 9.484174404543475 8.595954622041836 8.5
      vertex 9.050966799187808 9.050966799187808 8.5
    endloop
  endfacet
  facet normal 0 0 1
    outer loop
      vertex 8.120234037294662 9.894533803043032 8.5
      vertex 7.805330351002475 4.678334972158318 8.5
      vertex 8.02548350557003 4.289710305116579 8.5
    endloop
  endfacet
  facet normal 0 0 1
    outer loop
      vertex 8.595954622041836 9.484174404543475 8.5
      vertex 8.7081570551631 2.641590563015607 8.5
      vertex 8.82728440407035 2.211119637119701 8.5
    endloop
  endfacet
  facet normal 0 0 1
    outer loop
      vertex 9.050966799187808 9.050966799187808 8.5
      vertex 9.056181012716992 0.8919559769990014 8.5
      vertex 9.08903865146707 0.4465158363795039 8.5
    endloop
  endfacet
  facet normal 0 0 1
    outer loop
      vertex 9.050966799187808 9.050966799187808 8.5
      vertex 9.001506240679507 1.3352473175437918 8.5
      vertex 9.056181012716992 0.8919559769990014 8.5
    endloop
  endfacet
  facet normal 0 0 1
    outer loop
      vertex 9.050966799187808 9.050966799187808 8.5
      vertex 8.925146051669397 1.7753219303467669 8.5
      vertex 9.001506240679507 1.3352473175437918 8.5
    endloop
  endfacet
  facet normal 0 0 1
    outer loop
      vertex 9.050966799187808 9.050966799187808 8.5
      vertex 8.82728440407035 2.211119637119701 8.5
      vertex 8.925146051669397 1.7753219303467669 8.5
    endloop
  endfacet
  facet normal 0 0 1
    outer loop
      vertex 8.595954622041836 9.484174404543475 8.5
      vertex 8.568050993165489 3.0656976658692026 8.5
      vertex 8.7081570551631 2.641590563015607 8.5
    endloop
  endfacet
  facet normal 0 0 1
    outer loop
      vertex 8.595954622041836 9.484174404543475 8.5
      vertex 8.407303745852708 3.482419234522317 8.5
      vertex 8.568050993165489 3.0656976658692026 8.5
    endloop
  endfacet
  facet normal 0 0 1
    outer loop
      vertex 8.120234037294662 9.894533803043032 8.5
      vertex 8.226302567423334 3.8907513502155666 8.5
      vertex 8.407303745852708 3.482419234522317 8.5
    endloop
  endfacet
  facet normal 0 0 1
    outer loop
      vertex 8.120234037294662 9.894533803043032 8.5
      vertex 8.02548350557003 4.289710305116579 8.5
      vertex 8.226302567423334 3.8907513502155666 8.5
    endloop
  endfacet
  facet normal 0 0 1
    outer loop
      vertex 9.894533803043032 -8.120234037294662 8.5
      vertex 9.894533803043032 8.120234037294662 8.5
      vertex 9.484174404543475 8.595954622041836 8.5
    endloop
  endfacet
  facet normal 0 0 1
    outer loop
      vertex 10.281056402952254 -7.624951097503146 8.5
      vertex 10.281056402952254 7.624951097503146 8.5
      vertex 9.894533803043032 8.120234037294662 8.5
    endloop
  endfacet
  facet normal 0 0 1
    outer loop
      vertex 10.97892620800348 -6.580515125673238 8.5
      vertex 10.97892620800348 6.580515125673238 8.5
      vertex 10.642811037472578 7.111298982650907 8.5
    endloop
  endfacet
  facet normal 0 0 1
    outer loop
      vertex 11.288592183658944 -6.0338782313727695 8.5
      vertex 11.288592183658944 6.0338782313727695 8.5
      vertex 10.97892620800348 6.580515125673238 8.5
    endloop
  endfacet
  facet normal 0 0 1
    outer loop
      vertex 10.642811037472578 -7.111298982650907 8.5
      vertex 10.642811037472578 7.111298982650907 8.5
      vertex 10.281056402952254 7.624951097503146 8.5
    endloop
  endfacet
  facet normal 0 0 1
    outer loop
      vertex 12.784581839426206 -0.6280662313909505 8.5
      vertex 12.799999999999999 0 8.5
      vertex 12.784581839426206 0.6280662313909505 8.5
    endloop
  endfacet
  facet normal 0 0 1
    outer loop
      vertex 12.784581839426206 -0.6280662313909505 8.5
      vertex 12.784581839426206 0.6280662313909505 8.5
      vertex 12.738364501404119 1.2546193962183756 8.5
    endloop
  endfacet
  facet normal 0 0 1
    outer loop
      vertex 12.738364501404119 -1.2546193962183756 8.5
      vertex 12.738364501404119 1.2546193962183756 8.5
      vertex 12.661459327549196 1.8781500730286302 8.5
    endloop
  endfacet
  facet normal 0 0 1
    outer loop
      vertex 12.248836297372272 -3.7156438688571174 8.5
      vertex 12.248836297372272 3.7156438688571174 8.5
      vertex 12.051764034342666 4.312190123420416 8.5
    endloop
  endfacet
  facet normal 0 0 1
    outer loop
      vertex 12.416400040890162 -3.1101463027617773 8.5
      vertex 12.416400040890162 3.1101463027617773 8.5
      vertex 12.248836297372272 3.7156438688571174 8.5
    endloop
  endfacet
  facet normal 0 0 1
    outer loop
      vertex 12.554051589161348 -2.4971561218064413 8.5
      vertex 12.554051589161348 2.4971561218064413 8.5
      vertex 12.416400040890162 3.1101463027617773 8.5
    endloop
  endfacet
  facet normal 0 0 1
    outer loop
      vertex 12.661459327549196 -1.8781500730286302 8.5
      vertex 12.661459327549196 1.8781500730286302 8.5
      vertex 12.554051589161348 2.4971561218064413 8.5
    endloop
  endfacet
  facet normal 0 0 1
    outer loop
      vertex 11.571062951980073 -5.4727051959076105 8.5
      vertex 11.571062951980073 5.4727051959076105 8.5
      vertex 11.288592183658944 6.0338782313727695 8.5
    endloop
  endfacet
  facet normal 0 0 1
    outer loop
      vertex 11.82565801614447 -4.898347934273149 8.5
      vertex 11.82565801614447 4.898347934273149 8.5
      vertex 11.571062951980073 5.4727051959076105 8.5
    endloop
  endfacet
  facet normal 0 0 1
    outer loop
      vertex 12.051764034342666 -4.312190123420416 8.5
      vertex 12.051764034342666 4.312190123420416 8.5
      vertex 11.82565801614447 4.898347934273149 8.5
    endloop
  endfacet
  facet normal 0.6895405447370675 0.7242470829514663 0
    outer loop
      vertex 9.050966799187808 9.050966799187808 0
      vertex 8.789399048570518 9.299999999999999 6
      vertex 9.050966799187808 9.050966799187808 8.5
    endloop
  endfacet
  facet normal 0.7242470829514673 0.6895405447370665 0
    outer loop
      vertex 9.050966799187808 9.050966799187808 0
      vertex 9.050966799187808 9.050966799187808 8.5
      vertex 9.484174404543475 8.595954622041836 8.5
    endloop
  endfacet
  facet normal 0.7883464276266058 0.6152315905806274 0
    outer loop
      vertex 9.894533803043032 8.120234037294662 0
      vertex 9.894533803043032 8.120234037294662 8.5
      vertex 10.281056402952254 7.624951097503146 8.5
    endloop
  endfacet
  facet normal 0.8448535652497069 0.5349976198870974 0
    outer loop
      vertex 10.642811037472578 7.111298982650907 0
      vertex 10.642811037472578 7.111298982650907 8.5
      vertex 10.97892620800348 6.580515125673238 8.5
    endloop
  endfacet
  facet normal 0.8175848131515845 0.5758081914178441 0
    outer loop
      vertex 10.281056402952254 7.624951097503146 0
      vertex 10.281056402952254 7.624951097503146 8.5
      vertex 10.642811037472578 7.111298982650907 8.5
    endloop
  endfacet
  facet normal 0.7572088465064852 0.6531728429537758 0
    outer loop
      vertex 9.484174404543475 8.595954622041836 0
      vertex 9.484174404543475 8.595954622041836 8.5
      vertex 9.894533803043032 8.120234037294662 8.5
    endloop
  endfacet
  facet normal 0.689540544737065 0.7242470829514687 4.922308182242028e-16
    outer loop
      vertex 9.050966799187808 9.050966799187808 8.5
      vertex 8.789399048570518 9.299999999999999 6
      vertex 8.595954622041836 9.484174404543475 6
    endloop
  endfacet
  facet normal 0 0 1
    outer loop
      vertex 6.580515125673238 10.97892620800348 8.5
      vertex 6.434671708797583 6.434671708797583 8.5
      vertex 6.7426552407301275 6.111186489107868 8.5
    endloop
  endfacet
  facet normal 0 0 1
    outer loop
      vertex 7.111298982650907 10.642811037472578 8.5
      vertex 6.7426552407301275 6.111186489107868 8.5
      vertex 7.0343951256009065 5.772978885889174 8.5
    endloop
  endfacet
  facet normal 0 0 1
    outer loop
      vertex 7.111298982650907 10.642811037472578 8.5
      vertex 7.0343951256009065 5.772978885889174 8.5
      vertex 7.309188536473869 5.420863670881143 8.5
    endloop
  endfacet
  facet normal 0 0 1
    outer loop
      vertex 7.624951097503146 10.281056402952254 8.5
      vertex 7.309188536473869 5.420863670881143 8.5
      vertex 7.5663734719531615 5.055689120478379 8.5
    endloop
  endfacet
  facet normal 0 0 1
    outer loop
      vertex 7.624951097503146 10.281056402952254 8.5
      vertex 7.5663734719531615 5.055689120478379 8.5
      vertex 7.805330351002475 4.678334972158318 8.5
    endloop
  endfacet
  facet normal 0 0 1
    outer loop
      vertex 6.580515125673238 10.97892620800348 8.5
      vertex 6.7426552407301275 6.111186489107868 8.5
      vertex 7.111298982650907 10.642811037472578 8.5
    endloop
  endfacet
  facet normal 0 0 1
    outer loop
      vertex 7.111298982650907 10.642811037472578 8.5
      vertex 7.309188536473869 5.420863670881143 8.5
      vertex 7.624951097503146 10.281056402952254 8.5
    endloop
  endfacet
  facet normal 0 0 1
    outer loop
      vertex 7.624951097503146 10.281056402952254 8.5
      vertex 7.805330351002475 4.678334972158318 8.5
      vertex 8.120234037294662 9.894533803043032 8.5
    endloop
  endfacet
  facet normal 0 0 1
    outer loop
      vertex 8.595954622041836 9.484174404543475 8.5
      vertex 8.120234037294662 9.894533803043032 8.5
      vertex 8.407303745852708 3.482419234522317 8.5
    endloop
  endfacet
  facet normal 0 0 1
    outer loop
      vertex 8.595954622041836 9.484174404543475 8.5
      vertex 8.82728440407035 2.211119637119701 8.5
      vertex 9.050966799187808 9.050966799187808 8.5
    endloop
  endfacet
  facet normal 0.6895405447370665 0.7242470829514673 0
    outer loop
      vertex 8.595954622041836 9.484174404543475 8.5
      vertex 9.050966799187808 9.050966799187808 8.5
      vertex 8.595954622041836 9.484174404543475 6
    endloop
  endfacet
  facet normal 0.5349976198870975 0.844853565249707 0
    outer loop
      vertex 7.111298982650907 10.642811037472578 8.5
      vertex 7.111298982650907 10.642811037472578 6
      vertex 6.580515125673238 10.97892620800348 6
    endloop
  endfacet
  facet normal 0.6152315905806274 0.7883464276266058 0
    outer loop
      vertex 8.120234037294662 9.894533803043032 8.5
      vertex 8.120234037294662 9.894533803043032 6
      vertex 7.624951097503146 10.281056402952254 6
    endloop
  endfacet
  facet normal 0.5758081914178441 0.8175848131515845 0
    outer loop
      vertex 7.624951097503146 10.281056402952254 8.5
      vertex 7.624951097503146 10.281056402952254 6
      vertex 7.111298982650907 10.642811037472578 6
    endloop
  endfacet
  facet normal 0.6531728429537759 0.7572088465064853 0
    outer loop
      vertex 8.595954622041836 9.484174404543475 8.5
      vertex 8.595954622041836 9.484174404543475 6
      vertex 8.120234037294662 9.894533803043032 6
    endloop
  endfacet
  facet normal 0.5349976198870975 0.844853565249707 0
    outer loop
      vertex 6.580515125673238 10.97892620800348 8.5
      vertex 7.111298982650907 10.642811037472578 8.5
      vertex 6.580515125673238 10.97892620800348 6
    endloop
  endfacet
  facet normal 0.6152315905806274 0.7883464276266058 0
    outer loop
      vertex 7.624951097503146 10.281056402952254 8.5
      vertex 8.120234037294662 9.894533803043032 8.5
      vertex 7.624951097503146 10.281056402952254 6
    endloop
  endfacet
  facet normal 0.5758081914178441 0.8175848131515845 0
    outer loop
      vertex 7.111298982650907 10.642811037472578 8.5
      vertex 7.624951097503146 10.281056402952254 8.5
      vertex 7.111298982650907 10.642811037472578 6
    endloop
  endfacet
  facet normal 0.6531728429537759 0.7572088465064853 -7.55357920910612e-18
    outer loop
      vertex 8.595954622041836 9.484174404543475 8.5
      vertex 8.120234037294662 9.894533803043032 6
      vertex 8.120234037294662 9.894533803043032 8.5
    endloop
  endfacet
  facet normal 0.8932243011955151 0.4496113296546068 0
    outer loop
      vertex -8.226302567423334 -3.8907513502155666 1.2
      vertex -8.02548350557003 -4.289710305116579 0
      vertex -8.226302567423334 -3.8907513502155666 0
    endloop
  endfacet
  facet normal 0.932992798834738 0.3598950365349904 0
    outer loop
      vertex -8.568050993165489 -3.0656976658692026 1.2
      vertex -8.407303745852708 -3.482419234522317 0
      vertex -8.568050993165489 -3.0656976658692026 0
    endloop
  endfacet
  facet normal 0.9142097557035309 0.40524131400498903 0
    outer loop
      vertex -8.407303745852708 -3.482419234522317 1.2
      vertex -8.226302567423334 -3.8907513502155666 0
      vertex -8.407303745852708 -3.482419234522317 0
    endloop
  endfacet
  facet normal 0.8932243011955151 0.4496113296546068 0
    outer loop
      vertex -8.02548350557003 -4.289710305116579 1.2
      vertex -8.02548350557003 -4.289710305116579 0
      vertex -8.226302567423334 -3.8907513502155666 1.2
    endloop
  endfacet
  facet normal 0.932992798834738 0.3598950365349904 0
    outer loop
      vertex -8.407303745852708 -3.482419234522317 1.2
      vertex -8.407303745852708 -3.482419234522317 0
      vertex -8.568050993165489 -3.0656976658692026 1.2
    endloop
  endfacet
  facet normal 0.9142097557035309 0.40524131400498903 -4.651623014231356e-18
    outer loop
      vertex -8.407303745852708 -3.482419234522317 1.2
      vertex -8.226302567423334 -3.8907513502155666 1.2
      vertex -8.226302567423334 -3.8907513502155666 0
    endloop
  endfacet
  facet normal 0.8448535652497072 0.5349976198870967 0
    outer loop
      vertex -7.805330351002475 -4.678334972158318 1.2
      vertex -7.5663734719531615 -5.055689120478379 0
      vertex -7.805330351002475 -4.678334972158318 0
    endloop
  endfacet
  facet normal 0.7883464276266063 0.6152315905806268 0
    outer loop
      vertex -7.309188536473869 -5.420863670881143 1.2
      vertex -7.0343951256009065 -5.772978885889174 0
      vertex -7.309188536473869 -5.420863670881143 0
    endloop
  endfacet
  facet normal 0.8175848131515845 0.5758081914178442 0
    outer loop
      vertex -7.5663734719531615 -5.055689120478379 1.2
      vertex -7.309188536473869 -5.420863670881143 0
      vertex -7.5663734719531615 -5.055689120478379 0
    endloop
  endfacet
  facet normal 0.7572088465064849 0.6531728429537763 0
    outer loop
      vertex -7.0343951256009065 -5.772978885889174 1.2
      vertex -6.7426552407301275 -6.111186489107868 0
      vertex -7.0343951256009065 -5.772978885889174 0
    endloop
  endfacet
  facet normal 0.724247082951468 0.6895405447370657 0
    outer loop
      vertex -6.7426552407301275 -6.111186489107868 1.2
      vertex -6.434671708797583 -6.434671708797583 0
      vertex -6.7426552407301275 -6.111186489107868 0
    endloop
  endfacet
  facet normal 0.8448535652497072 0.5349976198870967 9.266253104613112e-18
    outer loop
      vertex -7.805330351002475 -4.678334972158318 1.2
      vertex -7.5663734719531615 -5.055689120478379 1.2
      vertex -7.5663734719531615 -5.055689120478379 0
    endloop
  endfacet
  facet normal 0.8175848131515845 0.5758081914178442 -6.0781742074931e-18
    outer loop
      vertex -7.5663734719531615 -5.055689120478379 1.2
      vertex -7.309188536473869 -5.420863670881143 1.2
      vertex -7.309188536473869 -5.420863670881143 0
    endloop
  endfacet
  facet normal 0.7883464276266063 0.6152315905806268 0
    outer loop
      vertex -7.0343951256009065 -5.772978885889174 1.2
      vertex -7.0343951256009065 -5.772978885889174 0
      vertex -7.309188536473869 -5.420863670881143 1.2
    endloop
  endfacet
  facet normal 0.7572088465064849 0.6531728429537763 1.241729436782125e-17
    outer loop
      vertex -7.0343951256009065 -5.772978885889174 1.2
      vertex -6.7426552407301275 -6.111186489107868 1.2
      vertex -6.7426552407301275 -6.111186489107868 0
    endloop
  endfacet
  facet normal 0.724247082951468 0.6895405447370657 -1.2934864271302246e-17
    outer loop
      vertex -6.7426552407301275 -6.111186489107868 1.2
      vertex -6.434671708797583 -6.434671708797583 1.2
      vertex -6.434671708797583 -6.434671708797583 0
    endloop
  endfacet
  facet normal 0.8700869911087113 0.49289819222978404 0
    outer loop
      vertex -8.02548350557003 -4.289710305116579 1.2
      vertex -7.805330351002475 -4.678334972158318 0
      vertex -8.02548350557003 -4.289710305116579 0
    endloop
  endfacet
  facet normal 0.8700869911087113 0.49289819222978404 0
    outer loop
      vertex -7.805330351002475 -4.678334972158318 1.2
      vertex -7.805330351002475 -4.678334972158318 0
      vertex -8.02548350557003 -4.289710305116579 1.2
    endloop
  endfacet
  facet normal 0.9757021300385277 0.2191012401568727 0
    outer loop
      vertex -8.925146051669397 -1.7753219303467669 1.2
      vertex -8.82728440407035 -2.211119637119701 0
      vertex -8.925146051669397 -1.7753219303467669 0
    endloop
  endfacet
  facet normal 0.9495281805930366 0.31368174039889135 0
    outer loop
      vertex -8.7081570551631 -2.641590563015607 1.2
      vertex -8.568050993165489 -3.0656976658692026 0
      vertex -8.7081570551631 -2.641590563015607 0
    endloop
  endfacet
  facet normal 0.9637760657954405 0.2667127574748965 0
    outer loop
      vertex -8.82728440407035 -2.211119637119701 1.2
      vertex -8.7081570551631 -2.641590563015607 0
      vertex -8.82728440407035 -2.211119637119701 0
    endloop
  endfacet
  facet normal 0.9757021300385277 0.2191012401568727 0
    outer loop
      vertex -8.82728440407035 -2.211119637119701 1.2
      vertex -8.82728440407035 -2.211119637119701 0
      vertex -8.925146051669397 -1.7753219303467669 1.2
    endloop
  endfacet
  facet normal 0.9852776423889411 0.17096188876030177 0
    outer loop
      vertex -8.925146051669397 -1.7753219303467669 1.2
      vertex -8.925146051669397 -1.7753219303467669 0
      vertex -9.001506240679507 -1.3352473175437918 1.2
    endloop
  endfacet
  facet normal 0.9495281805930366 0.31368174039889135 0
    outer loop
      vertex -8.568050993165489 -3.0656976658692026 1.2
      vertex -8.568050993165489 -3.0656976658692026 0
      vertex -8.7081570551631 -2.641590563015607 1.2
    endloop
  endfacet
  facet normal 0.9637760657954405 0.2667127574748965 0
    outer loop
      vertex -8.7081570551631 -2.641590563015607 1.2
      vertex -8.7081570551631 -2.641590563015607 0
      vertex -8.82728440407035 -2.211119637119701 1.2
    endloop
  endfacet
  facet normal 0.9852776423889411 0.17096188876030177 0
    outer loop
      vertex -9.001506240679507 -1.3352473175437918 1.2
      vertex -8.925146051669397 -1.7753219303467669 0
      vertex -9.001506240679507 -1.3352473175437918 0
    endloop
  endfacet
  facet normal 0.99247953459871 0.12241067519921653 0
    outer loop
      vertex -9.056181012716992 -0.8919559769990014 1.2
      vertex -9.001506240679507 -1.3352473175437918 0
      vertex -9.056181012716992 -0.8919559769990014 0
    endloop
  endfacet
  facet normal 0.9972904566786904 0.07356456359966664 0
    outer loop
      vertex -9.08903865146707 -0.4465158363795039 1.2
      vertex -9.056181012716992 -0.8919559769990014 0
      vertex -9.08903865146707 -0.4465158363795039 0
    endloop
  endfacet
  facet normal 0.9996988186962044 0.0245412285229107 0
    outer loop
      vertex -9.1 0 1.2
      vertex -9.08903865146707 -0.4465158363795039 0
      vertex -9.1 0 0
    endloop
  endfacet
  facet normal 0.99247953459871 0.12241067519921653 0
    outer loop
      vertex -9.001506240679507 -1.3352473175437918 1.2
      vertex -9.001506240679507 -1.3352473175437918 0
      vertex -9.056181012716992 -0.8919559769990014 1.2
    endloop
  endfacet
  facet normal 0.9972904566786904 0.07356456359966664 -1.5958682024053973e-18
    outer loop
      vertex -9.08903865146707 -0.4465158363795039 1.2
      vertex -9.056181012716992 -0.8919559769990014 1.2
      vertex -9.056181012716992 -0.8919559769990014 0
    endloop
  endfacet
  facet normal 0.9996988186962044 0.0245412285229107 0
    outer loop
      vertex -9.08903865146707 -0.4465158363795039 1.2
      vertex -9.08903865146707 -0.4465158363795039 0
      vertex -9.1 0 1.2
    endloop
  endfacet
  facet normal 0.6895405447370657 0.724247082951468 0
    outer loop
      vertex -6.434671708797583 -6.434671708797583 1.2
      vertex -6.111186489107868 -6.7426552407301275 0
      vertex -6.434671708797583 -6.434671708797583 0
    endloop
  endfacet
  facet normal 0.6531728429537763 0.7572088465064849 0
    outer loop
      vertex -6.111186489107868 -6.7426552407301275 1.2
      vertex -5.772978885889174 -7.0343951256009065 0
      vertex -6.111186489107868 -6.7426552407301275 0
    endloop
  endfacet
  facet normal 0.6152315905806268 0.7883464276266063 0
    outer loop
      vertex -5.772978885889174 -7.0343951256009065 1.2
      vertex -5.420863670881143 -7.309188536473869 0
      vertex -5.772978885889174 -7.0343951256009065 0
    endloop
  endfacet
  facet normal 0.5758081914178442 0.8175848131515845 0
    outer loop
      vertex -5.420863670881143 -7.309188536473869 1.2
      vertex -5.055689120478379 -7.5663734719531615 0
      vertex -5.420863670881143 -7.309188536473869 0
    endloop
  endfacet
  facet normal 0.5349976198870967 0.8448535652497072 0
    outer loop
      vertex -5.055689120478379 -7.5663734719531615 1.2
      vertex -4.678334972158318 -7.805330351002475 0
      vertex -5.055689120478379 -7.5663734719531615 0
    endloop
  endfacet
  facet normal 0.6895405447370657 0.724247082951468 0
    outer loop
      vertex -6.111186489107868 -6.7426552407301275 1.2
      vertex -6.111186489107868 -6.7426552407301275 0
      vertex -6.434671708797583 -6.434671708797583 1.2
    endloop
  endfacet
  facet normal 0.6531728429537763 0.7572088465064849 1.241729436782125e-17
    outer loop
      vertex -6.111186489107868 -6.7426552407301275 1.2
      vertex -5.772978885889174 -7.0343951256009065 1.2
      vertex -5.772978885889174 -7.0343951256009065 0
    endloop
  endfacet
  facet normal 0.6152315905806268 0.7883464276266063 2.470565778730286e-18
    outer loop
      vertex -5.772978885889174 -7.0343951256009065 1.2
      vertex -5.420863670881143 -7.309188536473869 1.2
      vertex -5.420863670881143 -7.309188536473869 0
    endloop
  endfacet
  facet normal 0.5349976198870967 0.8448535652497072 9.266253104613112e-18
    outer loop
      vertex -5.055689120478379 -7.5663734719531615 1.2
      vertex -4.678334972158318 -7.805330351002475 1.2
      vertex -4.678334972158318 -7.805330351002475 0
    endloop
  endfacet
  facet normal 0.5758081914178442 0.8175848131515845 -6.0781742074931e-18
    outer loop
      vertex -5.420863670881143 -7.309188536473869 1.2
      vertex -5.055689120478379 -7.5663734719531615 1.2
      vertex -5.055689120478379 -7.5663734719531615 0
    endloop
  endfacet
  facet normal 0.4496113296546068 0.8932243011955151 0
    outer loop
      vertex -4.289710305116579 -8.02548350557003 1.2
      vertex -3.8907513502155666 -8.226302567423334 0
      vertex -4.289710305116579 -8.02548350557003 0
    endloop
  endfacet
  facet normal 0.40524131400498903 0.9142097557035309 0
    outer loop
      vertex -3.8907513502155666 -8.226302567423334 1.2
      vertex -3.482419234522317 -8.407303745852708 0
      vertex -3.8907513502155666 -8.226302567423334 0
    endloop
  endfacet
  facet normal 0.3598950365349904 0.932992798834738 0
    outer loop
      vertex -3.482419234522317 -8.407303745852708 1.2
      vertex -3.0656976658692026 -8.568050993165489 0
      vertex -3.482419234522317 -8.407303745852708 0
    endloop
  endfacet
  facet normal 0.4496113296546068 0.8932243011955151 1.1731855019073626e-18
    outer loop
      vertex -4.289710305116579 -8.02548350557003 1.2
      vertex -3.8907513502155666 -8.226302567423334 1.2
      vertex -3.8907513502155666 -8.226302567423334 0
    endloop
  endfacet
  facet normal 0.40524131400498903 0.9142097557035309 -4.651623014231356e-18
    outer loop
      vertex -3.8907513502155666 -8.226302567423334 1.2
      vertex -3.482419234522317 -8.407303745852708 1.2
      vertex -3.482419234522317 -8.407303745852708 0
    endloop
  endfacet
  facet normal 0.3598950365349904 0.932992798834738 -2.975568686481995e-18
    outer loop
      vertex -3.482419234522317 -8.407303745852708 1.2
      vertex -3.0656976658692026 -8.568050993165489 1.2
      vertex -3.0656976658692026 -8.568050993165489 0
    endloop
  endfacet
  facet normal 0.49289819222978404 0.8700869911087113 0
    outer loop
      vertex -4.678334972158318 -7.805330351002475 1.2
      vertex -4.289710305116579 -8.02548350557003 0
      vertex -4.678334972158318 -7.805330351002475 0
    endloop
  endfacet
  facet normal 0.49289819222978404 0.8700869911087113 7.005720316952515e-18
    outer loop
      vertex -4.678334972158318 -7.805330351002475 1.2
      vertex -4.289710305116579 -8.02548350557003 1.2
      vertex -4.289710305116579 -8.02548350557003 0
    endloop
  endfacet
  facet normal 0.31368174039889135 0.9495281805930366 0
    outer loop
      vertex -3.0656976658692026 -8.568050993165489 1.2
      vertex -2.641590563015607 -8.7081570551631 0
      vertex -3.0656976658692026 -8.568050993165489 0
    endloop
  endfacet
  facet normal 0.2667127574748965 0.9637760657954405 0
    outer loop
      vertex -2.641590563015607 -8.7081570551631 1.2
      vertex -2.211119637119701 -8.82728440407035 0
      vertex -2.641590563015607 -8.7081570551631 0
    endloop
  endfacet
  facet normal 0.2191012401568727 0.9757021300385277 0
    outer loop
      vertex -2.211119637119701 -8.82728440407035 1.2
      vertex -1.7753219303467669 -8.925146051669397 0
      vertex -2.211119637119701 -8.82728440407035 0
    endloop
  endfacet
  facet normal 0.17096188876030177 0.9852776423889411 0
    outer loop
      vertex -1.7753219303467669 -8.925146051669397 1.2
      vertex -1.3352473175437918 -9.001506240679507 0
      vertex -1.7753219303467669 -8.925146051669397 0
    endloop
  endfacet
  facet normal 0.31368174039889135 0.9495281805930366 -2.5482249446394105e-18
    outer loop
      vertex -3.0656976658692026 -8.568050993165489 1.2
      vertex -2.641590563015607 -8.7081570551631 1.2
      vertex -2.641590563015607 -8.7081570551631 0
    endloop
  endfacet
  facet normal 0.2191012401568727 0.9757021300385277 -5.6496166054743045e-18
    outer loop
      vertex -2.211119637119701 -8.82728440407035 1.2
      vertex -1.7753219303467669 -8.925146051669397 1.2
      vertex -1.7753219303467669 -8.925146051669397 0
    endloop
  endfacet
  facet normal 0.2667127574748965 0.9637760657954405 0
    outer loop
      vertex -2.211119637119701 -8.82728440407035 1.2
      vertex -2.211119637119701 -8.82728440407035 0
      vertex -2.641590563015607 -8.7081570551631 1.2
    endloop
  endfacet
  facet normal 0.12241067519921653 0.99247953459871 0
    outer loop
      vertex -1.3352473175437918 -9.001506240679507 1.2
      vertex -0.8919559769990014 -9.056181012716992 0
      vertex -1.3352473175437918 -9.001506240679507 0
    endloop
  endfacet
  facet normal 0.07356456359966664 0.9972904566786904 0
    outer loop
      vertex -0.8919559769990014 -9.056181012716992 1.2
      vertex -0.4465158363795039 -9.08903865146707 0
      vertex -0.8919559769990014 -9.056181012716992 0
    endloop
  endfacet
  facet normal 0.0245412285229107 0.9996988186962044 0
    outer loop
      vertex -0.4465158363795039 -9.08903865146707 1.2
      vertex 0 -9.1 0
      vertex -0.4465158363795039 -9.08903865146707 0
    endloop
  endfacet
  facet normal 0.17096188876030177 0.9852776423889411 -5.58534889475725e-18
    outer loop
      vertex -1.7753219303467669 -8.925146051669397 1.2
      vertex -1.3352473175437918 -9.001506240679507 1.2
      vertex -1.3352473175437918 -9.001506240679507 0
    endloop
  endfacet
  facet normal 0.12241067519921653 0.99247953459871 5.28639073150673e-19
    outer loop
      vertex -1.3352473175437918 -9.001506240679507 1.2
      vertex -0.8919559769990014 -9.056181012716992 1.2
      vertex -0.8919559769990014 -9.056181012716992 0
    endloop
  endfacet
  facet normal 0.07356456359966664 0.9972904566786904 -1.5958682024053973e-18
    outer loop
      vertex -0.8919559769990014 -9.056181012716992 1.2
      vertex -0.4465158363795039 -9.08903865146707 1.2
      vertex -0.4465158363795039 -9.08903865146707 0
    endloop
  endfacet
  facet normal 0.0245412285229107 0.9996988186962044 1.559257380576033e-19
    outer loop
      vertex -0.4465158363795039 -9.08903865146707 1.2
      vertex 0 -9.1 1.2
      vertex 0 -9.1 0
    endloop
  endfacet
  facet normal 0.8932243011955152 0.4496113296546068 2.656269060922331e-19
    outer loop
      vertex -8.02548350557003 -4.289710305116579 3.2
      vertex -8.226302567423334 -3.8907513502155666 3.2
      vertex -8.226302567423334 -3.8907513502155666 8.5
    endloop
  endfacet
  facet normal 0.9329927988347381 0.3598950365349904 -6.73713664863848e-19
    outer loop
      vertex -8.407303745852708 -3.482419234522317 3.2
      vertex -8.568050993165489 -3.0656976658692026 3.2
      vertex -8.568050993165489 -3.0656976658692026 8.5
    endloop
  endfacet
  facet normal 0.9142097557035311 0.4052413140049891 0
    outer loop
      vertex -8.407303745852708 -3.482419234522317 3.2
      vertex -8.407303745852708 -3.482419234522317 8.5
      vertex -8.226302567423334 -3.8907513502155666 3.2
    endloop
  endfacet
  facet normal 0.8448535652497073 0.5349976198870968 0
    outer loop
      vertex -7.805330351002475 -4.678334972158318 3.2
      vertex -7.805330351002475 -4.678334972158318 8.5
      vertex -7.5663734719531615 -5.055689120478379 3.2
    endloop
  endfacet
  facet normal 0.7883464276266063 0.6152315905806268 5.593733838634609e-19
    outer loop
      vertex -7.0343951256009065 -5.772978885889174 3.2
      vertex -7.309188536473869 -5.420863670881143 3.2
      vertex -7.309188536473869 -5.420863670881143 8.5
    endloop
  endfacet
  facet normal 0.8175848131515845 0.5758081914178441 0
    outer loop
      vertex -7.5663734719531615 -5.055689120478379 3.2
      vertex -7.5663734719531615 -5.055689120478379 8.5
      vertex -7.309188536473869 -5.420863670881143 3.2
    endloop
  endfacet
  facet normal 0.7572088465064849 0.6531728429537763 0
    outer loop
      vertex -7.0343951256009065 -5.772978885889174 3.2
      vertex -7.0343951256009065 -5.772978885889174 8.5
      vertex -6.7426552407301275 -6.111186489107868 3.2
    endloop
  endfacet
  facet normal 0.724247082951468 0.6895405447370658 0
    outer loop
      vertex -6.7426552407301275 -6.111186489107868 3.2
      vertex -6.7426552407301275 -6.111186489107868 8.5
      vertex -6.434671708797583 -6.434671708797583 3.2
    endloop
  endfacet
  facet normal 0.8700869911087115 0.49289819222978404 1.5862008264798149e-18
    outer loop
      vertex -7.805330351002475 -4.678334972158318 3.2
      vertex -8.02548350557003 -4.289710305116579 3.2
      vertex -8.02548350557003 -4.289710305116579 8.5
    endloop
  endfacet
  facet normal 0.9757021300385278 0.2191012401568727 -1.2791584767111634e-18
    outer loop
      vertex -8.82728440407035 -2.211119637119701 3.2
      vertex -8.925146051669397 -1.7753219303467669 3.2
      vertex -8.925146051669397 -1.7753219303467669 8.5
    endloop
  endfacet
  facet normal 0.9495281805930367 0.31368174039889135 -5.769565912391117e-19
    outer loop
      vertex -8.568050993165489 -3.0656976658692026 3.2
      vertex -8.7081570551631 -2.641590563015607 3.2
      vertex -8.7081570551631 -2.641590563015607 8.5
    endloop
  endfacet
  facet normal 0.9637760657954404 0.2667127574748964 -1.2812867146837538e-18
    outer loop
      vertex -8.7081570551631 -2.641590563015607 3.2
      vertex -8.82728440407035 -2.211119637119701 3.2
      vertex -8.82728440407035 -2.211119637119701 8.5
    endloop
  endfacet
  facet normal 0.9852776423889411 0.17096188876030177 -1.2646072969261697e-18
    outer loop
      vertex -8.925146051669397 -1.7753219303467669 3.2
      vertex -9.001506240679507 -1.3352473175437918 3.2
      vertex -9.001506240679507 -1.3352473175437918 8.5
    endloop
  endfacet
  facet normal 0.9924795345987099 0.12241067519921653 1.196918656190203e-19
    outer loop
      vertex -9.001506240679507 -1.3352473175437918 3.2
      vertex -9.056181012716992 -0.8919559769990014 3.2
      vertex -9.056181012716992 -0.8919559769990014 8.5
    endloop
  endfacet
  facet normal 0.9972904566786902 0.07356456359966662 0
    outer loop
      vertex -9.08903865146707 -0.4465158363795039 3.2
      vertex -9.08903865146707 -0.4465158363795039 8.5
      vertex -9.056181012716992 -0.8919559769990014 3.2
    endloop
  endfacet
  facet normal 0.9996988186962042 0.024541228522910692 3.530394069228753e-20
    outer loop
      vertex -9.08903865146707 -0.4465158363795039 3.2
      vertex -9.1 0 3.2
      vertex -9.1 0 8.5
    endloop
  endfacet
  facet normal 0.8932243011955152 0.4496113296546068 0
    outer loop
      vertex -8.02548350557003 -4.289710305116579 3.2
      vertex -8.226302567423334 -3.8907513502155666 8.5
      vertex -8.02548350557003 -4.289710305116579 8.5
    endloop
  endfacet
  facet normal 0.9329927988347381 0.3598950365349904 0
    outer loop
      vertex -8.407303745852708 -3.482419234522317 3.2
      vertex -8.568050993165489 -3.0656976658692026 8.5
      vertex -8.407303745852708 -3.482419234522317 8.5
    endloop
  endfacet
  facet normal 0.9142097557035311 0.4052413140049891 0
    outer loop
      vertex -8.226302567423334 -3.8907513502155666 3.2
      vertex -8.407303745852708 -3.482419234522317 8.5
      vertex -8.226302567423334 -3.8907513502155666 8.5
    endloop
  endfacet
  facet normal 0.8448535652497073 0.5349976198870968 0
    outer loop
      vertex -7.5663734719531615 -5.055689120478379 3.2
      vertex -7.805330351002475 -4.678334972158318 8.5
      vertex -7.5663734719531615 -5.055689120478379 8.5
    endloop
  endfacet
  facet normal 0.8175848131515845 0.5758081914178441 0
    outer loop
      vertex -7.309188536473869 -5.420863670881143 3.2
      vertex -7.5663734719531615 -5.055689120478379 8.5
      vertex -7.309188536473869 -5.420863670881143 8.5
    endloop
  endfacet
  facet normal 0.7883464276266063 0.6152315905806268 0
    outer loop
      vertex -7.0343951256009065 -5.772978885889174 3.2
      vertex -7.309188536473869 -5.420863670881143 8.5
      vertex -7.0343951256009065 -5.772978885889174 8.5
    endloop
  endfacet
  facet normal 0.7572088465064849 0.6531728429537763 0
    outer loop
      vertex -6.7426552407301275 -6.111186489107868 3.2
      vertex -7.0343951256009065 -5.772978885889174 8.5
      vertex -6.7426552407301275 -6.111186489107868 8.5
    endloop
  endfacet
  facet normal 0.724247082951468 0.6895405447370658 0
    outer loop
      vertex -6.434671708797583 -6.434671708797583 3.2
      vertex -6.7426552407301275 -6.111186489107868 8.5
      vertex -6.434671708797583 -6.434671708797583 8.5
    endloop
  endfacet
  facet normal 0.8700869911087115 0.49289819222978404 0
    outer loop
      vertex -7.805330351002475 -4.678334972158318 3.2
      vertex -8.02548350557003 -4.289710305116579 8.5
      vertex -7.805330351002475 -4.678334972158318 8.5
    endloop
  endfacet
  facet normal 0.9757021300385278 0.2191012401568727 0
    outer loop
      vertex -8.82728440407035 -2.211119637119701 3.2
      vertex -8.925146051669397 -1.7753219303467669 8.5
      vertex -8.82728440407035 -2.211119637119701 8.5
    endloop
  endfacet
  facet normal 0.9852776423889411 0.17096188876030177 0
    outer loop
      vertex -8.925146051669397 -1.7753219303467669 3.2
      vertex -9.001506240679507 -1.3352473175437918 8.5
      vertex -8.925146051669397 -1.7753219303467669 8.5
    endloop
  endfacet
  facet normal 0.9495281805930367 0.31368174039889135 0
    outer loop
      vertex -8.568050993165489 -3.0656976658692026 3.2
      vertex -8.7081570551631 -2.641590563015607 8.5
      vertex -8.568050993165489 -3.0656976658692026 8.5
    endloop
  endfacet
  facet normal 0.9637760657954404 0.2667127574748964 0
    outer loop
      vertex -8.7081570551631 -2.641590563015607 3.2
      vertex -8.82728440407035 -2.211119637119701 8.5
      vertex -8.7081570551631 -2.641590563015607 8.5
    endloop
  endfacet
  facet normal 0.9924795345987099 0.12241067519921653 0
    outer loop
      vertex -9.001506240679507 -1.3352473175437918 3.2
      vertex -9.056181012716992 -0.8919559769990014 8.5
      vertex -9.001506240679507 -1.3352473175437918 8.5
    endloop
  endfacet
  facet normal 0.9972904566786902 0.07356456359966662 0
    outer loop
      vertex -9.056181012716992 -0.8919559769990014 3.2
      vertex -9.08903865146707 -0.4465158363795039 8.5
      vertex -9.056181012716992 -0.8919559769990014 8.5
    endloop
  endfacet
  facet normal 0.9996988186962042 0.024541228522910692 0
    outer loop
      vertex -9.08903865146707 -0.4465158363795039 3.2
      vertex -9.1 0 8.5
      vertex -9.08903865146707 -0.4465158363795039 8.5
    endloop
  endfacet
  facet normal 0.6895405447370658 0.724247082951468 -2.9286485142571126e-18
    outer loop
      vertex -6.111186489107868 -6.7426552407301275 3.2
      vertex -6.434671708797583 -6.434671708797583 3.2
      vertex -6.434671708797583 -6.434671708797583 8.5
    endloop
  endfacet
  facet normal 0.6531728429537763 0.7572088465064849 0
    outer loop
      vertex -6.111186489107868 -6.7426552407301275 3.2
      vertex -6.111186489107868 -6.7426552407301275 8.5
      vertex -5.772978885889174 -7.0343951256009065 3.2
    endloop
  endfacet
  facet normal 0.6152315905806268 0.7883464276266063 0
    outer loop
      vertex -5.772978885889174 -7.0343951256009065 3.2
      vertex -5.772978885889174 -7.0343951256009065 8.5
      vertex -5.420863670881143 -7.309188536473869 3.2
    endloop
  endfacet
  facet normal 0.5758081914178441 0.8175848131515845 0
    outer loop
      vertex -5.420863670881143 -7.309188536473869 3.2
      vertex -5.420863670881143 -7.309188536473869 8.5
      vertex -5.055689120478379 -7.5663734719531615 3.2
    endloop
  endfacet
  facet normal 0.5349976198870968 0.8448535652497073 0
    outer loop
      vertex -5.055689120478379 -7.5663734719531615 3.2
      vertex -5.055689120478379 -7.5663734719531615 8.5
      vertex -4.678334972158318 -7.805330351002475 3.2
    endloop
  endfacet
  facet normal 0.4496113296546068 0.8932243011955152 0
    outer loop
      vertex -4.289710305116579 -8.02548350557003 3.2
      vertex -4.289710305116579 -8.02548350557003 8.5
      vertex -3.8907513502155666 -8.226302567423334 3.2
    endloop
  endfacet
  facet normal 0.4052413140049891 0.9142097557035311 0
    outer loop
      vertex -3.8907513502155666 -8.226302567423334 3.2
      vertex -3.8907513502155666 -8.226302567423334 8.5
      vertex -3.482419234522317 -8.407303745852708 3.2
    endloop
  endfacet
  facet normal 0.3598950365349904 0.9329927988347381 0
    outer loop
      vertex -3.482419234522317 -8.407303745852708 3.2
      vertex -3.482419234522317 -8.407303745852708 8.5
      vertex -3.0656976658692026 -8.568050993165489 3.2
    endloop
  endfacet
  facet normal 0.49289819222978404 0.8700869911087115 0
    outer loop
      vertex -4.678334972158318 -7.805330351002475 3.2
      vertex -4.678334972158318 -7.805330351002475 8.5
      vertex -4.289710305116579 -8.02548350557003 3.2
    endloop
  endfacet
  facet normal 0.31368174039889135 0.9495281805930367 0
    outer loop
      vertex -3.0656976658692026 -8.568050993165489 3.2
      vertex -3.0656976658692026 -8.568050993165489 8.5
      vertex -2.641590563015607 -8.7081570551631 3.2
    endloop
  endfacet
  facet normal 0.2667127574748964 0.9637760657954404 -1.2812867146837538e-18
    outer loop
      vertex -2.211119637119701 -8.82728440407035 3.2
      vertex -2.641590563015607 -8.7081570551631 3.2
      vertex -2.641590563015607 -8.7081570551631 8.5
    endloop
  endfacet
  facet normal 0.2191012401568727 0.9757021300385278 0
    outer loop
      vertex -2.211119637119701 -8.82728440407035 3.2
      vertex -2.211119637119701 -8.82728440407035 8.5
      vertex -1.7753219303467669 -8.925146051669397 3.2
    endloop
  endfacet
  facet normal 0.17096188876030177 0.9852776423889411 0
    outer loop
      vertex -1.7753219303467669 -8.925146051669397 3.2
      vertex -1.7753219303467669 -8.925146051669397 8.5
      vertex -1.3352473175437918 -9.001506240679507 3.2
    endloop
  endfacet
  facet normal 0.12241067519921653 0.9924795345987099 0
    outer loop
      vertex -1.3352473175437918 -9.001506240679507 3.2
      vertex -1.3352473175437918 -9.001506240679507 8.5
      vertex -0.8919559769990014 -9.056181012716992 3.2
    endloop
  endfacet
  facet normal 0.07356456359966662 0.9972904566786902 0
    outer loop
      vertex -0.8919559769990014 -9.056181012716992 3.2
      vertex -0.8919559769990014 -9.056181012716992 8.5
      vertex -0.4465158363795039 -9.08903865146707 3.2
    endloop
  endfacet
  facet normal 0.024541228522910692 0.9996988186962042 0
    outer loop
      vertex -0.4465158363795039 -9.08903865146707 3.2
      vertex -0.4465158363795039 -9.08903865146707 8.5
      vertex 0 -9.1 3.2
    endloop
  endfacet
  facet normal 0.6895405447370658 0.724247082951468 0
    outer loop
      vertex -6.111186489107868 -6.7426552407301275 3.2
      vertex -6.434671708797583 -6.434671708797583 8.5
      vertex -6.111186489107868 -6.7426552407301275 8.5
    endloop
  endfacet
  facet normal 0.6531728429537763 0.7572088465064849 0
    outer loop
      vertex -5.772978885889174 -7.0343951256009065 3.2
      vertex -6.111186489107868 -6.7426552407301275 8.5
      vertex -5.772978885889174 -7.0343951256009065 8.5
    endloop
  endfacet
  facet normal 0.6152315905806268 0.7883464276266063 0
    outer loop
      vertex -5.420863670881143 -7.309188536473869 3.2
      vertex -5.772978885889174 -7.0343951256009065 8.5
      vertex -5.420863670881143 -7.309188536473869 8.5
    endloop
  endfacet
  facet normal 0.5349976198870968 0.8448535652497073 0
    outer loop
      vertex -4.678334972158318 -7.805330351002475 3.2
      vertex -5.055689120478379 -7.5663734719531615 8.5
      vertex -4.678334972158318 -7.805330351002475 8.5
    endloop
  endfacet
  facet normal 0.5758081914178441 0.8175848131515845 0
    outer loop
      vertex -5.055689120478379 -7.5663734719531615 3.2
      vertex -5.420863670881143 -7.309188536473869 8.5
      vertex -5.055689120478379 -7.5663734719531615 8.5
    endloop
  endfacet
  facet normal 0.4496113296546068 0.8932243011955152 0
    outer loop
      vertex -3.8907513502155666 -8.226302567423334 3.2
      vertex -4.289710305116579 -8.02548350557003 8.5
      vertex -3.8907513502155666 -8.226302567423334 8.5
    endloop
  endfacet
  facet normal 0.4052413140049891 0.9142097557035311 0
    outer loop
      vertex -3.482419234522317 -8.407303745852708 3.2
      vertex -3.8907513502155666 -8.226302567423334 8.5
      vertex -3.482419234522317 -8.407303745852708 8.5
    endloop
  endfacet
  facet normal 0.3598950365349904 0.9329927988347381 0
    outer loop
      vertex -3.0656976658692026 -8.568050993165489 3.2
      vertex -3.482419234522317 -8.407303745852708 8.5
      vertex -3.0656976658692026 -8.568050993165489 8.5
    endloop
  endfacet
  facet normal 0.49289819222978404 0.8700869911087115 0
    outer loop
      vertex -4.289710305116579 -8.02548350557003 3.2
      vertex -4.678334972158318 -7.805330351002475 8.5
      vertex -4.289710305116579 -8.02548350557003 8.5
    endloop
  endfacet
  facet normal 0.31368174039889135 0.9495281805930367 0
    outer loop
      vertex -2.641590563015607 -8.7081570551631 3.2
      vertex -3.0656976658692026 -8.568050993165489 8.5
      vertex -2.641590563015607 -8.7081570551631 8.5
    endloop
  endfacet
  facet normal 0.2191012401568727 0.9757021300385278 0
    outer loop
      vertex -1.7753219303467669 -8.925146051669397 3.2
      vertex -2.211119637119701 -8.82728440407035 8.5
      vertex -1.7753219303467669 -8.925146051669397 8.5
    endloop
  endfacet
  facet normal 0.2667127574748964 0.9637760657954404 0
    outer loop
      vertex -2.211119637119701 -8.82728440407035 3.2
      vertex -2.641590563015607 -8.7081570551631 8.5
      vertex -2.211119637119701 -8.82728440407035 8.5
    endloop
  endfacet
  facet normal 0.17096188876030177 0.9852776423889411 0
    outer loop
      vertex -1.3352473175437918 -9.001506240679507 3.2
      vertex -1.7753219303467669 -8.925146051669397 8.5
      vertex -1.3352473175437918 -9.001506240679507 8.5
    endloop
  endfacet
  facet normal 0.12241067519921653 0.9924795345987099 0
    outer loop
      vertex -0.8919559769990014 -9.056181012716992 3.2
      vertex -1.3352473175437918 -9.001506240679507 8.5
      vertex -0.8919559769990014 -9.056181012716992 8.5
    endloop
  endfacet
  facet normal 0.07356456359966662 0.9972904566786902 0
    outer loop
      vertex -0.4465158363795039 -9.08903865146707 3.2
      vertex -0.8919559769990014 -9.056181012716992 8.5
      vertex -0.4465158363795039 -9.08903865146707 8.5
    endloop
  endfacet
  facet normal 0.024541228522910692 0.9996988186962042 0
    outer loop
      vertex 0 -9.1 3.2
      vertex -0.4465158363795039 -9.08903865146707 8.5
      vertex 0 -9.1 8.5
    endloop
  endfacet
  facet normal 0.9996988186962044 -0.0245412285229107 0
    outer loop
      vertex -9.08903865146707 0.4465158363795039 1.2
      vertex -9.1 0 0
      vertex -9.08903865146707 0.4465158363795039 0
    endloop
  endfacet
  facet normal 0.9972904566786904 -0.07356456359966664 0
    outer loop
      vertex -9.056181012716992 0.8919559769990014 1.2
      vertex -9.08903865146707 0.4465158363795039 0
      vertex -9.056181012716992 0.8919559769990014 0
    endloop
  endfacet
  facet normal 0.99247953459871 -0.12241067519921653 0
    outer loop
      vertex -9.001506240679507 1.3352473175437918 1.2
      vertex -9.056181012716992 0.8919559769990014 0
      vertex -9.001506240679507 1.3352473175437918 0
    endloop
  endfacet
  facet normal 0.9996988186962044 -0.0245412285229107 0
    outer loop
      vertex -9.1 0 1.2
      vertex -9.1 0 0
      vertex -9.08903865146707 0.4465158363795039 1.2
    endloop
  endfacet
  facet normal 0.9972904566786904 -0.07356456359966664 0
    outer loop
      vertex -9.08903865146707 0.4465158363795039 1.2
      vertex -9.08903865146707 0.4465158363795039 0
      vertex -9.056181012716992 0.8919559769990014 1.2
    endloop
  endfacet
  facet normal 0.99247953459871 -0.12241067519921653 0
    outer loop
      vertex -9.056181012716992 0.8919559769990014 1.2
      vertex -9.056181012716992 0.8919559769990014 0
      vertex -9.001506240679507 1.3352473175437918 1.2
    endloop
  endfacet
  facet normal 0.9852776423889411 -0.17096188876030177 0
    outer loop
      vertex -9.001506240679507 1.3352473175437918 1.2
      vertex -9.001506240679507 1.3352473175437918 0
      vertex -8.925146051669397 1.7753219303467669 1.2
    endloop
  endfacet
  facet normal 0.9852776423889411 -0.17096188876030177 0
    outer loop
      vertex -8.925146051669397 1.7753219303467669 1.2
      vertex -9.001506240679507 1.3352473175437918 0
      vertex -8.925146051669397 1.7753219303467669 0
    endloop
  endfacet
  facet normal 0.9757021300385277 -0.2191012401568727 0
    outer loop
      vertex -8.82728440407035 2.211119637119701 1.2
      vertex -8.925146051669397 1.7753219303467669 0
      vertex -8.82728440407035 2.211119637119701 0
    endloop
  endfacet
  facet normal 0.9637760657954405 -0.2667127574748965 0
    outer loop
      vertex -8.7081570551631 2.641590563015607 1.2
      vertex -8.82728440407035 2.211119637119701 0
      vertex -8.7081570551631 2.641590563015607 0
    endloop
  endfacet
  facet normal 0.9495281805930366 -0.31368174039889135 0
    outer loop
      vertex -8.568050993165489 3.0656976658692026 1.2
      vertex -8.7081570551631 2.641590563015607 0
      vertex -8.568050993165489 3.0656976658692026 0
    endloop
  endfacet
  facet normal 0.9757021300385277 -0.2191012401568727 0
    outer loop
      vertex -8.925146051669397 1.7753219303467669 1.2
      vertex -8.925146051669397 1.7753219303467669 0
      vertex -8.82728440407035 2.211119637119701 1.2
    endloop
  endfacet
  facet normal 0.9637760657954405 -0.2667127574748965 0
    outer loop
      vertex -8.82728440407035 2.211119637119701 1.2
      vertex -8.82728440407035 2.211119637119701 0
      vertex -8.7081570551631 2.641590563015607 1.2
    endloop
  endfacet
  facet normal 0.9495281805930366 -0.31368174039889135 0
    outer loop
      vertex -8.7081570551631 2.641590563015607 1.2
      vertex -8.7081570551631 2.641590563015607 0
      vertex -8.568050993165489 3.0656976658692026 1.2
    endloop
  endfacet
  facet normal 0.932992798834738 -0.3598950365349904 0
    outer loop
      vertex -8.407303745852708 3.482419234522317 1.2
      vertex -8.568050993165489 3.0656976658692026 0
      vertex -8.407303745852708 3.482419234522317 0
    endloop
  endfacet
  facet normal 0.9142097557035309 -0.40524131400498903 0
    outer loop
      vertex -8.226302567423334 3.8907513502155666 1.2
      vertex -8.407303745852708 3.482419234522317 0
      vertex -8.226302567423334 3.8907513502155666 0
    endloop
  endfacet
  facet normal 0.8932243011955151 -0.4496113296546068 0
    outer loop
      vertex -8.02548350557003 4.289710305116579 1.2
      vertex -8.226302567423334 3.8907513502155666 0
      vertex -8.02548350557003 4.289710305116579 0
    endloop
  endfacet
  facet normal 0.932992798834738 -0.3598950365349904 0
    outer loop
      vertex -8.568050993165489 3.0656976658692026 1.2
      vertex -8.568050993165489 3.0656976658692026 0
      vertex -8.407303745852708 3.482419234522317 1.2
    endloop
  endfacet
  facet normal 0.9142097557035309 -0.40524131400498903 0
    outer loop
      vertex -8.407303745852708 3.482419234522317 1.2
      vertex -8.407303745852708 3.482419234522317 0
      vertex -8.226302567423334 3.8907513502155666 1.2
    endloop
  endfacet
  facet normal 0.8932243011955151 -0.4496113296546068 0
    outer loop
      vertex -8.226302567423334 3.8907513502155666 1.2
      vertex -8.226302567423334 3.8907513502155666 0
      vertex -8.02548350557003 4.289710305116579 1.2
    endloop
  endfacet
  facet normal 0.8700869911087113 -0.49289819222978404 0
    outer loop
      vertex -7.805330351002475 4.678334972158318 1.2
      vertex -8.02548350557003 4.289710305116579 0
      vertex -7.805330351002475 4.678334972158318 0
    endloop
  endfacet
  facet normal 0.8700869911087113 -0.49289819222978404 0
    outer loop
      vertex -8.02548350557003 4.289710305116579 1.2
      vertex -8.02548350557003 4.289710305116579 0
      vertex -7.805330351002475 4.678334972158318 1.2
    endloop
  endfacet
  facet normal 0.8448535652497072 -0.5349976198870967 0
    outer loop
      vertex -7.5663734719531615 5.055689120478379 1.2
      vertex -7.805330351002475 4.678334972158318 0
      vertex -7.5663734719531615 5.055689120478379 0
    endloop
  endfacet
  facet normal 0.8175848131515845 -0.5758081914178442 0
    outer loop
      vertex -7.309188536473869 5.420863670881143 1.2
      vertex -7.5663734719531615 5.055689120478379 0
      vertex -7.309188536473869 5.420863670881143 0
    endloop
  endfacet
  facet normal 0.7883464276266063 -0.6152315905806268 0
    outer loop
      vertex -7.0343951256009065 5.772978885889174 1.2
      vertex -7.309188536473869 5.420863670881143 0
      vertex -7.0343951256009065 5.772978885889174 0
    endloop
  endfacet
  facet normal 0.7572088465064849 -0.6531728429537763 0
    outer loop
      vertex -6.7426552407301275 6.111186489107868 1.2
      vertex -7.0343951256009065 5.772978885889174 0
      vertex -6.7426552407301275 6.111186489107868 0
    endloop
  endfacet
  facet normal 0.724247082951468 -0.6895405447370657 0
    outer loop
      vertex -6.434671708797583 6.434671708797583 1.2
      vertex -6.7426552407301275 6.111186489107868 0
      vertex -6.434671708797583 6.434671708797583 0
    endloop
  endfacet
  facet normal 0.8448535652497072 -0.5349976198870967 0
    outer loop
      vertex -7.805330351002475 4.678334972158318 1.2
      vertex -7.805330351002475 4.678334972158318 0
      vertex -7.5663734719531615 5.055689120478379 1.2
    endloop
  endfacet
  facet normal 0.8175848131515845 -0.5758081914178442 0
    outer loop
      vertex -7.5663734719531615 5.055689120478379 1.2
      vertex -7.5663734719531615 5.055689120478379 0
      vertex -7.309188536473869 5.420863670881143 1.2
    endloop
  endfacet
  facet normal 0.7883464276266063 -0.6152315905806268 0
    outer loop
      vertex -7.309188536473869 5.420863670881143 1.2
      vertex -7.309188536473869 5.420863670881143 0
      vertex -7.0343951256009065 5.772978885889174 1.2
    endloop
  endfacet
  facet normal 0.7572088465064849 -0.6531728429537763 0
    outer loop
      vertex -7.0343951256009065 5.772978885889174 1.2
      vertex -7.0343951256009065 5.772978885889174 0
      vertex -6.7426552407301275 6.111186489107868 1.2
    endloop
  endfacet
  facet normal 0.724247082951468 -0.6895405447370657 0
    outer loop
      vertex -6.7426552407301275 6.111186489107868 1.2
      vertex -6.7426552407301275 6.111186489107868 0
      vertex -6.434671708797583 6.434671708797583 1.2
    endloop
  endfacet
  facet normal 0.6895405447370657 -0.724247082951468 0
    outer loop
      vertex -6.111186489107868 6.7426552407301275 1.2
      vertex -6.434671708797583 6.434671708797583 0
      vertex -6.111186489107868 6.7426552407301275 0
    endloop
  endfacet
  facet normal 0.6531728429537763 -0.7572088465064849 0
    outer loop
      vertex -5.772978885889174 7.0343951256009065 1.2
      vertex -6.111186489107868 6.7426552407301275 0
      vertex -5.772978885889174 7.0343951256009065 0
    endloop
  endfacet
  facet normal 0.6152315905806268 -0.7883464276266063 0
    outer loop
      vertex -5.420863670881143 7.309188536473869 1.2
      vertex -5.772978885889174 7.0343951256009065 0
      vertex -5.420863670881143 7.309188536473869 0
    endloop
  endfacet
  facet normal 0.5758081914178442 -0.8175848131515845 0
    outer loop
      vertex -5.055689120478379 7.5663734719531615 1.2
      vertex -5.420863670881143 7.309188536473869 0
      vertex -5.055689120478379 7.5663734719531615 0
    endloop
  endfacet
  facet normal 0.5349976198870967 -0.8448535652497072 0
    outer loop
      vertex -4.678334972158318 7.805330351002475 1.2
      vertex -5.055689120478379 7.5663734719531615 0
      vertex -4.678334972158318 7.805330351002475 0
    endloop
  endfacet
  facet normal 0.6895405447370657 -0.724247082951468 0
    outer loop
      vertex -6.434671708797583 6.434671708797583 1.2
      vertex -6.434671708797583 6.434671708797583 0
      vertex -6.111186489107868 6.7426552407301275 1.2
    endloop
  endfacet
  facet normal 0.6531728429537763 -0.7572088465064849 0
    outer loop
      vertex -6.111186489107868 6.7426552407301275 1.2
      vertex -6.111186489107868 6.7426552407301275 0
      vertex -5.772978885889174 7.0343951256009065 1.2
    endloop
  endfacet
  facet normal 0.6152315905806268 -0.7883464276266063 0
    outer loop
      vertex -5.772978885889174 7.0343951256009065 1.2
      vertex -5.772978885889174 7.0343951256009065 0
      vertex -5.420863670881143 7.309188536473869 1.2
    endloop
  endfacet
  facet normal 0.5758081914178442 -0.8175848131515845 0
    outer loop
      vertex -5.420863670881143 7.309188536473869 1.2
      vertex -5.420863670881143 7.309188536473869 0
      vertex -5.055689120478379 7.5663734719531615 1.2
    endloop
  endfacet
  facet normal 0.5349976198870967 -0.8448535652497072 0
    outer loop
      vertex -5.055689120478379 7.5663734719531615 1.2
      vertex -5.055689120478379 7.5663734719531615 0
      vertex -4.678334972158318 7.805330351002475 1.2
    endloop
  endfacet
  facet normal 0.49289819222978404 -0.8700869911087113 0
    outer loop
      vertex -4.289710305116579 8.02548350557003 1.2
      vertex -4.678334972158318 7.805330351002475 0
      vertex -4.289710305116579 8.02548350557003 0
    endloop
  endfacet
  facet normal 0.49289819222978404 -0.8700869911087113 0
    outer loop
      vertex -4.678334972158318 7.805330351002475 1.2
      vertex -4.678334972158318 7.805330351002475 0
      vertex -4.289710305116579 8.02548350557003 1.2
    endloop
  endfacet
  facet normal 0.4496113296546068 -0.8932243011955151 0
    outer loop
      vertex -3.8907513502155666 8.226302567423334 1.2
      vertex -4.289710305116579 8.02548350557003 0
      vertex -3.8907513502155666 8.226302567423334 0
    endloop
  endfacet
  facet normal 0.40524131400498903 -0.9142097557035309 0
    outer loop
      vertex -3.482419234522317 8.407303745852708 1.2
      vertex -3.8907513502155666 8.226302567423334 0
      vertex -3.482419234522317 8.407303745852708 0
    endloop
  endfacet
  facet normal 0.3598950365349904 -0.932992798834738 0
    outer loop
      vertex -3.0656976658692026 8.568050993165489 1.2
      vertex -3.482419234522317 8.407303745852708 0
      vertex -3.0656976658692026 8.568050993165489 0
    endloop
  endfacet
  facet normal 0.4496113296546068 -0.8932243011955151 0
    outer loop
      vertex -4.289710305116579 8.02548350557003 1.2
      vertex -4.289710305116579 8.02548350557003 0
      vertex -3.8907513502155666 8.226302567423334 1.2
    endloop
  endfacet
  facet normal 0.40524131400498903 -0.9142097557035309 0
    outer loop
      vertex -3.8907513502155666 8.226302567423334 1.2
      vertex -3.8907513502155666 8.226302567423334 0
      vertex -3.482419234522317 8.407303745852708 1.2
    endloop
  endfacet
  facet normal 0.3598950365349904 -0.932992798834738 0
    outer loop
      vertex -3.482419234522317 8.407303745852708 1.2
      vertex -3.482419234522317 8.407303745852708 0
      vertex -3.0656976658692026 8.568050993165489 1.2
    endloop
  endfacet
  facet normal 0.31368174039889135 -0.9495281805930366 0
    outer loop
      vertex -2.641590563015607 8.7081570551631 1.2
      vertex -3.0656976658692026 8.568050993165489 0
      vertex -2.641590563015607 8.7081570551631 0
    endloop
  endfacet
  facet normal 0.2667127574748965 -0.9637760657954405 0
    outer loop
      vertex -2.211119637119701 8.82728440407035 1.2
      vertex -2.641590563015607 8.7081570551631 0
      vertex -2.211119637119701 8.82728440407035 0
    endloop
  endfacet
  facet normal 0.2191012401568727 -0.9757021300385277 0
    outer loop
      vertex -1.7753219303467669 8.925146051669397 1.2
      vertex -2.211119637119701 8.82728440407035 0
      vertex -1.7753219303467669 8.925146051669397 0
    endloop
  endfacet
  facet normal 0.31368174039889135 -0.9495281805930366 0
    outer loop
      vertex -3.0656976658692026 8.568050993165489 1.2
      vertex -3.0656976658692026 8.568050993165489 0
      vertex -2.641590563015607 8.7081570551631 1.2
    endloop
  endfacet
  facet normal 0.2667127574748965 -0.9637760657954405 0
    outer loop
      vertex -2.641590563015607 8.7081570551631 1.2
      vertex -2.641590563015607 8.7081570551631 0
      vertex -2.211119637119701 8.82728440407035 1.2
    endloop
  endfacet
  facet normal 0.2191012401568727 -0.9757021300385277 0
    outer loop
      vertex -2.211119637119701 8.82728440407035 1.2
      vertex -2.211119637119701 8.82728440407035 0
      vertex -1.7753219303467669 8.925146051669397 1.2
    endloop
  endfacet
  facet normal 0.17096188876030177 -0.9852776423889411 0
    outer loop
      vertex -1.7753219303467669 8.925146051669397 1.2
      vertex -1.7753219303467669 8.925146051669397 0
      vertex -1.3352473175437918 9.001506240679507 1.2
    endloop
  endfacet
  facet normal 0.17096188876030177 -0.9852776423889411 0
    outer loop
      vertex -1.3352473175437918 9.001506240679507 1.2
      vertex -1.7753219303467669 8.925146051669397 0
      vertex -1.3352473175437918 9.001506240679507 0
    endloop
  endfacet
  facet normal 0.12241067519921653 -0.99247953459871 0
    outer loop
      vertex -0.8919559769990014 9.056181012716992 1.2
      vertex -1.3352473175437918 9.001506240679507 0
      vertex -0.8919559769990014 9.056181012716992 0
    endloop
  endfacet
  facet normal 0.07356456359966664 -0.9972904566786904 0
    outer loop
      vertex -0.4465158363795039 9.08903865146707 1.2
      vertex -0.8919559769990014 9.056181012716992 0
      vertex -0.4465158363795039 9.08903865146707 0
    endloop
  endfacet
  facet normal 0.0245412285229107 -0.9996988186962044 0
    outer loop
      vertex 0 9.1 1.2
      vertex -0.4465158363795039 9.08903865146707 0
      vertex 0 9.1 0
    endloop
  endfacet
  facet normal 0.12241067519921653 -0.99247953459871 0
    outer loop
      vertex -1.3352473175437918 9.001506240679507 1.2
      vertex -1.3352473175437918 9.001506240679507 0
      vertex -0.8919559769990014 9.056181012716992 1.2
    endloop
  endfacet
  facet normal 0.07356456359966664 -0.9972904566786904 0
    outer loop
      vertex -0.8919559769990014 9.056181012716992 1.2
      vertex -0.8919559769990014 9.056181012716992 0
      vertex -0.4465158363795039 9.08903865146707 1.2
    endloop
  endfacet
  facet normal 0.0245412285229107 -0.9996988186962044 0
    outer loop
      vertex -0.4465158363795039 9.08903865146707 1.2
      vertex -0.4465158363795039 9.08903865146707 0
      vertex 0 9.1 1.2
    endloop
  endfacet
  facet normal 0.9996988186962042 -0.024541228522910692 -3.530394069228753e-20
    outer loop
      vertex -9.1 0 3.2
      vertex -9.08903865146707 0.4465158363795039 3.2
      vertex -9.08903865146707 0.4465158363795039 8.5
    endloop
  endfacet
  facet normal 0.9972904566786902 -0.07356456359966662 3.6132864960122195e-19
    outer loop
      vertex -9.08903865146707 0.4465158363795039 3.2
      vertex -9.056181012716992 0.8919559769990014 3.2
      vertex -9.056181012716992 0.8919559769990014 8.5
    endloop
  endfacet
  facet normal 0.9924795345987099 -0.12241067519921653 -1.196918656190203e-19
    outer loop
      vertex -9.056181012716992 0.8919559769990014 3.2
      vertex -9.001506240679507 1.3352473175437918 3.2
      vertex -9.001506240679507 1.3352473175437918 8.5
    endloop
  endfacet
  facet normal 0.9852776423889411 -0.17096188876030177 1.2646072969261697e-18
    outer loop
      vertex -9.001506240679507 1.3352473175437918 3.2
      vertex -8.925146051669397 1.7753219303467669 3.2
      vertex -8.925146051669397 1.7753219303467669 8.5
    endloop
  endfacet
  facet normal 0.9757021300385278 -0.2191012401568727 1.2791584767111634e-18
    outer loop
      vertex -8.925146051669397 1.7753219303467669 3.2
      vertex -8.82728440407035 2.211119637119701 3.2
      vertex -8.82728440407035 2.211119637119701 8.5
    endloop
  endfacet
  facet normal 0.9637760657954404 -0.2667127574748964 1.2812867146837538e-18
    outer loop
      vertex -8.82728440407035 2.211119637119701 3.2
      vertex -8.7081570551631 2.641590563015607 3.2
      vertex -8.7081570551631 2.641590563015607 8.5
    endloop
  endfacet
  facet normal 0.9495281805930367 -0.31368174039889135 5.769565912391117e-19
    outer loop
      vertex -8.7081570551631 2.641590563015607 3.2
      vertex -8.568050993165489 3.0656976658692026 3.2
      vertex -8.568050993165489 3.0656976658692026 8.5
    endloop
  endfacet
  facet normal 0.9329927988347381 -0.3598950365349904 6.73713664863848e-19
    outer loop
      vertex -8.568050993165489 3.0656976658692026 3.2
      vertex -8.407303745852708 3.482419234522317 3.2
      vertex -8.407303745852708 3.482419234522317 8.5
    endloop
  endfacet
  facet normal 0.9142097557035311 -0.4052413140049891 1.0531976635995524e-18
    outer loop
      vertex -8.407303745852708 3.482419234522317 3.2
      vertex -8.226302567423334 3.8907513502155666 3.2
      vertex -8.226302567423334 3.8907513502155666 8.5
    endloop
  endfacet
  facet normal 0.8932243011955152 -0.4496113296546068 -2.656269060922331e-19
    outer loop
      vertex -8.226302567423334 3.8907513502155666 3.2
      vertex -8.02548350557003 4.289710305116579 3.2
      vertex -8.02548350557003 4.289710305116579 8.5
    endloop
  endfacet
  facet normal 0.8700869911087115 -0.49289819222978404 -1.5862008264798149e-18
    outer loop
      vertex -8.02548350557003 4.289710305116579 3.2
      vertex -7.805330351002475 4.678334972158318 3.2
      vertex -7.805330351002475 4.678334972158318 8.5
    endloop
  endfacet
  facet normal 0.8448535652497073 -0.5349976198870968 -2.098019570855799e-18
    outer loop
      vertex -7.805330351002475 4.678334972158318 3.2
      vertex -7.5663734719531615 5.055689120478379 3.2
      vertex -7.5663734719531615 5.055689120478379 8.5
    endloop
  endfacet
  facet normal 0.8175848131515845 -0.5758081914178441 1.3761903866022112e-18
    outer loop
      vertex -7.5663734719531615 5.055689120478379 3.2
      vertex -7.309188536473869 5.420863670881143 3.2
      vertex -7.309188536473869 5.420863670881143 8.5
    endloop
  endfacet
  facet normal 0.7883464276266063 -0.6152315905806268 -5.593733838634609e-19
    outer loop
      vertex -7.309188536473869 5.420863670881143 3.2
      vertex -7.0343951256009065 5.772978885889174 3.2
      vertex -7.0343951256009065 5.772978885889174 8.5
    endloop
  endfacet
  facet normal 0.7572088465064849 -0.6531728429537763 -2.8114628757331136e-18
    outer loop
      vertex -7.0343951256009065 5.772978885889174 3.2
      vertex -6.7426552407301275 6.111186489107868 3.2
      vertex -6.7426552407301275 6.111186489107868 8.5
    endloop
  endfacet
  facet normal 0.724247082951468 -0.6895405447370658 2.9286485142571126e-18
    outer loop
      vertex -6.7426552407301275 6.111186489107868 3.2
      vertex -6.434671708797583 6.434671708797583 3.2
      vertex -6.434671708797583 6.434671708797583 8.5
    endloop
  endfacet
  facet normal 0.9996988186962042 -0.024541228522910692 0
    outer loop
      vertex -9.1 0 3.2
      vertex -9.08903865146707 0.4465158363795039 8.5
      vertex -9.1 0 8.5
    endloop
  endfacet
  facet normal 0.9972904566786902 -0.07356456359966662 0
    outer loop
      vertex -9.08903865146707 0.4465158363795039 3.2
      vertex -9.056181012716992 0.8919559769990014 8.5
      vertex -9.08903865146707 0.4465158363795039 8.5
    endloop
  endfacet
  facet normal 0.9924795345987099 -0.12241067519921653 0
    outer loop
      vertex -9.056181012716992 0.8919559769990014 3.2
      vertex -9.001506240679507 1.3352473175437918 8.5
      vertex -9.056181012716992 0.8919559769990014 8.5
    endloop
  endfacet
  facet normal 0.9852776423889411 -0.17096188876030177 0
    outer loop
      vertex -9.001506240679507 1.3352473175437918 3.2
      vertex -8.925146051669397 1.7753219303467669 8.5
      vertex -9.001506240679507 1.3352473175437918 8.5
    endloop
  endfacet
  facet normal 0.9757021300385278 -0.2191012401568727 0
    outer loop
      vertex -8.925146051669397 1.7753219303467669 3.2
      vertex -8.82728440407035 2.211119637119701 8.5
      vertex -8.925146051669397 1.7753219303467669 8.5
    endloop
  endfacet
  facet normal 0.9637760657954404 -0.2667127574748964 0
    outer loop
      vertex -8.82728440407035 2.211119637119701 3.2
      vertex -8.7081570551631 2.641590563015607 8.5
      vertex -8.82728440407035 2.211119637119701 8.5
    endloop
  endfacet
  facet normal 0.9495281805930367 -0.31368174039889135 0
    outer loop
      vertex -8.7081570551631 2.641590563015607 3.2
      vertex -8.568050993165489 3.0656976658692026 8.5
      vertex -8.7081570551631 2.641590563015607 8.5
    endloop
  endfacet
  facet normal 0.9329927988347381 -0.3598950365349904 0
    outer loop
      vertex -8.568050993165489 3.0656976658692026 3.2
      vertex -8.407303745852708 3.482419234522317 8.5
      vertex -8.568050993165489 3.0656976658692026 8.5
    endloop
  endfacet
  facet normal 0.9142097557035311 -0.4052413140049891 0
    outer loop
      vertex -8.407303745852708 3.482419234522317 3.2
      vertex -8.226302567423334 3.8907513502155666 8.5
      vertex -8.407303745852708 3.482419234522317 8.5
    endloop
  endfacet
  facet normal 0.8932243011955152 -0.4496113296546068 0
    outer loop
      vertex -8.226302567423334 3.8907513502155666 3.2
      vertex -8.02548350557003 4.289710305116579 8.5
      vertex -8.226302567423334 3.8907513502155666 8.5
    endloop
  endfacet
  facet normal 0.8700869911087115 -0.49289819222978404 0
    outer loop
      vertex -8.02548350557003 4.289710305116579 3.2
      vertex -7.805330351002475 4.678334972158318 8.5
      vertex -8.02548350557003 4.289710305116579 8.5
    endloop
  endfacet
  facet normal 0.8448535652497073 -0.5349976198870968 0
    outer loop
      vertex -7.805330351002475 4.678334972158318 3.2
      vertex -7.5663734719531615 5.055689120478379 8.5
      vertex -7.805330351002475 4.678334972158318 8.5
    endloop
  endfacet
  facet normal 0.8175848131515845 -0.5758081914178441 0
    outer loop
      vertex -7.5663734719531615 5.055689120478379 3.2
      vertex -7.309188536473869 5.420863670881143 8.5
      vertex -7.5663734719531615 5.055689120478379 8.5
    endloop
  endfacet
  facet normal 0.7883464276266063 -0.6152315905806268 0
    outer loop
      vertex -7.309188536473869 5.420863670881143 3.2
      vertex -7.0343951256009065 5.772978885889174 8.5
      vertex -7.309188536473869 5.420863670881143 8.5
    endloop
  endfacet
  facet normal 0.7572088465064849 -0.6531728429537763 0
    outer loop
      vertex -7.0343951256009065 5.772978885889174 3.2
      vertex -6.7426552407301275 6.111186489107868 8.5
      vertex -7.0343951256009065 5.772978885889174 8.5
    endloop
  endfacet
  facet normal 0.724247082951468 -0.6895405447370658 0
    outer loop
      vertex -6.7426552407301275 6.111186489107868 3.2
      vertex -6.434671708797583 6.434671708797583 8.5
      vertex -6.7426552407301275 6.111186489107868 8.5
    endloop
  endfacet
  facet normal 0.6895405447370658 -0.724247082951468 2.9286485142571126e-18
    outer loop
      vertex -6.434671708797583 6.434671708797583 3.2
      vertex -6.111186489107868 6.7426552407301275 3.2
      vertex -6.111186489107868 6.7426552407301275 8.5
    endloop
  endfacet
  facet normal 0.6531728429537763 -0.7572088465064849 -2.8114628757331136e-18
    outer loop
      vertex -6.111186489107868 6.7426552407301275 3.2
      vertex -5.772978885889174 7.0343951256009065 3.2
      vertex -5.772978885889174 7.0343951256009065 8.5
    endloop
  endfacet
  facet normal 0.6152315905806268 -0.7883464276266063 -5.593733838634609e-19
    outer loop
      vertex -5.772978885889174 7.0343951256009065 3.2
      vertex -5.420863670881143 7.309188536473869 3.2
      vertex -5.420863670881143 7.309188536473869 8.5
    endloop
  endfacet
  facet normal 0.5758081914178441 -0.8175848131515845 1.3761903866022112e-18
    outer loop
      vertex -5.420863670881143 7.309188536473869 3.2
      vertex -5.055689120478379 7.5663734719531615 3.2
      vertex -5.055689120478379 7.5663734719531615 8.5
    endloop
  endfacet
  facet normal 0.5349976198870968 -0.8448535652497073 -2.098019570855799e-18
    outer loop
      vertex -5.055689120478379 7.5663734719531615 3.2
      vertex -4.678334972158318 7.805330351002475 3.2
      vertex -4.678334972158318 7.805330351002475 8.5
    endloop
  endfacet
  facet normal 0.49289819222978404 -0.8700869911087115 -1.5862008264798149e-18
    outer loop
      vertex -4.678334972158318 7.805330351002475 3.2
      vertex -4.289710305116579 8.02548350557003 3.2
      vertex -4.289710305116579 8.02548350557003 8.5
    endloop
  endfacet
  facet normal 0.4496113296546068 -0.8932243011955152 -2.656269060922331e-19
    outer loop
      vertex -4.289710305116579 8.02548350557003 3.2
      vertex -3.8907513502155666 8.226302567423334 3.2
      vertex -3.8907513502155666 8.226302567423334 8.5
    endloop
  endfacet
  facet normal 0.4052413140049891 -0.9142097557035311 1.0531976635995524e-18
    outer loop
      vertex -3.8907513502155666 8.226302567423334 3.2
      vertex -3.482419234522317 8.407303745852708 3.2
      vertex -3.482419234522317 8.407303745852708 8.5
    endloop
  endfacet
  facet normal 0.3598950365349904 -0.9329927988347381 6.73713664863848e-19
    outer loop
      vertex -3.482419234522317 8.407303745852708 3.2
      vertex -3.0656976658692026 8.568050993165489 3.2
      vertex -3.0656976658692026 8.568050993165489 8.5
    endloop
  endfacet
  facet normal 0.31368174039889135 -0.9495281805930367 5.769565912391117e-19
    outer loop
      vertex -3.0656976658692026 8.568050993165489 3.2
      vertex -2.641590563015607 8.7081570551631 3.2
      vertex -2.641590563015607 8.7081570551631 8.5
    endloop
  endfacet
  facet normal 0.2667127574748964 -0.9637760657954404 1.2812867146837538e-18
    outer loop
      vertex -2.641590563015607 8.7081570551631 3.2
      vertex -2.211119637119701 8.82728440407035 3.2
      vertex -2.211119637119701 8.82728440407035 8.5
    endloop
  endfacet
  facet normal 0.2191012401568727 -0.9757021300385278 1.2791584767111634e-18
    outer loop
      vertex -2.211119637119701 8.82728440407035 3.2
      vertex -1.7753219303467669 8.925146051669397 3.2
      vertex -1.7753219303467669 8.925146051669397 8.5
    endloop
  endfacet
  facet normal 0.17096188876030177 -0.9852776423889411 1.2646072969261697e-18
    outer loop
      vertex -1.7753219303467669 8.925146051669397 3.2
      vertex -1.3352473175437918 9.001506240679507 3.2
      vertex -1.3352473175437918 9.001506240679507 8.5
    endloop
  endfacet
  facet normal 0.12241067519921653 -0.9924795345987099 -1.196918656190203e-19
    outer loop
      vertex -1.3352473175437918 9.001506240679507 3.2
      vertex -0.8919559769990014 9.056181012716992 3.2
      vertex -0.8919559769990014 9.056181012716992 8.5
    endloop
  endfacet
  facet normal 0.07356456359966662 -0.9972904566786902 3.6132864960122195e-19
    outer loop
      vertex -0.8919559769990014 9.056181012716992 3.2
      vertex -0.4465158363795039 9.08903865146707 3.2
      vertex -0.4465158363795039 9.08903865146707 8.5
    endloop
  endfacet
  facet normal 0.024541228522910692 -0.9996988186962042 -3.530394069228753e-20
    outer loop
      vertex -0.4465158363795039 9.08903865146707 3.2
      vertex 0 9.1 3.2
      vertex 0 9.1 8.5
    endloop
  endfacet
  facet normal 0.6895405447370658 -0.724247082951468 0
    outer loop
      vertex -6.434671708797583 6.434671708797583 3.2
      vertex -6.111186489107868 6.7426552407301275 8.5
      vertex -6.434671708797583 6.434671708797583 8.5
    endloop
  endfacet
  facet normal 0.6531728429537763 -0.7572088465064849 0
    outer loop
      vertex -6.111186489107868 6.7426552407301275 3.2
      vertex -5.772978885889174 7.0343951256009065 8.5
      vertex -6.111186489107868 6.7426552407301275 8.5
    endloop
  endfacet
  facet normal 0.6152315905806268 -0.7883464276266063 0
    outer loop
      vertex -5.772978885889174 7.0343951256009065 3.2
      vertex -5.420863670881143 7.309188536473869 8.5
      vertex -5.772978885889174 7.0343951256009065 8.5
    endloop
  endfacet
  facet normal 0.5758081914178441 -0.8175848131515845 0
    outer loop
      vertex -5.420863670881143 7.309188536473869 3.2
      vertex -5.055689120478379 7.5663734719531615 8.5
      vertex -5.420863670881143 7.309188536473869 8.5
    endloop
  endfacet
  facet normal 0.5349976198870968 -0.8448535652497073 0
    outer loop
      vertex -5.055689120478379 7.5663734719531615 3.2
      vertex -4.678334972158318 7.805330351002475 8.5
      vertex -5.055689120478379 7.5663734719531615 8.5
    endloop
  endfacet
  facet normal 0.49289819222978404 -0.8700869911087115 0
    outer loop
      vertex -4.678334972158318 7.805330351002475 3.2
      vertex -4.289710305116579 8.02548350557003 8.5
      vertex -4.678334972158318 7.805330351002475 8.5
    endloop
  endfacet
  facet normal 0.4496113296546068 -0.8932243011955152 0
    outer loop
      vertex -4.289710305116579 8.02548350557003 3.2
      vertex -3.8907513502155666 8.226302567423334 8.5
      vertex -4.289710305116579 8.02548350557003 8.5
    endloop
  endfacet
  facet normal 0.4052413140049891 -0.9142097557035311 0
    outer loop
      vertex -3.8907513502155666 8.226302567423334 3.2
      vertex -3.482419234522317 8.407303745852708 8.5
      vertex -3.8907513502155666 8.226302567423334 8.5
    endloop
  endfacet
  facet normal 0.3598950365349904 -0.9329927988347381 0
    outer loop
      vertex -3.482419234522317 8.407303745852708 3.2
      vertex -3.0656976658692026 8.568050993165489 8.5
      vertex -3.482419234522317 8.407303745852708 8.5
    endloop
  endfacet
  facet normal 0.31368174039889135 -0.9495281805930367 0
    outer loop
      vertex -3.0656976658692026 8.568050993165489 3.2
      vertex -2.641590563015607 8.7081570551631 8.5
      vertex -3.0656976658692026 8.568050993165489 8.5
    endloop
  endfacet
  facet normal 0.2667127574748964 -0.9637760657954404 0
    outer loop
      vertex -2.641590563015607 8.7081570551631 3.2
      vertex -2.211119637119701 8.82728440407035 8.5
      vertex -2.641590563015607 8.7081570551631 8.5
    endloop
  endfacet
  facet normal 0.2191012401568727 -0.9757021300385278 0
    outer loop
      vertex -2.211119637119701 8.82728440407035 3.2
      vertex -1.7753219303467669 8.925146051669397 8.5
      vertex -2.211119637119701 8.82728440407035 8.5
    endloop
  endfacet
  facet normal 0.17096188876030177 -0.9852776423889411 0
    outer loop
      vertex -1.7753219303467669 8.925146051669397 3.2
      vertex -1.3352473175437918 9.001506240679507 8.5
      vertex -1.7753219303467669 8.925146051669397 8.5
    endloop
  endfacet
  facet normal 0.12241067519921653 -0.9924795345987099 0
    outer loop
      vertex -1.3352473175437918 9.001506240679507 3.2
      vertex -0.8919559769990014 9.056181012716992 8.5
      vertex -1.3352473175437918 9.001506240679507 8.5
    endloop
  endfacet
  facet normal 0.07356456359966662 -0.9972904566786902 0
    outer loop
      vertex -0.8919559769990014 9.056181012716992 3.2
      vertex -0.4465158363795039 9.08903865146707 8.5
      vertex -0.8919559769990014 9.056181012716992 8.5
    endloop
  endfacet
  facet normal 0.024541228522910692 -0.9996988186962042 0
    outer loop
      vertex -0.4465158363795039 9.08903865146707 3.2
      vertex 0 9.1 8.5
      vertex -0.4465158363795039 9.08903865146707 8.5
    endloop
  endfacet
  facet normal -0.0245412285229107 0.9996988186962044 0
    outer loop
      vertex 0 -9.1 1.2
      vertex 0.4465158363795039 -9.08903865146707 0
      vertex 0 -9.1 0
    endloop
  endfacet
  facet normal -0.07356456359966664 0.9972904566786904 0
    outer loop
      vertex 0.4465158363795039 -9.08903865146707 1.2
      vertex 0.8919559769990014 -9.056181012716992 0
      vertex 0.4465158363795039 -9.08903865146707 0
    endloop
  endfacet
  facet normal -0.12241067519921653 0.99247953459871 0
    outer loop
      vertex 0.8919559769990014 -9.056181012716992 1.2
      vertex 1.3352473175437918 -9.001506240679507 0
      vertex 0.8919559769990014 -9.056181012716992 0
    endloop
  endfacet
  facet normal -0.17096188876030177 0.9852776423889411 0
    outer loop
      vertex 1.3352473175437918 -9.001506240679507 1.2
      vertex 1.7753219303467669 -8.925146051669397 0
      vertex 1.3352473175437918 -9.001506240679507 0
    endloop
  endfacet
  facet normal -0.0245412285229107 0.9996988186962044 -1.559257380576033e-19
    outer loop
      vertex 0 -9.1 1.2
      vertex 0.4465158363795039 -9.08903865146707 1.2
      vertex 0.4465158363795039 -9.08903865146707 0
    endloop
  endfacet
  facet normal -0.07356456359966664 0.9972904566786904 1.5958682024053973e-18
    outer loop
      vertex 0.4465158363795039 -9.08903865146707 1.2
      vertex 0.8919559769990014 -9.056181012716992 1.2
      vertex 0.8919559769990014 -9.056181012716992 0
    endloop
  endfacet
  facet normal -0.12241067519921653 0.99247953459871 -5.28639073150673e-19
    outer loop
      vertex 0.8919559769990014 -9.056181012716992 1.2
      vertex 1.3352473175437918 -9.001506240679507 1.2
      vertex 1.3352473175437918 -9.001506240679507 0
    endloop
  endfacet
  facet normal -0.2191012401568727 0.9757021300385277 0
    outer loop
      vertex 1.7753219303467669 -8.925146051669397 1.2
      vertex 2.211119637119701 -8.82728440407035 0
      vertex 1.7753219303467669 -8.925146051669397 0
    endloop
  endfacet
  facet normal -0.2667127574748965 0.9637760657954405 0
    outer loop
      vertex 2.211119637119701 -8.82728440407035 1.2
      vertex 2.641590563015607 -8.7081570551631 0
      vertex 2.211119637119701 -8.82728440407035 0
    endloop
  endfacet
  facet normal -0.31368174039889135 0.9495281805930366 0
    outer loop
      vertex 2.641590563015607 -8.7081570551631 1.2
      vertex 3.0656976658692026 -8.568050993165489 0
      vertex 2.641590563015607 -8.7081570551631 0
    endloop
  endfacet
  facet normal -0.17096188876030177 0.9852776423889411 5.58534889475725e-18
    outer loop
      vertex 1.3352473175437918 -9.001506240679507 1.2
      vertex 1.7753219303467669 -8.925146051669397 1.2
      vertex 1.7753219303467669 -8.925146051669397 0
    endloop
  endfacet
  facet normal -0.2191012401568727 0.9757021300385277 5.6496166054743045e-18
    outer loop
      vertex 1.7753219303467669 -8.925146051669397 1.2
      vertex 2.211119637119701 -8.82728440407035 1.2
      vertex 2.211119637119701 -8.82728440407035 0
    endloop
  endfacet
  facet normal -0.2667127574748965 0.9637760657954405 5.65901632318658e-18
    outer loop
      vertex 2.211119637119701 -8.82728440407035 1.2
      vertex 2.641590563015607 -8.7081570551631 1.2
      vertex 2.641590563015607 -8.7081570551631 0
    endloop
  endfacet
  facet normal -0.31368174039889135 0.9495281805930366 2.5482249446394105e-18
    outer loop
      vertex 2.641590563015607 -8.7081570551631 1.2
      vertex 3.0656976658692026 -8.568050993165489 1.2
      vertex 3.0656976658692026 -8.568050993165489 0
    endloop
  endfacet
  facet normal -0.3598950365349904 0.932992798834738 0
    outer loop
      vertex 3.0656976658692026 -8.568050993165489 1.2
      vertex 3.482419234522317 -8.407303745852708 0
      vertex 3.0656976658692026 -8.568050993165489 0
    endloop
  endfacet
  facet normal -0.40524131400498903 0.9142097557035309 0
    outer loop
      vertex 3.482419234522317 -8.407303745852708 1.2
      vertex 3.8907513502155666 -8.226302567423334 0
      vertex 3.482419234522317 -8.407303745852708 0
    endloop
  endfacet
  facet normal -0.4496113296546068 0.8932243011955151 0
    outer loop
      vertex 3.8907513502155666 -8.226302567423334 1.2
      vertex 4.289710305116579 -8.02548350557003 0
      vertex 3.8907513502155666 -8.226302567423334 0
    endloop
  endfacet
  facet normal -0.3598950365349904 0.932992798834738 2.975568686481995e-18
    outer loop
      vertex 3.0656976658692026 -8.568050993165489 1.2
      vertex 3.482419234522317 -8.407303745852708 1.2
      vertex 3.482419234522317 -8.407303745852708 0
    endloop
  endfacet
  facet normal -0.40524131400498903 0.9142097557035309 4.651623014231356e-18
    outer loop
      vertex 3.482419234522317 -8.407303745852708 1.2
      vertex 3.8907513502155666 -8.226302567423334 1.2
      vertex 3.8907513502155666 -8.226302567423334 0
    endloop
  endfacet
  facet normal -0.4496113296546068 0.8932243011955151 -1.1731855019073626e-18
    outer loop
      vertex 3.8907513502155666 -8.226302567423334 1.2
      vertex 4.289710305116579 -8.02548350557003 1.2
      vertex 4.289710305116579 -8.02548350557003 0
    endloop
  endfacet
  facet normal -0.49289819222978404 0.8700869911087113 0
    outer loop
      vertex 4.289710305116579 -8.02548350557003 1.2
      vertex 4.678334972158318 -7.805330351002475 0
      vertex 4.289710305116579 -8.02548350557003 0
    endloop
  endfacet
  facet normal -0.49289819222978404 0.8700869911087113 -7.005720316952515e-18
    outer loop
      vertex 4.289710305116579 -8.02548350557003 1.2
      vertex 4.678334972158318 -7.805330351002475 1.2
      vertex 4.678334972158318 -7.805330351002475 0
    endloop
  endfacet
  facet normal -0.5349976198870967 0.8448535652497072 0
    outer loop
      vertex 4.678334972158318 -7.805330351002475 1.2
      vertex 5.055689120478379 -7.5663734719531615 0
      vertex 4.678334972158318 -7.805330351002475 0
    endloop
  endfacet
  facet normal -0.5758081914178442 0.8175848131515845 0
    outer loop
      vertex 5.055689120478379 -7.5663734719531615 1.2
      vertex 5.420863670881143 -7.309188536473869 0
      vertex 5.055689120478379 -7.5663734719531615 0
    endloop
  endfacet
  facet normal -0.6152315905806268 0.7883464276266063 0
    outer loop
      vertex 5.420863670881143 -7.309188536473869 1.2
      vertex 5.772978885889174 -7.0343951256009065 0
      vertex 5.420863670881143 -7.309188536473869 0
    endloop
  endfacet
  facet normal -0.6531728429537763 0.7572088465064849 0
    outer loop
      vertex 5.772978885889174 -7.0343951256009065 1.2
      vertex 6.111186489107868 -6.7426552407301275 0
      vertex 5.772978885889174 -7.0343951256009065 0
    endloop
  endfacet
  facet normal -0.6895405447370657 0.724247082951468 0
    outer loop
      vertex 6.111186489107868 -6.7426552407301275 1.2
      vertex 6.434671708797583 -6.434671708797583 0
      vertex 6.111186489107868 -6.7426552407301275 0
    endloop
  endfacet
  facet normal -0.5349976198870967 0.8448535652497072 -9.266253104613112e-18
    outer loop
      vertex 4.678334972158318 -7.805330351002475 1.2
      vertex 5.055689120478379 -7.5663734719531615 1.2
      vertex 5.055689120478379 -7.5663734719531615 0
    endloop
  endfacet
  facet normal -0.5758081914178442 0.8175848131515845 6.0781742074931e-18
    outer loop
      vertex 5.055689120478379 -7.5663734719531615 1.2
      vertex 5.420863670881143 -7.309188536473869 1.2
      vertex 5.420863670881143 -7.309188536473869 0
    endloop
  endfacet
  facet normal -0.6152315905806268 0.7883464276266063 -2.470565778730286e-18
    outer loop
      vertex 5.420863670881143 -7.309188536473869 1.2
      vertex 5.772978885889174 -7.0343951256009065 1.2
      vertex 5.772978885889174 -7.0343951256009065 0
    endloop
  endfacet
  facet normal -0.6531728429537763 0.7572088465064849 -1.241729436782125e-17
    outer loop
      vertex 5.772978885889174 -7.0343951256009065 1.2
      vertex 6.111186489107868 -6.7426552407301275 1.2
      vertex 6.111186489107868 -6.7426552407301275 0
    endloop
  endfacet
  facet normal -0.6895405447370657 0.724247082951468 1.2934864271302246e-17
    outer loop
      vertex 6.111186489107868 -6.7426552407301275 1.2
      vertex 6.434671708797583 -6.434671708797583 1.2
      vertex 6.434671708797583 -6.434671708797583 0
    endloop
  endfacet
  facet normal -0.724247082951468 0.6895405447370657 0
    outer loop
      vertex 6.434671708797583 -6.434671708797583 1.2
      vertex 6.7426552407301275 -6.111186489107868 0
      vertex 6.434671708797583 -6.434671708797583 0
    endloop
  endfacet
  facet normal -0.7572088465064849 0.6531728429537763 0
    outer loop
      vertex 6.7426552407301275 -6.111186489107868 1.2
      vertex 7.0343951256009065 -5.772978885889174 0
      vertex 6.7426552407301275 -6.111186489107868 0
    endloop
  endfacet
  facet normal -0.7883464276266063 0.6152315905806268 0
    outer loop
      vertex 7.0343951256009065 -5.772978885889174 1.2
      vertex 7.309188536473869 -5.420863670881143 0
      vertex 7.0343951256009065 -5.772978885889174 0
    endloop
  endfacet
  facet normal -0.8175848131515845 0.5758081914178442 0
    outer loop
      vertex 7.309188536473869 -5.420863670881143 1.2
      vertex 7.5663734719531615 -5.055689120478379 0
      vertex 7.309188536473869 -5.420863670881143 0
    endloop
  endfacet
  facet normal -0.8448535652497072 0.5349976198870967 0
    outer loop
      vertex 7.5663734719531615 -5.055689120478379 1.2
      vertex 7.805330351002475 -4.678334972158318 0
      vertex 7.5663734719531615 -5.055689120478379 0
    endloop
  endfacet
  facet normal -0.724247082951468 0.6895405447370657 1.2934864271302246e-17
    outer loop
      vertex 6.434671708797583 -6.434671708797583 1.2
      vertex 6.7426552407301275 -6.111186489107868 1.2
      vertex 6.7426552407301275 -6.111186489107868 0
    endloop
  endfacet
  facet normal -0.7572088465064849 0.6531728429537763 -1.241729436782125e-17
    outer loop
      vertex 6.7426552407301275 -6.111186489107868 1.2
      vertex 7.0343951256009065 -5.772978885889174 1.2
      vertex 7.0343951256009065 -5.772978885889174 0
    endloop
  endfacet
  facet normal -0.7883464276266063 0.6152315905806268 -2.470565778730286e-18
    outer loop
      vertex 7.0343951256009065 -5.772978885889174 1.2
      vertex 7.309188536473869 -5.420863670881143 1.2
      vertex 7.309188536473869 -5.420863670881143 0
    endloop
  endfacet
  facet normal -0.8175848131515845 0.5758081914178442 6.0781742074931e-18
    outer loop
      vertex 7.309188536473869 -5.420863670881143 1.2
      vertex 7.5663734719531615 -5.055689120478379 1.2
      vertex 7.5663734719531615 -5.055689120478379 0
    endloop
  endfacet
  facet normal -0.8448535652497072 0.5349976198870967 -9.266253104613112e-18
    outer loop
      vertex 7.5663734719531615 -5.055689120478379 1.2
      vertex 7.805330351002475 -4.678334972158318 1.2
      vertex 7.805330351002475 -4.678334972158318 0
    endloop
  endfacet
  facet normal -0.8700869911087113 0.49289819222978404 0
    outer loop
      vertex 7.805330351002475 -4.678334972158318 1.2
      vertex 8.02548350557003 -4.289710305116579 0
      vertex 7.805330351002475 -4.678334972158318 0
    endloop
  endfacet
  facet normal -0.8700869911087113 0.49289819222978404 -7.005720316952515e-18
    outer loop
      vertex 7.805330351002475 -4.678334972158318 1.2
      vertex 8.02548350557003 -4.289710305116579 1.2
      vertex 8.02548350557003 -4.289710305116579 0
    endloop
  endfacet
  facet normal -0.8932243011955151 0.4496113296546068 0
    outer loop
      vertex 8.02548350557003 -4.289710305116579 1.2
      vertex 8.226302567423334 -3.8907513502155666 0
      vertex 8.02548350557003 -4.289710305116579 0
    endloop
  endfacet
  facet normal -0.9142097557035309 0.40524131400498903 0
    outer loop
      vertex 8.226302567423334 -3.8907513502155666 1.2
      vertex 8.407303745852708 -3.482419234522317 0
      vertex 8.226302567423334 -3.8907513502155666 0
    endloop
  endfacet
  facet normal -0.932992798834738 0.3598950365349904 0
    outer loop
      vertex 8.407303745852708 -3.482419234522317 1.2
      vertex 8.568050993165489 -3.0656976658692026 0
      vertex 8.407303745852708 -3.482419234522317 0
    endloop
  endfacet
  facet normal -0.8932243011955151 0.4496113296546068 -1.1731855019073626e-18
    outer loop
      vertex 8.02548350557003 -4.289710305116579 1.2
      vertex 8.226302567423334 -3.8907513502155666 1.2
      vertex 8.226302567423334 -3.8907513502155666 0
    endloop
  endfacet
  facet normal -0.9142097557035309 0.40524131400498903 4.651623014231356e-18
    outer loop
      vertex 8.226302567423334 -3.8907513502155666 1.2
      vertex 8.407303745852708 -3.482419234522317 1.2
      vertex 8.407303745852708 -3.482419234522317 0
    endloop
  endfacet
  facet normal -0.932992798834738 0.3598950365349904 2.975568686481995e-18
    outer loop
      vertex 8.407303745852708 -3.482419234522317 1.2
      vertex 8.568050993165489 -3.0656976658692026 1.2
      vertex 8.568050993165489 -3.0656976658692026 0
    endloop
  endfacet
  facet normal -0.9495281805930366 0.31368174039889135 0
    outer loop
      vertex 8.568050993165489 -3.0656976658692026 1.2
      vertex 8.7081570551631 -2.641590563015607 0
      vertex 8.568050993165489 -3.0656976658692026 0
    endloop
  endfacet
  facet normal -0.9637760657954405 0.2667127574748965 0
    outer loop
      vertex 8.7081570551631 -2.641590563015607 1.2
      vertex 8.82728440407035 -2.211119637119701 0
      vertex 8.7081570551631 -2.641590563015607 0
    endloop
  endfacet
  facet normal -0.9757021300385277 0.2191012401568727 0
    outer loop
      vertex 8.82728440407035 -2.211119637119701 1.2
      vertex 8.925146051669397 -1.7753219303467669 0
      vertex 8.82728440407035 -2.211119637119701 0
    endloop
  endfacet
  facet normal -0.9852776423889411 0.17096188876030177 0
    outer loop
      vertex 8.925146051669397 -1.7753219303467669 1.2
      vertex 9.001506240679507 -1.3352473175437918 0
      vertex 8.925146051669397 -1.7753219303467669 0
    endloop
  endfacet
  facet normal -0.9495281805930366 0.31368174039889135 2.5482249446394105e-18
    outer loop
      vertex 8.568050993165489 -3.0656976658692026 1.2
      vertex 8.7081570551631 -2.641590563015607 1.2
      vertex 8.7081570551631 -2.641590563015607 0
    endloop
  endfacet
  facet normal -0.9637760657954405 0.2667127574748965 5.65901632318658e-18
    outer loop
      vertex 8.7081570551631 -2.641590563015607 1.2
      vertex 8.82728440407035 -2.211119637119701 1.2
      vertex 8.82728440407035 -2.211119637119701 0
    endloop
  endfacet
  facet normal -0.9757021300385277 0.2191012401568727 5.6496166054743045e-18
    outer loop
      vertex 8.82728440407035 -2.211119637119701 1.2
      vertex 8.925146051669397 -1.7753219303467669 1.2
      vertex 8.925146051669397 -1.7753219303467669 0
    endloop
  endfacet
  facet normal -0.99247953459871 0.12241067519921653 0
    outer loop
      vertex 9.001506240679507 -1.3352473175437918 1.2
      vertex 9.056181012716992 -0.8919559769990014 0
      vertex 9.001506240679507 -1.3352473175437918 0
    endloop
  endfacet
  facet normal -0.9972904566786904 0.07356456359966664 0
    outer loop
      vertex 9.056181012716992 -0.8919559769990014 1.2
      vertex 9.08903865146707 -0.4465158363795039 0
      vertex 9.056181012716992 -0.8919559769990014 0
    endloop
  endfacet
  facet normal -0.9996988186962044 0.0245412285229107 0
    outer loop
      vertex 9.08903865146707 -0.4465158363795039 1.2
      vertex 9.1 0 0
      vertex 9.08903865146707 -0.4465158363795039 0
    endloop
  endfacet
  facet normal -0.9852776423889411 0.17096188876030177 5.58534889475725e-18
    outer loop
      vertex 8.925146051669397 -1.7753219303467669 1.2
      vertex 9.001506240679507 -1.3352473175437918 1.2
      vertex 9.001506240679507 -1.3352473175437918 0
    endloop
  endfacet
  facet normal -0.99247953459871 0.12241067519921653 -5.28639073150673e-19
    outer loop
      vertex 9.001506240679507 -1.3352473175437918 1.2
      vertex 9.056181012716992 -0.8919559769990014 1.2
      vertex 9.056181012716992 -0.8919559769990014 0
    endloop
  endfacet
  facet normal -0.9972904566786904 0.07356456359966664 1.5958682024053973e-18
    outer loop
      vertex 9.056181012716992 -0.8919559769990014 1.2
      vertex 9.08903865146707 -0.4465158363795039 1.2
      vertex 9.08903865146707 -0.4465158363795039 0
    endloop
  endfacet
  facet normal -0.9996988186962044 0.0245412285229107 -1.559257380576033e-19
    outer loop
      vertex 9.08903865146707 -0.4465158363795039 1.2
      vertex 9.1 0 1.2
      vertex 9.1 0 0
    endloop
  endfacet
  facet normal -0.024541228522910692 0.9996988186962042 0
    outer loop
      vertex 0 -9.1 3.2
      vertex 0 -9.1 8.5
      vertex 0.4465158363795039 -9.08903865146707 3.2
    endloop
  endfacet
  facet normal -0.07356456359966662 0.9972904566786902 0
    outer loop
      vertex 0.4465158363795039 -9.08903865146707 3.2
      vertex 0.4465158363795039 -9.08903865146707 8.5
      vertex 0.8919559769990014 -9.056181012716992 3.2
    endloop
  endfacet
  facet normal -0.12241067519921653 0.9924795345987099 0
    outer loop
      vertex 0.8919559769990014 -9.056181012716992 3.2
      vertex 0.8919559769990014 -9.056181012716992 8.5
      vertex 1.3352473175437918 -9.001506240679507 3.2
    endloop
  endfacet
  facet normal -0.17096188876030177 0.9852776423889411 0
    outer loop
      vertex 1.3352473175437918 -9.001506240679507 3.2
      vertex 1.3352473175437918 -9.001506240679507 8.5
      vertex 1.7753219303467669 -8.925146051669397 3.2
    endloop
  endfacet
  facet normal -0.2191012401568727 0.9757021300385278 0
    outer loop
      vertex 1.7753219303467669 -8.925146051669397 3.2
      vertex 1.7753219303467669 -8.925146051669397 8.5
      vertex 2.211119637119701 -8.82728440407035 3.2
    endloop
  endfacet
  facet normal -0.2667127574748964 0.9637760657954404 0
    outer loop
      vertex 2.211119637119701 -8.82728440407035 3.2
      vertex 2.211119637119701 -8.82728440407035 8.5
      vertex 2.641590563015607 -8.7081570551631 3.2
    endloop
  endfacet
  facet normal -0.31368174039889135 0.9495281805930367 0
    outer loop
      vertex 2.641590563015607 -8.7081570551631 3.2
      vertex 2.641590563015607 -8.7081570551631 8.5
      vertex 3.0656976658692026 -8.568050993165489 3.2
    endloop
  endfacet
  facet normal -0.3598950365349904 0.9329927988347381 0
    outer loop
      vertex 3.0656976658692026 -8.568050993165489 3.2
      vertex 3.0656976658692026 -8.568050993165489 8.5
      vertex 3.482419234522317 -8.407303745852708 3.2
    endloop
  endfacet
  facet normal -0.4052413140049891 0.9142097557035311 0
    outer loop
      vertex 3.482419234522317 -8.407303745852708 3.2
      vertex 3.482419234522317 -8.407303745852708 8.5
      vertex 3.8907513502155666 -8.226302567423334 3.2
    endloop
  endfacet
  facet normal -0.4496113296546068 0.8932243011955152 0
    outer loop
      vertex 3.8907513502155666 -8.226302567423334 3.2
      vertex 3.8907513502155666 -8.226302567423334 8.5
      vertex 4.289710305116579 -8.02548350557003 3.2
    endloop
  endfacet
  facet normal -0.49289819222978404 0.8700869911087115 0
    outer loop
      vertex 4.289710305116579 -8.02548350557003 3.2
      vertex 4.289710305116579 -8.02548350557003 8.5
      vertex 4.678334972158318 -7.805330351002475 3.2
    endloop
  endfacet
  facet normal -0.5349976198870968 0.8448535652497073 0
    outer loop
      vertex 4.678334972158318 -7.805330351002475 3.2
      vertex 4.678334972158318 -7.805330351002475 8.5
      vertex 5.055689120478379 -7.5663734719531615 3.2
    endloop
  endfacet
  facet normal -0.5758081914178441 0.8175848131515845 0
    outer loop
      vertex 5.055689120478379 -7.5663734719531615 3.2
      vertex 5.055689120478379 -7.5663734719531615 8.5
      vertex 5.420863670881143 -7.309188536473869 3.2
    endloop
  endfacet
  facet normal -0.6152315905806268 0.7883464276266063 0
    outer loop
      vertex 5.420863670881143 -7.309188536473869 3.2
      vertex 5.420863670881143 -7.309188536473869 8.5
      vertex 5.772978885889174 -7.0343951256009065 3.2
    endloop
  endfacet
  facet normal -0.6531728429537763 0.7572088465064849 0
    outer loop
      vertex 5.772978885889174 -7.0343951256009065 3.2
      vertex 5.772978885889174 -7.0343951256009065 8.5
      vertex 6.111186489107868 -6.7426552407301275 3.2
    endloop
  endfacet
  facet normal -0.6895405447370658 0.724247082951468 0
    outer loop
      vertex 6.111186489107868 -6.7426552407301275 3.2
      vertex 6.111186489107868 -6.7426552407301275 8.5
      vertex 6.434671708797583 -6.434671708797583 3.2
    endloop
  endfacet
  facet normal -0.024541228522910692 0.9996988186962042 0
    outer loop
      vertex 0.4465158363795039 -9.08903865146707 3.2
      vertex 0 -9.1 8.5
      vertex 0.4465158363795039 -9.08903865146707 8.5
    endloop
  endfacet
  facet normal -0.07356456359966662 0.9972904566786902 0
    outer loop
      vertex 0.8919559769990014 -9.056181012716992 3.2
      vertex 0.4465158363795039 -9.08903865146707 8.5
      vertex 0.8919559769990014 -9.056181012716992 8.5
    endloop
  endfacet
  facet normal -0.12241067519921653 0.9924795345987099 0
    outer loop
      vertex 1.3352473175437918 -9.001506240679507 3.2
      vertex 0.8919559769990014 -9.056181012716992 8.5
      vertex 1.3352473175437918 -9.001506240679507 8.5
    endloop
  endfacet
  facet normal -0.17096188876030177 0.9852776423889411 0
    outer loop
      vertex 1.7753219303467669 -8.925146051669397 3.2
      vertex 1.3352473175437918 -9.001506240679507 8.5
      vertex 1.7753219303467669 -8.925146051669397 8.5
    endloop
  endfacet
  facet normal -0.2191012401568727 0.9757021300385278 0
    outer loop
      vertex 2.211119637119701 -8.82728440407035 3.2
      vertex 1.7753219303467669 -8.925146051669397 8.5
      vertex 2.211119637119701 -8.82728440407035 8.5
    endloop
  endfacet
  facet normal -0.2667127574748964 0.9637760657954404 0
    outer loop
      vertex 2.641590563015607 -8.7081570551631 3.2
      vertex 2.211119637119701 -8.82728440407035 8.5
      vertex 2.641590563015607 -8.7081570551631 8.5
    endloop
  endfacet
  facet normal -0.31368174039889135 0.9495281805930367 0
    outer loop
      vertex 3.0656976658692026 -8.568050993165489 3.2
      vertex 2.641590563015607 -8.7081570551631 8.5
      vertex 3.0656976658692026 -8.568050993165489 8.5
    endloop
  endfacet
  facet normal -0.3598950365349904 0.9329927988347381 0
    outer loop
      vertex 3.482419234522317 -8.407303745852708 3.2
      vertex 3.0656976658692026 -8.568050993165489 8.5
      vertex 3.482419234522317 -8.407303745852708 8.5
    endloop
  endfacet
  facet normal -0.4052413140049891 0.9142097557035311 0
    outer loop
      vertex 3.8907513502155666 -8.226302567423334 3.2
      vertex 3.482419234522317 -8.407303745852708 8.5
      vertex 3.8907513502155666 -8.226302567423334 8.5
    endloop
  endfacet
  facet normal -0.4496113296546068 0.8932243011955152 0
    outer loop
      vertex 4.289710305116579 -8.02548350557003 3.2
      vertex 3.8907513502155666 -8.226302567423334 8.5
      vertex 4.289710305116579 -8.02548350557003 8.5
    endloop
  endfacet
  facet normal -0.49289819222978404 0.8700869911087115 0
    outer loop
      vertex 4.678334972158318 -7.805330351002475 3.2
      vertex 4.289710305116579 -8.02548350557003 8.5
      vertex 4.678334972158318 -7.805330351002475 8.5
    endloop
  endfacet
  facet normal -0.5349976198870968 0.8448535652497073 0
    outer loop
      vertex 5.055689120478379 -7.5663734719531615 3.2
      vertex 4.678334972158318 -7.805330351002475 8.5
      vertex 5.055689120478379 -7.5663734719531615 8.5
    endloop
  endfacet
  facet normal -0.5758081914178441 0.8175848131515845 0
    outer loop
      vertex 5.420863670881143 -7.309188536473869 3.2
      vertex 5.055689120478379 -7.5663734719531615 8.5
      vertex 5.420863670881143 -7.309188536473869 8.5
    endloop
  endfacet
  facet normal -0.6152315905806268 0.7883464276266063 0
    outer loop
      vertex 5.772978885889174 -7.0343951256009065 3.2
      vertex 5.420863670881143 -7.309188536473869 8.5
      vertex 5.772978885889174 -7.0343951256009065 8.5
    endloop
  endfacet
  facet normal -0.6531728429537763 0.7572088465064849 0
    outer loop
      vertex 6.111186489107868 -6.7426552407301275 3.2
      vertex 5.772978885889174 -7.0343951256009065 8.5
      vertex 6.111186489107868 -6.7426552407301275 8.5
    endloop
  endfacet
  facet normal -0.6895405447370658 0.724247082951468 0
    outer loop
      vertex 6.434671708797583 -6.434671708797583 3.2
      vertex 6.111186489107868 -6.7426552407301275 8.5
      vertex 6.434671708797583 -6.434671708797583 8.5
    endloop
  endfacet
  facet normal -0.724247082951468 0.6895405447370658 0
    outer loop
      vertex 6.434671708797583 -6.434671708797583 3.2
      vertex 6.434671708797583 -6.434671708797583 8.5
      vertex 6.7426552407301275 -6.111186489107868 3.2
    endloop
  endfacet
  facet normal -0.7572088465064849 0.6531728429537763 0
    outer loop
      vertex 6.7426552407301275 -6.111186489107868 3.2
      vertex 6.7426552407301275 -6.111186489107868 8.5
      vertex 7.0343951256009065 -5.772978885889174 3.2
    endloop
  endfacet
  facet normal -0.7883464276266063 0.6152315905806268 0
    outer loop
      vertex 7.0343951256009065 -5.772978885889174 3.2
      vertex 7.0343951256009065 -5.772978885889174 8.5
      vertex 7.309188536473869 -5.420863670881143 3.2
    endloop
  endfacet
  facet normal -0.8175848131515845 0.5758081914178441 0
    outer loop
      vertex 7.309188536473869 -5.420863670881143 3.2
      vertex 7.309188536473869 -5.420863670881143 8.5
      vertex 7.5663734719531615 -5.055689120478379 3.2
    endloop
  endfacet
  facet normal -0.8448535652497073 0.5349976198870968 0
    outer loop
      vertex 7.5663734719531615 -5.055689120478379 3.2
      vertex 7.5663734719531615 -5.055689120478379 8.5
      vertex 7.805330351002475 -4.678334972158318 3.2
    endloop
  endfacet
  facet normal -0.8700869911087115 0.49289819222978404 0
    outer loop
      vertex 7.805330351002475 -4.678334972158318 3.2
      vertex 7.805330351002475 -4.678334972158318 8.5
      vertex 8.02548350557003 -4.289710305116579 3.2
    endloop
  endfacet
  facet normal -0.8932243011955152 0.4496113296546068 0
    outer loop
      vertex 8.02548350557003 -4.289710305116579 3.2
      vertex 8.02548350557003 -4.289710305116579 8.5
      vertex 8.226302567423334 -3.8907513502155666 3.2
    endloop
  endfacet
  facet normal -0.9142097557035311 0.4052413140049891 0
    outer loop
      vertex 8.226302567423334 -3.8907513502155666 3.2
      vertex 8.226302567423334 -3.8907513502155666 8.5
      vertex 8.407303745852708 -3.482419234522317 3.2
    endloop
  endfacet
  facet normal -0.9329927988347381 0.3598950365349904 0
    outer loop
      vertex 8.407303745852708 -3.482419234522317 3.2
      vertex 8.407303745852708 -3.482419234522317 8.5
      vertex 8.568050993165489 -3.0656976658692026 3.2
    endloop
  endfacet
  facet normal -0.9495281805930367 0.31368174039889135 0
    outer loop
      vertex 8.568050993165489 -3.0656976658692026 3.2
      vertex 8.568050993165489 -3.0656976658692026 8.5
      vertex 8.7081570551631 -2.641590563015607 3.2
    endloop
  endfacet
  facet normal -0.9637760657954404 0.2667127574748964 0
    outer loop
      vertex 8.7081570551631 -2.641590563015607 3.2
      vertex 8.7081570551631 -2.641590563015607 8.5
      vertex 8.82728440407035 -2.211119637119701 3.2
    endloop
  endfacet
  facet normal -0.9757021300385278 0.2191012401568727 0
    outer loop
      vertex 8.82728440407035 -2.211119637119701 3.2
      vertex 8.82728440407035 -2.211119637119701 8.5
      vertex 8.925146051669397 -1.7753219303467669 3.2
    endloop
  endfacet
  facet normal -0.9852776423889411 0.17096188876030177 0
    outer loop
      vertex 8.925146051669397 -1.7753219303467669 3.2
      vertex 8.925146051669397 -1.7753219303467669 8.5
      vertex 9.001506240679507 -1.3352473175437918 3.2
    endloop
  endfacet
  facet normal -0.9924795345987099 0.12241067519921653 0
    outer loop
      vertex 9.001506240679507 -1.3352473175437918 3.2
      vertex 9.001506240679507 -1.3352473175437918 8.5
      vertex 9.056181012716992 -0.8919559769990014 3.2
    endloop
  endfacet
  facet normal -0.9972904566786902 0.07356456359966662 0
    outer loop
      vertex 9.056181012716992 -0.8919559769990014 3.2
      vertex 9.056181012716992 -0.8919559769990014 8.5
      vertex 9.08903865146707 -0.4465158363795039 3.2
    endloop
  endfacet
  facet normal -0.9996988186962042 0.024541228522910692 0
    outer loop
      vertex 9.08903865146707 -0.4465158363795039 3.2
      vertex 9.08903865146707 -0.4465158363795039 8.5
      vertex 9.1 0 3.2
    endloop
  endfacet
  facet normal -0.724247082951468 0.6895405447370658 0
    outer loop
      vertex 6.7426552407301275 -6.111186489107868 3.2
      vertex 6.434671708797583 -6.434671708797583 8.5
      vertex 6.7426552407301275 -6.111186489107868 8.5
    endloop
  endfacet
  facet normal -0.7572088465064849 0.6531728429537763 0
    outer loop
      vertex 7.0343951256009065 -5.772978885889174 3.2
      vertex 6.7426552407301275 -6.111186489107868 8.5
      vertex 7.0343951256009065 -5.772978885889174 8.5
    endloop
  endfacet
  facet normal -0.7883464276266063 0.6152315905806268 0
    outer loop
      vertex 7.309188536473869 -5.420863670881143 3.2
      vertex 7.0343951256009065 -5.772978885889174 8.5
      vertex 7.309188536473869 -5.420863670881143 8.5
    endloop
  endfacet
  facet normal -0.8175848131515845 0.5758081914178441 0
    outer loop
      vertex 7.5663734719531615 -5.055689120478379 3.2
      vertex 7.309188536473869 -5.420863670881143 8.5
      vertex 7.5663734719531615 -5.055689120478379 8.5
    endloop
  endfacet
  facet normal -0.8448535652497073 0.5349976198870968 0
    outer loop
      vertex 7.805330351002475 -4.678334972158318 3.2
      vertex 7.5663734719531615 -5.055689120478379 8.5
      vertex 7.805330351002475 -4.678334972158318 8.5
    endloop
  endfacet
  facet normal -0.8700869911087115 0.49289819222978404 0
    outer loop
      vertex 8.02548350557003 -4.289710305116579 3.2
      vertex 7.805330351002475 -4.678334972158318 8.5
      vertex 8.02548350557003 -4.289710305116579 8.5
    endloop
  endfacet
  facet normal -0.8932243011955152 0.4496113296546068 0
    outer loop
      vertex 8.226302567423334 -3.8907513502155666 3.2
      vertex 8.02548350557003 -4.289710305116579 8.5
      vertex 8.226302567423334 -3.8907513502155666 8.5
    endloop
  endfacet
  facet normal -0.9142097557035311 0.4052413140049891 0
    outer loop
      vertex 8.407303745852708 -3.482419234522317 3.2
      vertex 8.226302567423334 -3.8907513502155666 8.5
      vertex 8.407303745852708 -3.482419234522317 8.5
    endloop
  endfacet
  facet normal -0.9329927988347381 0.3598950365349904 0
    outer loop
      vertex 8.568050993165489 -3.0656976658692026 3.2
      vertex 8.407303745852708 -3.482419234522317 8.5
      vertex 8.568050993165489 -3.0656976658692026 8.5
    endloop
  endfacet
  facet normal -0.9495281805930367 0.31368174039889135 0
    outer loop
      vertex 8.7081570551631 -2.641590563015607 3.2
      vertex 8.568050993165489 -3.0656976658692026 8.5
      vertex 8.7081570551631 -2.641590563015607 8.5
    endloop
  endfacet
  facet normal -0.9637760657954404 0.2667127574748964 0
    outer loop
      vertex 8.82728440407035 -2.211119637119701 3.2
      vertex 8.7081570551631 -2.641590563015607 8.5
      vertex 8.82728440407035 -2.211119637119701 8.5
    endloop
  endfacet
  facet normal -0.9757021300385278 0.2191012401568727 0
    outer loop
      vertex 8.925146051669397 -1.7753219303467669 3.2
      vertex 8.82728440407035 -2.211119637119701 8.5
      vertex 8.925146051669397 -1.7753219303467669 8.5
    endloop
  endfacet
  facet normal -0.9852776423889411 0.17096188876030177 0
    outer loop
      vertex 9.001506240679507 -1.3352473175437918 3.2
      vertex 8.925146051669397 -1.7753219303467669 8.5
      vertex 9.001506240679507 -1.3352473175437918 8.5
    endloop
  endfacet
  facet normal -0.9924795345987099 0.12241067519921653 0
    outer loop
      vertex 9.056181012716992 -0.8919559769990014 3.2
      vertex 9.001506240679507 -1.3352473175437918 8.5
      vertex 9.056181012716992 -0.8919559769990014 8.5
    endloop
  endfacet
  facet normal -0.9972904566786902 0.07356456359966662 0
    outer loop
      vertex 9.08903865146707 -0.4465158363795039 3.2
      vertex 9.056181012716992 -0.8919559769990014 8.5
      vertex 9.08903865146707 -0.4465158363795039 8.5
    endloop
  endfacet
  facet normal -0.9996988186962042 0.024541228522910692 0
    outer loop
      vertex 9.1 0 3.2
      vertex 9.08903865146707 -0.4465158363795039 8.5
      vertex 9.1 0 8.5
    endloop
  endfacet
  facet normal -0.0245412285229107 -0.9996988186962044 0
    outer loop
      vertex 0.4465158363795039 9.08903865146707 1.2
      vertex 0 9.1 0
      vertex 0.4465158363795039 9.08903865146707 0
    endloop
  endfacet
  facet normal -0.07356456359966664 -0.9972904566786904 0
    outer loop
      vertex 0.8919559769990014 9.056181012716992 1.2
      vertex 0.4465158363795039 9.08903865146707 0
      vertex 0.8919559769990014 9.056181012716992 0
    endloop
  endfacet
  facet normal -0.12241067519921653 -0.99247953459871 0
    outer loop
      vertex 1.3352473175437918 9.001506240679507 1.2
      vertex 0.8919559769990014 9.056181012716992 0
      vertex 1.3352473175437918 9.001506240679507 0
    endloop
  endfacet
  facet normal -0.0245412285229107 -0.9996988186962044 0
    outer loop
      vertex 0 9.1 1.2
      vertex 0 9.1 0
      vertex 0.4465158363795039 9.08903865146707 1.2
    endloop
  endfacet
  facet normal -0.07356456359966664 -0.9972904566786904 0
    outer loop
      vertex 0.4465158363795039 9.08903865146707 1.2
      vertex 0.4465158363795039 9.08903865146707 0
      vertex 0.8919559769990014 9.056181012716992 1.2
    endloop
  endfacet
  facet normal -0.12241067519921653 -0.99247953459871 0
    outer loop
      vertex 0.8919559769990014 9.056181012716992 1.2
      vertex 0.8919559769990014 9.056181012716992 0
      vertex 1.3352473175437918 9.001506240679507 1.2
    endloop
  endfacet
  facet normal -0.17096188876030177 -0.9852776423889411 0
    outer loop
      vertex 1.3352473175437918 9.001506240679507 1.2
      vertex 1.3352473175437918 9.001506240679507 0
      vertex 1.7753219303467669 8.925146051669397 1.2
    endloop
  endfacet
  facet normal -0.17096188876030177 -0.9852776423889411 0
    outer loop
      vertex 1.7753219303467669 8.925146051669397 1.2
      vertex 1.3352473175437918 9.001506240679507 0
      vertex 1.7753219303467669 8.925146051669397 0
    endloop
  endfacet
  facet normal -0.2191012401568727 -0.9757021300385277 0
    outer loop
      vertex 2.211119637119701 8.82728440407035 1.2
      vertex 1.7753219303467669 8.925146051669397 0
      vertex 2.211119637119701 8.82728440407035 0
    endloop
  endfacet
  facet normal -0.2667127574748965 -0.9637760657954405 0
    outer loop
      vertex 2.641590563015607 8.7081570551631 1.2
      vertex 2.211119637119701 8.82728440407035 0
      vertex 2.641590563015607 8.7081570551631 0
    endloop
  endfacet
  facet normal -0.31368174039889135 -0.9495281805930366 0
    outer loop
      vertex 3.0656976658692026 8.568050993165489 1.2
      vertex 2.641590563015607 8.7081570551631 0
      vertex 3.0656976658692026 8.568050993165489 0
    endloop
  endfacet
  facet normal -0.2667127574748965 -0.9637760657954405 0
    outer loop
      vertex 2.211119637119701 8.82728440407035 1.2
      vertex 2.211119637119701 8.82728440407035 0
      vertex 2.641590563015607 8.7081570551631 1.2
    endloop
  endfacet
  facet normal -0.2191012401568727 -0.9757021300385277 0
    outer loop
      vertex 1.7753219303467669 8.925146051669397 1.2
      vertex 1.7753219303467669 8.925146051669397 0
      vertex 2.211119637119701 8.82728440407035 1.2
    endloop
  endfacet
  facet normal -0.31368174039889135 -0.9495281805930366 0
    outer loop
      vertex 2.641590563015607 8.7081570551631 1.2
      vertex 2.641590563015607 8.7081570551631 0
      vertex 3.0656976658692026 8.568050993165489 1.2
    endloop
  endfacet
  facet normal -0.49289819222978404 -0.8700869911087113 0
    outer loop
      vertex 4.678334972158318 7.805330351002475 1.2
      vertex 4.289710305116579 8.02548350557003 0
      vertex 4.678334972158318 7.805330351002475 0
    endloop
  endfacet
  facet normal -0.49289819222978404 -0.8700869911087113 0
    outer loop
      vertex 4.289710305116579 8.02548350557003 1.2
      vertex 4.289710305116579 8.02548350557003 0
      vertex 4.678334972158318 7.805330351002475 1.2
    endloop
  endfacet
  facet normal -0.3598950365349904 -0.932992798834738 0
    outer loop
      vertex 3.482419234522317 8.407303745852708 1.2
      vertex 3.0656976658692026 8.568050993165489 0
      vertex 3.482419234522317 8.407303745852708 0
    endloop
  endfacet
  facet normal -0.40524131400498903 -0.9142097557035309 0
    outer loop
      vertex 3.8907513502155666 8.226302567423334 1.2
      vertex 3.482419234522317 8.407303745852708 0
      vertex 3.8907513502155666 8.226302567423334 0
    endloop
  endfacet
  facet normal -0.4496113296546068 -0.8932243011955151 0
    outer loop
      vertex 4.289710305116579 8.02548350557003 1.2
      vertex 3.8907513502155666 8.226302567423334 0
      vertex 4.289710305116579 8.02548350557003 0
    endloop
  endfacet
  facet normal -0.3598950365349904 -0.932992798834738 0
    outer loop
      vertex 3.0656976658692026 8.568050993165489 1.2
      vertex 3.0656976658692026 8.568050993165489 0
      vertex 3.482419234522317 8.407303745852708 1.2
    endloop
  endfacet
  facet normal -0.40524131400498903 -0.9142097557035309 -4.651623014231356e-18
    outer loop
      vertex 3.8907513502155666 8.226302567423334 1.2
      vertex 3.482419234522317 8.407303745852708 1.2
      vertex 3.482419234522317 8.407303745852708 0
    endloop
  endfacet
  facet normal -0.4496113296546068 -0.8932243011955151 0
    outer loop
      vertex 3.8907513502155666 8.226302567423334 1.2
      vertex 3.8907513502155666 8.226302567423334 0
      vertex 4.289710305116579 8.02548350557003 1.2
    endloop
  endfacet
  facet normal -0.5349976198870967 -0.8448535652497072 0
    outer loop
      vertex 5.055689120478379 7.5663734719531615 1.2
      vertex 4.678334972158318 7.805330351002475 0
      vertex 5.055689120478379 7.5663734719531615 0
    endloop
  endfacet
  facet normal -0.5758081914178442 -0.8175848131515845 0
    outer loop
      vertex 5.420863670881143 7.309188536473869 1.2
      vertex 5.055689120478379 7.5663734719531615 0
      vertex 5.420863670881143 7.309188536473869 0
    endloop
  endfacet
  facet normal -0.6152315905806268 -0.7883464276266063 0
    outer loop
      vertex 5.772978885889174 7.0343951256009065 1.2
      vertex 5.420863670881143 7.309188536473869 0
      vertex 5.772978885889174 7.0343951256009065 0
    endloop
  endfacet
  facet normal -0.6531728429537763 -0.7572088465064849 0
    outer loop
      vertex 6.111186489107868 6.7426552407301275 1.2
      vertex 5.772978885889174 7.0343951256009065 0
      vertex 6.111186489107868 6.7426552407301275 0
    endloop
  endfacet
  facet normal -0.6895405447370657 -0.724247082951468 0
    outer loop
      vertex 6.434671708797583 6.434671708797583 1.2
      vertex 6.111186489107868 6.7426552407301275 0
      vertex 6.434671708797583 6.434671708797583 0
    endloop
  endfacet
  facet normal -0.5758081914178442 -0.8175848131515845 -6.0781742074931e-18
    outer loop
      vertex 5.420863670881143 7.309188536473869 1.2
      vertex 5.055689120478379 7.5663734719531615 1.2
      vertex 5.055689120478379 7.5663734719531615 0
    endloop
  endfacet
  facet normal -0.5349976198870967 -0.8448535652497072 0
    outer loop
      vertex 4.678334972158318 7.805330351002475 1.2
      vertex 4.678334972158318 7.805330351002475 0
      vertex 5.055689120478379 7.5663734719531615 1.2
    endloop
  endfacet
  facet normal -0.6152315905806268 -0.7883464276266063 0
    outer loop
      vertex 5.420863670881143 7.309188536473869 1.2
      vertex 5.420863670881143 7.309188536473869 0
      vertex 5.772978885889174 7.0343951256009065 1.2
    endloop
  endfacet
  facet normal -0.6531728429537763 -0.7572088465064849 0
    outer loop
      vertex 5.772978885889174 7.0343951256009065 1.2
      vertex 5.772978885889174 7.0343951256009065 0
      vertex 6.111186489107868 6.7426552407301275 1.2
    endloop
  endfacet
  facet normal -0.6895405447370657 -0.724247082951468 0
    outer loop
      vertex 6.111186489107868 6.7426552407301275 1.2
      vertex 6.111186489107868 6.7426552407301275 0
      vertex 6.434671708797583 6.434671708797583 1.2
    endloop
  endfacet
  facet normal -0.9996988186962044 -0.0245412285229107 0
    outer loop
      vertex 9.1 0 1.2
      vertex 9.08903865146707 0.4465158363795039 0
      vertex 9.1 0 0
    endloop
  endfacet
  facet normal -0.9972904566786904 -0.07356456359966664 0
    outer loop
      vertex 9.08903865146707 0.4465158363795039 1.2
      vertex 9.056181012716992 0.8919559769990014 0
      vertex 9.08903865146707 0.4465158363795039 0
    endloop
  endfacet
  facet normal -0.99247953459871 -0.12241067519921653 0
    outer loop
      vertex 9.056181012716992 0.8919559769990014 1.2
      vertex 9.001506240679507 1.3352473175437918 0
      vertex 9.056181012716992 0.8919559769990014 0
    endloop
  endfacet
  facet normal -0.9852776423889411 -0.17096188876030177 0
    outer loop
      vertex 9.001506240679507 1.3352473175437918 1.2
      vertex 8.925146051669397 1.7753219303467669 0
      vertex 9.001506240679507 1.3352473175437918 0
    endloop
  endfacet
  facet normal -0.9996988186962044 -0.0245412285229107 1.559257380576033e-19
    outer loop
      vertex 9.1 0 1.2
      vertex 9.08903865146707 0.4465158363795039 1.2
      vertex 9.08903865146707 0.4465158363795039 0
    endloop
  endfacet
  facet normal -0.9972904566786904 -0.07356456359966664 0
    outer loop
      vertex 9.056181012716992 0.8919559769990014 1.2
      vertex 9.056181012716992 0.8919559769990014 0
      vertex 9.08903865146707 0.4465158363795039 1.2
    endloop
  endfacet
  facet normal -0.99247953459871 -0.12241067519921653 5.28639073150673e-19
    outer loop
      vertex 9.056181012716992 0.8919559769990014 1.2
      vertex 9.001506240679507 1.3352473175437918 1.2
      vertex 9.001506240679507 1.3352473175437918 0
    endloop
  endfacet
  facet normal -0.9637760657954405 -0.2667127574748965 0
    outer loop
      vertex 8.82728440407035 2.211119637119701 1.2
      vertex 8.7081570551631 2.641590563015607 0
      vertex 8.82728440407035 2.211119637119701 0
    endloop
  endfacet
  facet normal -0.9495281805930366 -0.31368174039889135 0
    outer loop
      vertex 8.7081570551631 2.641590563015607 1.2
      vertex 8.568050993165489 3.0656976658692026 0
      vertex 8.7081570551631 2.641590563015607 0
    endloop
  endfacet
  facet normal -0.9757021300385277 -0.2191012401568727 0
    outer loop
      vertex 8.925146051669397 1.7753219303467669 1.2
      vertex 8.82728440407035 2.211119637119701 0
      vertex 8.925146051669397 1.7753219303467669 0
    endloop
  endfacet
  facet normal -0.9637760657954405 -0.2667127574748965 0
    outer loop
      vertex 8.7081570551631 2.641590563015607 1.2
      vertex 8.7081570551631 2.641590563015607 0
      vertex 8.82728440407035 2.211119637119701 1.2
    endloop
  endfacet
  facet normal -0.9495281805930366 -0.31368174039889135 -2.5482249446394105e-18
    outer loop
      vertex 8.7081570551631 2.641590563015607 1.2
      vertex 8.568050993165489 3.0656976658692026 1.2
      vertex 8.568050993165489 3.0656976658692026 0
    endloop
  endfacet
  facet normal -0.9852776423889411 -0.17096188876030177 -5.58534889475725e-18
    outer loop
      vertex 9.001506240679507 1.3352473175437918 1.2
      vertex 8.925146051669397 1.7753219303467669 1.2
      vertex 8.925146051669397 1.7753219303467669 0
    endloop
  endfacet
  facet normal -0.9757021300385277 -0.2191012401568727 -5.6496166054743045e-18
    outer loop
      vertex 8.925146051669397 1.7753219303467669 1.2
      vertex 8.82728440407035 2.211119637119701 1.2
      vertex 8.82728440407035 2.211119637119701 0
    endloop
  endfacet
  facet normal -0.8700869911087113 -0.49289819222978404 0
    outer loop
      vertex 8.02548350557003 4.289710305116579 1.2
      vertex 7.805330351002475 4.678334972158318 0
      vertex 8.02548350557003 4.289710305116579 0
    endloop
  endfacet
  facet normal -0.8700869911087113 -0.49289819222978404 0
    outer loop
      vertex 7.805330351002475 4.678334972158318 1.2
      vertex 7.805330351002475 4.678334972158318 0
      vertex 8.02548350557003 4.289710305116579 1.2
    endloop
  endfacet
  facet normal -0.724247082951468 -0.6895405447370657 0
    outer loop
      vertex 6.7426552407301275 6.111186489107868 1.2
      vertex 6.434671708797583 6.434671708797583 0
      vertex 6.7426552407301275 6.111186489107868 0
    endloop
  endfacet
  facet normal -0.7572088465064849 -0.6531728429537763 0
    outer loop
      vertex 7.0343951256009065 5.772978885889174 1.2
      vertex 6.7426552407301275 6.111186489107868 0
      vertex 7.0343951256009065 5.772978885889174 0
    endloop
  endfacet
  facet normal -0.8175848131515845 -0.5758081914178442 0
    outer loop
      vertex 7.5663734719531615 5.055689120478379 1.2
      vertex 7.309188536473869 5.420863670881143 0
      vertex 7.5663734719531615 5.055689120478379 0
    endloop
  endfacet
  facet normal -0.7883464276266063 -0.6152315905806268 0
    outer loop
      vertex 7.309188536473869 5.420863670881143 1.2
      vertex 7.0343951256009065 5.772978885889174 0
      vertex 7.309188536473869 5.420863670881143 0
    endloop
  endfacet
  facet normal -0.8448535652497072 -0.5349976198870967 0
    outer loop
      vertex 7.805330351002475 4.678334972158318 1.2
      vertex 7.5663734719531615 5.055689120478379 0
      vertex 7.805330351002475 4.678334972158318 0
    endloop
  endfacet
  facet normal -0.724247082951468 -0.6895405447370657 -1.2934864271302246e-17
    outer loop
      vertex 6.7426552407301275 6.111186489107868 1.2
      vertex 6.434671708797583 6.434671708797583 1.2
      vertex 6.434671708797583 6.434671708797583 0
    endloop
  endfacet
  facet normal -0.7572088465064849 -0.6531728429537763 0
    outer loop
      vertex 6.7426552407301275 6.111186489107868 1.2
      vertex 6.7426552407301275 6.111186489107868 0
      vertex 7.0343951256009065 5.772978885889174 1.2
    endloop
  endfacet
  facet normal -0.7883464276266063 -0.6152315905806268 2.470565778730286e-18
    outer loop
      vertex 7.309188536473869 5.420863670881143 1.2
      vertex 7.0343951256009065 5.772978885889174 1.2
      vertex 7.0343951256009065 5.772978885889174 0
    endloop
  endfacet
  facet normal -0.8175848131515845 -0.5758081914178442 -6.0781742074931e-18
    outer loop
      vertex 7.5663734719531615 5.055689120478379 1.2
      vertex 7.309188536473869 5.420863670881143 1.2
      vertex 7.309188536473869 5.420863670881143 0
    endloop
  endfacet
  facet normal -0.8448535652497072 -0.5349976198870967 0
    outer loop
      vertex 7.5663734719531615 5.055689120478379 1.2
      vertex 7.5663734719531615 5.055689120478379 0
      vertex 7.805330351002475 4.678334972158318 1.2
    endloop
  endfacet
  facet normal -0.9142097557035309 -0.40524131400498903 0
    outer loop
      vertex 8.407303745852708 3.482419234522317 1.2
      vertex 8.226302567423334 3.8907513502155666 0
      vertex 8.407303745852708 3.482419234522317 0
    endloop
  endfacet
  facet normal -0.932992798834738 -0.3598950365349904 0
    outer loop
      vertex 8.568050993165489 3.0656976658692026 1.2
      vertex 8.407303745852708 3.482419234522317 0
      vertex 8.568050993165489 3.0656976658692026 0
    endloop
  endfacet
  facet normal -0.8932243011955151 -0.4496113296546068 0
    outer loop
      vertex 8.226302567423334 3.8907513502155666 1.2
      vertex 8.02548350557003 4.289710305116579 0
      vertex 8.226302567423334 3.8907513502155666 0
    endloop
  endfacet
  facet normal -0.9142097557035309 -0.40524131400498903 0
    outer loop
      vertex 8.226302567423334 3.8907513502155666 1.2
      vertex 8.226302567423334 3.8907513502155666 0
      vertex 8.407303745852708 3.482419234522317 1.2
    endloop
  endfacet
  facet normal -0.932992798834738 -0.3598950365349904 0
    outer loop
      vertex 8.407303745852708 3.482419234522317 1.2
      vertex 8.407303745852708 3.482419234522317 0
      vertex 8.568050993165489 3.0656976658692026 1.2
    endloop
  endfacet
  facet normal -0.8932243011955151 -0.4496113296546068 1.1731855019073626e-18
    outer loop
      vertex 8.226302567423334 3.8907513502155666 1.2
      vertex 8.02548350557003 4.289710305116579 1.2
      vertex 8.02548350557003 4.289710305116579 0
    endloop
  endfacet
  facet normal -0.024541228522910692 -0.9996988186962042 3.530394069228753e-20
    outer loop
      vertex 0 9.1 3.2
      vertex 0.4465158363795039 9.08903865146707 3.2
      vertex 0.4465158363795039 9.08903865146707 8.5
    endloop
  endfacet
  facet normal -0.07356456359966662 -0.9972904566786902 -3.6132864960122195e-19
    outer loop
      vertex 0.4465158363795039 9.08903865146707 3.2
      vertex 0.8919559769990014 9.056181012716992 3.2
      vertex 0.8919559769990014 9.056181012716992 8.5
    endloop
  endfacet
  facet normal -0.12241067519921653 -0.9924795345987099 1.196918656190203e-19
    outer loop
      vertex 0.8919559769990014 9.056181012716992 3.2
      vertex 1.3352473175437918 9.001506240679507 3.2
      vertex 1.3352473175437918 9.001506240679507 8.5
    endloop
  endfacet
  facet normal -0.17096188876030177 -0.9852776423889411 -1.2646072969261697e-18
    outer loop
      vertex 1.3352473175437918 9.001506240679507 3.2
      vertex 1.7753219303467669 8.925146051669397 3.2
      vertex 1.7753219303467669 8.925146051669397 8.5
    endloop
  endfacet
  facet normal -0.2191012401568727 -0.9757021300385278 -1.2791584767111634e-18
    outer loop
      vertex 1.7753219303467669 8.925146051669397 3.2
      vertex 2.211119637119701 8.82728440407035 3.2
      vertex 2.211119637119701 8.82728440407035 8.5
    endloop
  endfacet
  facet normal -0.2667127574748964 -0.9637760657954404 -1.2812867146837538e-18
    outer loop
      vertex 2.211119637119701 8.82728440407035 3.2
      vertex 2.641590563015607 8.7081570551631 3.2
      vertex 2.641590563015607 8.7081570551631 8.5
    endloop
  endfacet
  facet normal -0.31368174039889135 -0.9495281805930367 -5.769565912391117e-19
    outer loop
      vertex 2.641590563015607 8.7081570551631 3.2
      vertex 3.0656976658692026 8.568050993165489 3.2
      vertex 3.0656976658692026 8.568050993165489 8.5
    endloop
  endfacet
  facet normal -0.49289819222978404 -0.8700869911087115 1.5862008264798149e-18
    outer loop
      vertex 4.289710305116579 8.02548350557003 3.2
      vertex 4.678334972158318 7.805330351002475 3.2
      vertex 4.678334972158318 7.805330351002475 8.5
    endloop
  endfacet
  facet normal -0.3598950365349904 -0.9329927988347381 -6.73713664863848e-19
    outer loop
      vertex 3.0656976658692026 8.568050993165489 3.2
      vertex 3.482419234522317 8.407303745852708 3.2
      vertex 3.482419234522317 8.407303745852708 8.5
    endloop
  endfacet
  facet normal -0.4052413140049891 -0.9142097557035311 0
    outer loop
      vertex 3.8907513502155666 8.226302567423334 3.2
      vertex 3.8907513502155666 8.226302567423334 8.5
      vertex 3.482419234522317 8.407303745852708 3.2
    endloop
  endfacet
  facet normal -0.4496113296546068 -0.8932243011955152 2.656269060922331e-19
    outer loop
      vertex 3.8907513502155666 8.226302567423334 3.2
      vertex 4.289710305116579 8.02548350557003 3.2
      vertex 4.289710305116579 8.02548350557003 8.5
    endloop
  endfacet
  facet normal -0.5349976198870968 -0.8448535652497073 2.098019570855799e-18
    outer loop
      vertex 4.678334972158318 7.805330351002475 3.2
      vertex 5.055689120478379 7.5663734719531615 3.2
      vertex 5.055689120478379 7.5663734719531615 8.5
    endloop
  endfacet
  facet normal -0.5758081914178441 -0.8175848131515845 0
    outer loop
      vertex 5.420863670881143 7.309188536473869 3.2
      vertex 5.420863670881143 7.309188536473869 8.5
      vertex 5.055689120478379 7.5663734719531615 3.2
    endloop
  endfacet
  facet normal -0.6152315905806268 -0.7883464276266063 5.593733838634609e-19
    outer loop
      vertex 5.420863670881143 7.309188536473869 3.2
      vertex 5.772978885889174 7.0343951256009065 3.2
      vertex 5.772978885889174 7.0343951256009065 8.5
    endloop
  endfacet
  facet normal -0.6531728429537763 -0.7572088465064849 2.8114628757331136e-18
    outer loop
      vertex 5.772978885889174 7.0343951256009065 3.2
      vertex 6.111186489107868 6.7426552407301275 3.2
      vertex 6.111186489107868 6.7426552407301275 8.5
    endloop
  endfacet
  facet normal -0.6895405447370658 -0.724247082951468 -2.9286485142571126e-18
    outer loop
      vertex 6.111186489107868 6.7426552407301275 3.2
      vertex 6.434671708797583 6.434671708797583 3.2
      vertex 6.434671708797583 6.434671708797583 8.5
    endloop
  endfacet
  facet normal -0.024541228522910692 -0.9996988186962042 0
    outer loop
      vertex 0 9.1 3.2
      vertex 0.4465158363795039 9.08903865146707 8.5
      vertex 0 9.1 8.5
    endloop
  endfacet
  facet normal -0.07356456359966662 -0.9972904566786902 0
    outer loop
      vertex 0.4465158363795039 9.08903865146707 3.2
      vertex 0.8919559769990014 9.056181012716992 8.5
      vertex 0.4465158363795039 9.08903865146707 8.5
    endloop
  endfacet
  facet normal -0.12241067519921653 -0.9924795345987099 0
    outer loop
      vertex 0.8919559769990014 9.056181012716992 3.2
      vertex 1.3352473175437918 9.001506240679507 8.5
      vertex 0.8919559769990014 9.056181012716992 8.5
    endloop
  endfacet
  facet normal -0.17096188876030177 -0.9852776423889411 0
    outer loop
      vertex 1.3352473175437918 9.001506240679507 3.2
      vertex 1.7753219303467669 8.925146051669397 8.5
      vertex 1.3352473175437918 9.001506240679507 8.5
    endloop
  endfacet
  facet normal -0.2667127574748964 -0.9637760657954404 0
    outer loop
      vertex 2.211119637119701 8.82728440407035 3.2
      vertex 2.641590563015607 8.7081570551631 8.5
      vertex 2.211119637119701 8.82728440407035 8.5
    endloop
  endfacet
  facet normal -0.2191012401568727 -0.9757021300385278 0
    outer loop
      vertex 1.7753219303467669 8.925146051669397 3.2
      vertex 2.211119637119701 8.82728440407035 8.5
      vertex 1.7753219303467669 8.925146051669397 8.5
    endloop
  endfacet
  facet normal -0.31368174039889135 -0.9495281805930367 0
    outer loop
      vertex 2.641590563015607 8.7081570551631 3.2
      vertex 3.0656976658692026 8.568050993165489 8.5
      vertex 2.641590563015607 8.7081570551631 8.5
    endloop
  endfacet
  facet normal -0.49289819222978404 -0.8700869911087115 0
    outer loop
      vertex 4.289710305116579 8.02548350557003 3.2
      vertex 4.678334972158318 7.805330351002475 8.5
      vertex 4.289710305116579 8.02548350557003 8.5
    endloop
  endfacet
  facet normal -0.3598950365349904 -0.9329927988347381 0
    outer loop
      vertex 3.0656976658692026 8.568050993165489 3.2
      vertex 3.482419234522317 8.407303745852708 8.5
      vertex 3.0656976658692026 8.568050993165489 8.5
    endloop
  endfacet
  facet normal -0.4052413140049891 -0.9142097557035311 0
    outer loop
      vertex 3.482419234522317 8.407303745852708 3.2
      vertex 3.8907513502155666 8.226302567423334 8.5
      vertex 3.482419234522317 8.407303745852708 8.5
    endloop
  endfacet
  facet normal -0.4496113296546068 -0.8932243011955152 0
    outer loop
      vertex 3.8907513502155666 8.226302567423334 3.2
      vertex 4.289710305116579 8.02548350557003 8.5
      vertex 3.8907513502155666 8.226302567423334 8.5
    endloop
  endfacet
  facet normal -0.5758081914178441 -0.8175848131515845 0
    outer loop
      vertex 5.055689120478379 7.5663734719531615 3.2
      vertex 5.420863670881143 7.309188536473869 8.5
      vertex 5.055689120478379 7.5663734719531615 8.5
    endloop
  endfacet
  facet normal -0.5349976198870968 -0.8448535652497073 0
    outer loop
      vertex 4.678334972158318 7.805330351002475 3.2
      vertex 5.055689120478379 7.5663734719531615 8.5
      vertex 4.678334972158318 7.805330351002475 8.5
    endloop
  endfacet
  facet normal -0.6152315905806268 -0.7883464276266063 0
    outer loop
      vertex 5.420863670881143 7.309188536473869 3.2
      vertex 5.772978885889174 7.0343951256009065 8.5
      vertex 5.420863670881143 7.309188536473869 8.5
    endloop
  endfacet
  facet normal -0.6531728429537763 -0.7572088465064849 0
    outer loop
      vertex 5.772978885889174 7.0343951256009065 3.2
      vertex 6.111186489107868 6.7426552407301275 8.5
      vertex 5.772978885889174 7.0343951256009065 8.5
    endloop
  endfacet
  facet normal -0.6895405447370658 -0.724247082951468 0
    outer loop
      vertex 6.111186489107868 6.7426552407301275 3.2
      vertex 6.434671708797583 6.434671708797583 8.5
      vertex 6.111186489107868 6.7426552407301275 8.5
    endloop
  endfacet
  facet normal -0.9996988186962042 -0.024541228522910692 0
    outer loop
      vertex 9.1 0 3.2
      vertex 9.1 0 8.5
      vertex 9.08903865146707 0.4465158363795039 3.2
    endloop
  endfacet
  facet normal -0.9972904566786902 -0.07356456359966662 -3.6132864960122195e-19
    outer loop
      vertex 9.056181012716992 0.8919559769990014 3.2
      vertex 9.08903865146707 0.4465158363795039 3.2
      vertex 9.08903865146707 0.4465158363795039 8.5
    endloop
  endfacet
  facet normal -0.9924795345987099 -0.12241067519921653 0
    outer loop
      vertex 9.056181012716992 0.8919559769990014 3.2
      vertex 9.056181012716992 0.8919559769990014 8.5
      vertex 9.001506240679507 1.3352473175437918 3.2
    endloop
  endfacet
  facet normal -0.9852776423889411 -0.17096188876030177 0
    outer loop
      vertex 9.001506240679507 1.3352473175437918 3.2
      vertex 9.001506240679507 1.3352473175437918 8.5
      vertex 8.925146051669397 1.7753219303467669 3.2
    endloop
  endfacet
  facet normal -0.9637760657954404 -0.2667127574748964 -1.2812867146837538e-18
    outer loop
      vertex 8.7081570551631 2.641590563015607 3.2
      vertex 8.82728440407035 2.211119637119701 3.2
      vertex 8.82728440407035 2.211119637119701 8.5
    endloop
  endfacet
  facet normal -0.9495281805930367 -0.31368174039889135 0
    outer loop
      vertex 8.7081570551631 2.641590563015607 3.2
      vertex 8.7081570551631 2.641590563015607 8.5
      vertex 8.568050993165489 3.0656976658692026 3.2
    endloop
  endfacet
  facet normal -0.9757021300385278 -0.2191012401568727 0
    outer loop
      vertex 8.925146051669397 1.7753219303467669 3.2
      vertex 8.925146051669397 1.7753219303467669 8.5
      vertex 8.82728440407035 2.211119637119701 3.2
    endloop
  endfacet
  facet normal -0.8700869911087115 -0.49289819222978404 1.5862008264798149e-18
    outer loop
      vertex 7.805330351002475 4.678334972158318 3.2
      vertex 8.02548350557003 4.289710305116579 3.2
      vertex 8.02548350557003 4.289710305116579 8.5
    endloop
  endfacet
  facet normal -0.724247082951468 -0.6895405447370658 0
    outer loop
      vertex 6.7426552407301275 6.111186489107868 3.2
      vertex 6.7426552407301275 6.111186489107868 8.5
      vertex 6.434671708797583 6.434671708797583 3.2
    endloop
  endfacet
  facet normal -0.7572088465064849 -0.6531728429537763 2.8114628757331136e-18
    outer loop
      vertex 6.7426552407301275 6.111186489107868 3.2
      vertex 7.0343951256009065 5.772978885889174 3.2
      vertex 7.0343951256009065 5.772978885889174 8.5
    endloop
  endfacet
  facet normal -0.8175848131515845 -0.5758081914178441 0
    outer loop
      vertex 7.5663734719531615 5.055689120478379 3.2
      vertex 7.5663734719531615 5.055689120478379 8.5
      vertex 7.309188536473869 5.420863670881143 3.2
    endloop
  endfacet
  facet normal -0.7883464276266063 -0.6152315905806268 0
    outer loop
      vertex 7.309188536473869 5.420863670881143 3.2
      vertex 7.309188536473869 5.420863670881143 8.5
      vertex 7.0343951256009065 5.772978885889174 3.2
    endloop
  endfacet
  facet normal -0.8448535652497073 -0.5349976198870968 2.098019570855799e-18
    outer loop
      vertex 7.5663734719531615 5.055689120478379 3.2
      vertex 7.805330351002475 4.678334972158318 3.2
      vertex 7.805330351002475 4.678334972158318 8.5
    endloop
  endfacet
  facet normal -0.9142097557035311 -0.4052413140049891 -1.0531976635995524e-18
    outer loop
      vertex 8.226302567423334 3.8907513502155666 3.2
      vertex 8.407303745852708 3.482419234522317 3.2
      vertex 8.407303745852708 3.482419234522317 8.5
    endloop
  endfacet
  facet normal -0.9329927988347381 -0.3598950365349904 -6.73713664863848e-19
    outer loop
      vertex 8.407303745852708 3.482419234522317 3.2
      vertex 8.568050993165489 3.0656976658692026 3.2
      vertex 8.568050993165489 3.0656976658692026 8.5
    endloop
  endfacet
  facet normal -0.8932243011955152 -0.4496113296546068 0
    outer loop
      vertex 8.226302567423334 3.8907513502155666 3.2
      vertex 8.226302567423334 3.8907513502155666 8.5
      vertex 8.02548350557003 4.289710305116579 3.2
    endloop
  endfacet
  facet normal -0.9996988186962042 -0.024541228522910692 0
    outer loop
      vertex 9.08903865146707 0.4465158363795039 3.2
      vertex 9.1 0 8.5
      vertex 9.08903865146707 0.4465158363795039 8.5
    endloop
  endfacet
  facet normal -0.9972904566786902 -0.07356456359966662 0
    outer loop
      vertex 9.056181012716992 0.8919559769990014 3.2
      vertex 9.08903865146707 0.4465158363795039 8.5
      vertex 9.056181012716992 0.8919559769990014 8.5
    endloop
  endfacet
  facet normal -0.9924795345987099 -0.12241067519921653 0
    outer loop
      vertex 9.001506240679507 1.3352473175437918 3.2
      vertex 9.056181012716992 0.8919559769990014 8.5
      vertex 9.001506240679507 1.3352473175437918 8.5
    endloop
  endfacet
  facet normal -0.9637760657954404 -0.2667127574748964 0
    outer loop
      vertex 8.7081570551631 2.641590563015607 3.2
      vertex 8.82728440407035 2.211119637119701 8.5
      vertex 8.7081570551631 2.641590563015607 8.5
    endloop
  endfacet
  facet normal -0.9495281805930367 -0.31368174039889135 0
    outer loop
      vertex 8.568050993165489 3.0656976658692026 3.2
      vertex 8.7081570551631 2.641590563015607 8.5
      vertex 8.568050993165489 3.0656976658692026 8.5
    endloop
  endfacet
  facet normal -0.9852776423889411 -0.17096188876030177 0
    outer loop
      vertex 8.925146051669397 1.7753219303467669 3.2
      vertex 9.001506240679507 1.3352473175437918 8.5
      vertex 8.925146051669397 1.7753219303467669 8.5
    endloop
  endfacet
  facet normal -0.9757021300385278 -0.2191012401568727 0
    outer loop
      vertex 8.82728440407035 2.211119637119701 3.2
      vertex 8.925146051669397 1.7753219303467669 8.5
      vertex 8.82728440407035 2.211119637119701 8.5
    endloop
  endfacet
  facet normal -0.8700869911087115 -0.49289819222978404 0
    outer loop
      vertex 7.805330351002475 4.678334972158318 3.2
      vertex 8.02548350557003 4.289710305116579 8.5
      vertex 7.805330351002475 4.678334972158318 8.5
    endloop
  endfacet
  facet normal -0.724247082951468 -0.6895405447370658 0
    outer loop
      vertex 6.434671708797583 6.434671708797583 3.2
      vertex 6.7426552407301275 6.111186489107868 8.5
      vertex 6.434671708797583 6.434671708797583 8.5
    endloop
  endfacet
  facet normal -0.7572088465064849 -0.6531728429537763 0
    outer loop
      vertex 6.7426552407301275 6.111186489107868 3.2
      vertex 7.0343951256009065 5.772978885889174 8.5
      vertex 6.7426552407301275 6.111186489107868 8.5
    endloop
  endfacet
  facet normal -0.7883464276266063 -0.6152315905806268 0
    outer loop
      vertex 7.0343951256009065 5.772978885889174 3.2
      vertex 7.309188536473869 5.420863670881143 8.5
      vertex 7.0343951256009065 5.772978885889174 8.5
    endloop
  endfacet
  facet normal -0.8175848131515845 -0.5758081914178441 0
    outer loop
      vertex 7.309188536473869 5.420863670881143 3.2
      vertex 7.5663734719531615 5.055689120478379 8.5
      vertex 7.309188536473869 5.420863670881143 8.5
    endloop
  endfacet
  facet normal -0.8448535652497073 -0.5349976198870968 0
    outer loop
      vertex 7.5663734719531615 5.055689120478379 3.2
      vertex 7.805330351002475 4.678334972158318 8.5
      vertex 7.5663734719531615 5.055689120478379 8.5
    endloop
  endfacet
  facet normal -0.9142097557035311 -0.4052413140049891 0
    outer loop
      vertex 8.226302567423334 3.8907513502155666 3.2
      vertex 8.407303745852708 3.482419234522317 8.5
      vertex 8.226302567423334 3.8907513502155666 8.5
    endloop
  endfacet
  facet normal -0.9329927988347381 -0.3598950365349904 0
    outer loop
      vertex 8.407303745852708 3.482419234522317 3.2
      vertex 8.568050993165489 3.0656976658692026 8.5
      vertex 8.407303745852708 3.482419234522317 8.5
    endloop
  endfacet
  facet normal -0.8932243011955152 -0.4496113296546068 0
    outer loop
      vertex 8.02548350557003 4.289710305116579 3.2
      vertex 8.226302567423334 3.8907513502155666 8.5
      vertex 8.02548350557003 4.289710305116579 8.5
    endloop
  endfacet
  facet normal 0 0 1
    outer loop
      vertex -7.884240610230005 -7.884240610230005 1.2
      vertex -8.02548350557003 -4.289710305116579 1.2
      vertex -8.261605047707794 -7.487882346544255 1.2
    endloop
  endfacet
  facet normal 0.788346427626607 0.615231590580626 -2.8041835177485642e-18
    outer loop
      vertex -8.619066554994518 -7.073485118424648 1.2
      vertex -8.955763976009191 -6.642047245090632 1.2
      vertex -8.955763976009191 -6.642047245090632 3.2
    endloop
  endfacet
  facet normal 0.7572088465064842 0.6531728429537772 0
    outer loop
      vertex -8.619066554994518 -7.073485118424648 1.2
      vertex -8.619066554994518 -7.073485118424648 3.2
      vertex -8.261605047707794 -7.487882346544255 1.2
    endloop
  endfacet
  facet normal 0.7242470829514669 0.6895405447370669 7.312230006259916e-18
    outer loop
      vertex -7.884240610230005 -7.884240610230005 1.2
      vertex -8.261605047707794 -7.487882346544255 1.2
      vertex -8.261605047707794 -7.487882346544255 3.2
    endloop
  endfacet
  facet normal 0 0 1
    outer loop
      vertex -6.642047245090632 -8.955763976009191 1.2
      vertex -6.1946080981685645 -9.270886177173379 1.2
      vertex -6.434671708797583 -6.434671708797583 1.2
    endloop
  endfacet
  facet normal 0.6895405447370669 0.7242470829514669 7.312230006259916e-18
    outer loop
      vertex -7.884240610230005 -7.884240610230005 1.2
      vertex -7.487882346544255 -8.261605047707794 3.2
      vertex -7.487882346544255 -8.261605047707794 1.2
    endloop
  endfacet
  facet normal 0.6531728429537772 0.7572088465064842 -9.256535642724174e-18
    outer loop
      vertex -7.487882346544255 -8.261605047707794 1.2
      vertex -7.073485118424648 -8.619066554994518 3.2
      vertex -7.073485118424648 -8.619066554994518 1.2
    endloop
  endfacet
  facet normal 0.615231590580626 0.788346427626607 0
    outer loop
      vertex -6.642047245090632 -8.955763976009191 1.2
      vertex -7.073485118424648 -8.619066554994518 1.2
      vertex -6.642047245090632 -8.955763976009191 3.2
    endloop
  endfacet
  facet normal 0 0 1
    outer loop
      vertex -7.487882346544255 -8.261605047707794 1.2
      vertex -7.073485118424648 -8.619066554994518 1.2
      vertex -7.309188536473869 -5.420863670881143 1.2
    endloop
  endfacet
  facet normal 0 0 1
    outer loop
      vertex -7.884240610230005 -7.884240610230005 1.2
      vertex -7.487882346544255 -8.261605047707794 1.2
      vertex -7.5663734719531615 -5.055689120478379 1.2
    endloop
  endfacet
  facet normal 0 0 1
    outer loop
      vertex -6.642047245090632 -8.955763976009191 1.2
      vertex -6.7426552407301275 -6.111186489107868 1.2
      vertex -7.073485118424648 -8.619066554994518 1.2
    endloop
  endfacet
  facet normal 0 0 1
    outer loop
      vertex -7.073485118424648 -8.619066554994518 1.2
      vertex -6.7426552407301275 -6.111186489107868 1.2
      vertex -7.0343951256009065 -5.772978885889174 1.2
    endloop
  endfacet
  facet normal 0 0 1
    outer loop
      vertex -7.073485118424648 -8.619066554994518 1.2
      vertex -7.0343951256009065 -5.772978885889174 1.2
      vertex -7.309188536473869 -5.420863670881143 1.2
    endloop
  endfacet
  facet normal 0 0 1
    outer loop
      vertex -6.642047245090632 -8.955763976009191 1.2
      vertex -6.434671708797583 -6.434671708797583 1.2
      vertex -6.7426552407301275 -6.111186489107868 1.2
    endloop
  endfacet
  facet normal 0.8175848131515845 0.5758081914178441 0
    outer loop
      vertex -8.955763976009191 -6.642047245090632 1.2
      vertex -9.270886177173379 -6.1946080981685645 3.2
      vertex -8.955763976009191 -6.642047245090632 3.2
    endloop
  endfacet
  facet normal 0.7242470829514669 0.6895405447370669 0
    outer loop
      vertex -7.884240610230005 -7.884240610230005 1.2
      vertex -8.261605047707794 -7.487882346544255 3.2
      vertex -7.884240610230005 -7.884240610230005 3.2
    endloop
  endfacet
  facet normal 0.7572088465064842 0.6531728429537772 0
    outer loop
      vertex -8.261605047707794 -7.487882346544255 1.2
      vertex -8.619066554994518 -7.073485118424648 3.2
      vertex -8.261605047707794 -7.487882346544255 3.2
    endloop
  endfacet
  facet normal 0.788346427626607 0.615231590580626 0
    outer loop
      vertex -8.619066554994518 -7.073485118424648 1.2
      vertex -8.955763976009191 -6.642047245090632 3.2
      vertex -8.619066554994518 -7.073485118424648 3.2
    endloop
  endfacet
  facet normal 0.6895405447370669 0.7242470829514669 0
    outer loop
      vertex -7.884240610230005 -7.884240610230005 1.2
      vertex -7.884240610230005 -7.884240610230005 3.2
      vertex -7.487882346544255 -8.261605047707794 3.2
    endloop
  endfacet
  facet normal 0.6531728429537772 0.7572088465064842 0
    outer loop
      vertex -7.487882346544255 -8.261605047707794 1.2
      vertex -7.487882346544255 -8.261605047707794 3.2
      vertex -7.073485118424648 -8.619066554994518 3.2
    endloop
  endfacet
  facet normal 0.5758081914178441 0.8175848131515845 0
    outer loop
      vertex -6.642047245090632 -8.955763976009191 1.2
      vertex -6.642047245090632 -8.955763976009191 3.2
      vertex -6.1946080981685645 -9.270886177173379 3.2
    endloop
  endfacet
  facet normal 0.615231590580626 0.788346427626607 0
    outer loop
      vertex -7.073485118424648 -8.619066554994518 1.2
      vertex -7.073485118424648 -8.619066554994518 3.2
      vertex -6.642047245090632 -8.955763976009191 3.2
    endloop
  endfacet
  facet normal 0 0 -1
    outer loop
      vertex -6.642047245090632 -8.955763976009191 3.2
      vertex -7.073485118424648 -8.619066554994518 3.2
      vertex -6.434671708797583 -6.434671708797583 3.2
    endloop
  endfacet
  facet normal 0 0 -1
    outer loop
      vertex -7.884240610230005 -7.884240610230005 3.2
      vertex -7.5663734719531615 -5.055689120478379 3.2
      vertex -7.487882346544255 -8.261605047707794 3.2
    endloop
  endfacet
  facet normal 0 0 -1
    outer loop
      vertex -7.884240610230005 -7.884240610230005 3.2
      vertex -8.261605047707794 -7.487882346544255 3.2
      vertex -7.805330351002475 -4.678334972158318 3.2
    endloop
  endfacet
  facet normal 0 0 -1
    outer loop
      vertex -7.487882346544255 -8.261605047707794 3.2
      vertex -7.309188536473869 -5.420863670881143 3.2
      vertex -7.0343951256009065 -5.772978885889174 3.2
    endloop
  endfacet
  facet normal 0 0 -1
    outer loop
      vertex -7.487882346544255 -8.261605047707794 3.2
      vertex -7.0343951256009065 -5.772978885889174 3.2
      vertex -7.073485118424648 -8.619066554994518 3.2
    endloop
  endfacet
  facet normal 0 0 -1
    outer loop
      vertex -7.073485118424648 -8.619066554994518 3.2
      vertex -7.0343951256009065 -5.772978885889174 3.2
      vertex -6.7426552407301275 -6.111186489107868 3.2
    endloop
  endfacet
  facet normal 0 0 -1
    outer loop
      vertex -7.073485118424648 -8.619066554994518 3.2
      vertex -6.7426552407301275 -6.111186489107868 3.2
      vertex -6.434671708797583 -6.434671708797583 3.2
    endloop
  endfacet
  facet normal 0.87008699110871 0.49289819222978654 0
    outer loop
      vertex -9.83342209748416 -5.256073615609874 1.2
      vertex -9.83342209748416 -5.256073615609874 3.2
      vertex -9.563674001503033 -5.732245597754423 1.2
    endloop
  endfacet
  facet normal 0.8932243011955164 0.4496113296546044 2.2340883906066693e-18
    outer loop
      vertex -9.83342209748416 -5.256073615609874 1.2
      vertex -10.079480618326393 -4.767239291747646 1.2
      vertex -10.079480618326393 -4.767239291747646 3.2
    endloop
  endfacet
  facet normal 0.9329927988347383 0.3598950365349899 0
    outer loop
      vertex -10.498216326790683 -3.7563218653232537 1.2
      vertex -10.498216326790683 -3.7563218653232537 3.2
      vertex -10.301256787500847 -4.266920270870751 1.2
    endloop
  endfacet
  facet normal 0.9495281805930377 0.31368174039888835 -1.8872933077627545e-19
    outer loop
      vertex -10.498216326790683 -3.7563218653232537 1.2
      vertex -10.669884743414128 -3.236674151387255 1.2
      vertex -10.669884743414128 -3.236674151387255 3.2
    endloop
  endfacet
  facet normal 0.9142097557035306 0.40524131400499 1.680332728711553e-18
    outer loop
      vertex -10.079480618326393 -4.767239291747646 1.2
      vertex -10.301256787500847 -4.266920270870751 1.2
      vertex -10.301256787500847 -4.266920270870751 3.2
    endloop
  endfacet
  facet normal 0 0 1
    outer loop
      vertex -9.83342209748416 -5.256073615609874 1.2
      vertex -9.563674001503033 -5.732245597754423 1.2
      vertex -9.563674001503033 5.732245597754423 1.2
    endloop
  endfacet
  facet normal 0.9637760657954393 0.2667127574749005 0
    outer loop
      vertex -10.815848473119166 -2.7092290059213924 1.2
      vertex -10.815848473119166 -2.7092290059213924 3.2
      vertex -10.669884743414128 -3.236674151387255 1.2
    endloop
  endfacet
  facet normal 0.9757021300385287 0.2191012401568684 3.182469521018299e-18
    outer loop
      vertex -10.815848473119166 -2.7092290059213924 1.2
      vertex -10.93575587649602 -2.17525709047983 1.2
      vertex -10.93575587649602 -2.17525709047983 3.2
    endloop
  endfacet
  facet normal 0.9852776423889411 0.17096188876030186 -1.823214195479932e-18
    outer loop
      vertex -10.93575587649602 -2.17525709047983 1.2
      vertex -11.029318086107308 -1.6360447901772834 1.2
      vertex -11.029318086107308 -1.6360447901772834 3.2
    endloop
  endfacet
  facet normal 0 0 1
    outer loop
      vertex -10.815848473119166 -2.7092290059213924 1.2
      vertex -10.669884743414128 -3.236674151387255 1.2
      vertex -10.669884743414128 3.236674151387255 1.2
    endloop
  endfacet
  facet normal 0 0 1
    outer loop
      vertex -10.498216326790683 -3.7563218653232537 1.2
      vertex -10.498216326790683 3.7563218653232537 1.2
      vertex -10.669884743414128 -3.236674151387255 1.2
    endloop
  endfacet
  facet normal 0 0 1
    outer loop
      vertex -10.815848473119166 -2.7092290059213924 1.2
      vertex -10.815848473119166 2.7092290059213924 1.2
      vertex -10.93575587649602 -2.17525709047983 1.2
    endloop
  endfacet
  facet normal 0 0 1
    outer loop
      vertex -10.93575587649602 -2.17525709047983 1.2
      vertex -10.93575587649602 2.17525709047983 1.2
      vertex -11.029318086107308 -1.6360447901772834 1.2
    endloop
  endfacet
  facet normal 0 0 1
    outer loop
      vertex -11.029318086107308 -1.6360447901772834 1.2
      vertex -11.029318086107308 1.6360447901772834 1.2
      vertex -11.096309702394995 -1.0928911146746008 1.2
    endloop
  endfacet
  facet normal 0 0 1
    outer loop
      vertex -11.096309702394995 -1.0928911146746008 1.2
      vertex -11.096309702394995 1.0928911146746008 1.2
      vertex -11.136569336687673 -0.5471045687507109 1.2
    endloop
  endfacet
  facet normal 0 0 1
    outer loop
      vertex -10.498216326790683 -3.7563218653232537 1.2
      vertex -10.301256787500847 -4.266920270870751 1.2
      vertex -10.301256787500847 4.266920270870751 1.2
    endloop
  endfacet
  facet normal 0 0 1
    outer loop
      vertex -10.079480618326393 -4.767239291747646 1.2
      vertex -10.079480618326393 4.767239291747646 1.2
      vertex -10.301256787500847 -4.266920270870751 1.2
    endloop
  endfacet
  facet normal 0 0 1
    outer loop
      vertex -9.83342209748416 -5.256073615609874 1.2
      vertex -9.83342209748416 5.256073615609874 1.2
      vertex -10.079480618326393 -4.767239291747646 1.2
    endloop
  endfacet
  facet normal 0.9924795345987101 0.1224106751992161 -5.689017362475096e-19
    outer loop
      vertex -11.029318086107308 -1.6360447901772834 1.2
      vertex -11.096309702394995 -1.0928911146746008 1.2
      vertex -11.096309702394995 -1.0928911146746008 3.2
    endloop
  endfacet
  facet normal 0.9972904566786902 0.073564563599669 -2.54939210829234e-19
    outer loop
      vertex -11.096309702394995 -1.0928911146746008 1.2
      vertex -11.136569336687673 -0.5471045687507109 1.2
      vertex -11.136569336687673 -0.5471045687507109 3.2
    endloop
  endfacet
  facet normal 0.9996988186962042 0.024541228522911407 1.8739354774972766e-19
    outer loop
      vertex -11.136569336687673 -0.5471045687507109 1.2
      vertex -11.15 0 1.2
      vertex -11.15 0 3.2
    endloop
  endfacet
  facet normal 0 0 1
    outer loop
      vertex -8.619066554994518 -7.073485118424648 1.2
      vertex -8.261605047707794 -7.487882346544255 1.2
      vertex -8.407303745852708 -3.482419234522317 1.2
    endloop
  endfacet
  facet normal 0 0 1
    outer loop
      vertex -8.619066554994518 -7.073485118424648 1.2
      vertex -8.7081570551631 -2.641590563015607 1.2
      vertex -8.955763976009191 -6.642047245090632 1.2
    endloop
  endfacet
  facet normal 0 0 1
    outer loop
      vertex -8.261605047707794 -7.487882346544255 1.2
      vertex -8.02548350557003 -4.289710305116579 1.2
      vertex -8.226302567423334 -3.8907513502155666 1.2
    endloop
  endfacet
  facet normal 0 0 1
    outer loop
      vertex -8.261605047707794 -7.487882346544255 1.2
      vertex -8.226302567423334 -3.8907513502155666 1.2
      vertex -8.407303745852708 -3.482419234522317 1.2
    endloop
  endfacet
  facet normal 0.8448535652497068 0.5349976198870975 0
    outer loop
      vertex -9.563674001503033 -5.732245597754423 1.2
      vertex -9.563674001503033 -5.732245597754423 3.2
      vertex -9.270886177173379 -6.1946080981685645 1.2
    endloop
  endfacet
  facet normal 0.8175848131515845 0.5758081914178441 0
    outer loop
      vertex -9.270886177173379 -6.1946080981685645 1.2
      vertex -9.270886177173379 -6.1946080981685645 3.2
      vertex -8.955763976009191 -6.642047245090632 1.2
    endloop
  endfacet
  facet normal 0 0 1
    outer loop
      vertex -9.270886177173379 -6.1946080981685645 1.2
      vertex -8.955763976009191 -6.642047245090632 1.2
      vertex -9.001506240679507 -1.3352473175437918 1.2
    endloop
  endfacet
  facet normal 0 0 1
    outer loop
      vertex -8.955763976009191 -6.642047245090632 1.2
      vertex -8.7081570551631 -2.641590563015607 1.2
      vertex -8.82728440407035 -2.211119637119701 1.2
    endloop
  endfacet
  facet normal 0 0 1
    outer loop
      vertex -8.955763976009191 -6.642047245090632 1.2
      vertex -8.82728440407035 -2.211119637119701 1.2
      vertex -8.925146051669397 -1.7753219303467669 1.2
    endloop
  endfacet
  facet normal 0 0 1
    outer loop
      vertex -8.955763976009191 -6.642047245090632 1.2
      vertex -8.925146051669397 -1.7753219303467669 1.2
      vertex -9.001506240679507 -1.3352473175437918 1.2
    endloop
  endfacet
  facet normal 0 0 1
    outer loop
      vertex -8.619066554994518 -7.073485118424648 1.2
      vertex -8.407303745852708 -3.482419234522317 1.2
      vertex -8.568050993165489 -3.0656976658692026 1.2
    endloop
  endfacet
  facet normal 0 0 1
    outer loop
      vertex -8.619066554994518 -7.073485118424648 1.2
      vertex -8.568050993165489 -3.0656976658692026 1.2
      vertex -8.7081570551631 -2.641590563015607 1.2
    endloop
  endfacet
  facet normal 0 0 1
    outer loop
      vertex -7.884240610230005 -7.884240610230005 1.2
      vertex -7.805330351002475 -4.678334972158318 1.2
      vertex -8.02548350557003 -4.289710305116579 1.2
    endloop
  endfacet
  facet normal 0 0 1
    outer loop
      vertex -7.884240610230005 -7.884240610230005 1.2
      vertex -7.5663734719531615 -5.055689120478379 1.2
      vertex -7.805330351002475 -4.678334972158318 1.2
    endloop
  endfacet
  facet normal 0 0 1
    outer loop
      vertex -7.487882346544255 -8.261605047707794 1.2
      vertex -7.309188536473869 -5.420863670881143 1.2
      vertex -7.5663734719531615 -5.055689120478379 1.2
    endloop
  endfacet
  facet normal 0 0 1
    outer loop
      vertex -9.270886177173379 -6.1946080981685645 1.2
      vertex -9.001506240679507 -1.3352473175437918 1.2
      vertex -9.056181012716992 -0.8919559769990014 1.2
    endloop
  endfacet
  facet normal 0 0 1
    outer loop
      vertex -9.270886177173379 -6.1946080981685645 1.2
      vertex -9.056181012716992 -0.8919559769990014 1.2
      vertex -9.08903865146707 -0.4465158363795039 1.2
    endloop
  endfacet
  facet normal 0 0 1
    outer loop
      vertex -9.563674001503033 -5.732245597754423 1.2
      vertex -9.270886177173379 -6.1946080981685645 1.2
      vertex -9.270886177173379 6.1946080981685645 1.2
    endloop
  endfacet
  facet normal 0 0 1
    outer loop
      vertex -9.270886177173379 -6.1946080981685645 1.2
      vertex -9.08903865146707 -0.4465158363795039 1.2
      vertex -9.1 0 1.2
    endloop
  endfacet
  facet normal 0.87008699110871 0.49289819222978654 0
    outer loop
      vertex -9.563674001503033 -5.732245597754423 1.2
      vertex -9.83342209748416 -5.256073615609874 3.2
      vertex -9.563674001503033 -5.732245597754423 3.2
    endloop
  endfacet
  facet normal 0.8932243011955164 0.4496113296546044 0
    outer loop
      vertex -9.83342209748416 -5.256073615609874 1.2
      vertex -10.079480618326393 -4.767239291747646 3.2
      vertex -9.83342209748416 -5.256073615609874 3.2
    endloop
  endfacet
  facet normal 0.9495281805930377 0.31368174039888835 0
    outer loop
      vertex -10.498216326790683 -3.7563218653232537 1.2
      vertex -10.669884743414128 -3.236674151387255 3.2
      vertex -10.498216326790683 -3.7563218653232537 3.2
    endloop
  endfacet
  facet normal 0.9142097557035306 0.40524131400499 0
    outer loop
      vertex -10.079480618326393 -4.767239291747646 1.2
      vertex -10.301256787500847 -4.266920270870751 3.2
      vertex -10.079480618326393 -4.767239291747646 3.2
    endloop
  endfacet
  facet normal 0.9329927988347383 0.3598950365349899 0
    outer loop
      vertex -10.301256787500847 -4.266920270870751 1.2
      vertex -10.498216326790683 -3.7563218653232537 3.2
      vertex -10.301256787500847 -4.266920270870751 3.2
    endloop
  endfacet
  facet normal 0.9757021300385287 0.2191012401568684 0
    outer loop
      vertex -10.815848473119166 -2.7092290059213924 1.2
      vertex -10.93575587649602 -2.17525709047983 3.2
      vertex -10.815848473119166 -2.7092290059213924 3.2
    endloop
  endfacet
  facet normal 0.9637760657954393 0.2667127574749005 0
    outer loop
      vertex -10.669884743414128 -3.236674151387255 1.2
      vertex -10.815848473119166 -2.7092290059213924 3.2
      vertex -10.669884743414128 -3.236674151387255 3.2
    endloop
  endfacet
  facet normal 0.9852776423889411 0.17096188876030186 0
    outer loop
      vertex -10.93575587649602 -2.17525709047983 1.2
      vertex -11.029318086107308 -1.6360447901772834 3.2
      vertex -10.93575587649602 -2.17525709047983 3.2
    endloop
  endfacet
  facet normal 0.9924795345987101 0.1224106751992161 0
    outer loop
      vertex -11.029318086107308 -1.6360447901772834 1.2
      vertex -11.096309702394995 -1.0928911146746008 3.2
      vertex -11.029318086107308 -1.6360447901772834 3.2
    endloop
  endfacet
  facet normal 0.9972904566786902 0.073564563599669 0
    outer loop
      vertex -11.096309702394995 -1.0928911146746008 1.2
      vertex -11.136569336687673 -0.5471045687507109 3.2
      vertex -11.096309702394995 -1.0928911146746008 3.2
    endloop
  endfacet
  facet normal 0.9996988186962042 0.024541228522911407 0
    outer loop
      vertex -11.136569336687673 -0.5471045687507109 1.2
      vertex -11.15 0 3.2
      vertex -11.136569336687673 -0.5471045687507109 3.2
    endloop
  endfacet
  facet normal 0 0 -1
    outer loop
      vertex -9.83342209748416 -5.256073615609874 3.2
      vertex -10.079480618326393 -4.767239291747646 3.2
      vertex -10.079480618326393 4.767239291747646 3.2
    endloop
  endfacet
  facet normal 0 0 -1
    outer loop
      vertex -9.83342209748416 -5.256073615609874 3.2
      vertex -9.83342209748416 5.256073615609874 3.2
      vertex -9.563674001503033 -5.732245597754423 3.2
    endloop
  endfacet
  facet normal 0 0 -1
    outer loop
      vertex -10.815848473119166 -2.7092290059213924 3.2
      vertex -10.93575587649602 -2.17525709047983 3.2
      vertex -10.93575587649602 2.17525709047983 3.2
    endloop
  endfacet
  facet normal 0 0 -1
    outer loop
      vertex -10.498216326790683 -3.7563218653232537 3.2
      vertex -10.669884743414128 -3.236674151387255 3.2
      vertex -10.669884743414128 3.236674151387255 3.2
    endloop
  endfacet
  facet normal 0 0 -1
    outer loop
      vertex -10.498216326790683 -3.7563218653232537 3.2
      vertex -10.498216326790683 3.7563218653232537 3.2
      vertex -10.301256787500847 -4.266920270870751 3.2
    endloop
  endfacet
  facet normal 0 0 -1
    outer loop
      vertex -10.815848473119166 -2.7092290059213924 3.2
      vertex -10.815848473119166 2.7092290059213924 3.2
      vertex -10.669884743414128 -3.236674151387255 3.2
    endloop
  endfacet
  facet normal 0 0 -1
    outer loop
      vertex -11.029318086107308 -1.6360447901772834 3.2
      vertex -11.096309702394995 -1.0928911146746008 3.2
      vertex -11.096309702394995 1.0928911146746008 3.2
    endloop
  endfacet
  facet normal 0 0 -1
    outer loop
      vertex -10.93575587649602 -2.17525709047983 3.2
      vertex -11.029318086107308 -1.6360447901772834 3.2
      vertex -11.029318086107308 1.6360447901772834 3.2
    endloop
  endfacet
  facet normal 0 0 -1
    outer loop
      vertex -11.096309702394995 -1.0928911146746008 3.2
      vertex -11.136569336687673 -0.5471045687507109 3.2
      vertex -11.136569336687673 0.5471045687507109 3.2
    endloop
  endfacet
  facet normal 0 0 -1
    outer loop
      vertex -10.079480618326393 -4.767239291747646 3.2
      vertex -10.301256787500847 -4.266920270870751 3.2
      vertex -10.301256787500847 4.266920270870751 3.2
    endloop
  endfacet
  facet normal 0.8448535652497068 0.5349976198870975 0
    outer loop
      vertex -9.270886177173379 -6.1946080981685645 1.2
      vertex -9.563674001503033 -5.732245597754423 3.2
      vertex -9.270886177173379 -6.1946080981685645 3.2
    endloop
  endfacet
  facet normal 0 0 -1
    outer loop
      vertex -8.619066554994518 -7.073485118424648 3.2
      vertex -8.226302567423334 -3.8907513502155666 3.2
      vertex -8.261605047707794 -7.487882346544255 3.2
    endloop
  endfacet
  facet normal 0 0 -1
    outer loop
      vertex -8.619066554994518 -7.073485118424648 3.2
      vertex -8.955763976009191 -6.642047245090632 3.2
      vertex -8.7081570551631 -2.641590563015607 3.2
    endloop
  endfacet
  facet normal 0 0 -1
    outer loop
      vertex -8.619066554994518 -7.073485118424648 3.2
      vertex -8.407303745852708 -3.482419234522317 3.2
      vertex -8.226302567423334 -3.8907513502155666 3.2
    endloop
  endfacet
  facet normal 0 0 -1
    outer loop
      vertex -8.261605047707794 -7.487882346544255 3.2
      vertex -8.02548350557003 -4.289710305116579 3.2
      vertex -7.805330351002475 -4.678334972158318 3.2
    endloop
  endfacet
  facet normal 0 0 -1
    outer loop
      vertex -8.261605047707794 -7.487882346544255 3.2
      vertex -8.226302567423334 -3.8907513502155666 3.2
      vertex -8.02548350557003 -4.289710305116579 3.2
    endloop
  endfacet
  facet normal 0 0 -1
    outer loop
      vertex -8.955763976009191 -6.642047245090632 3.2
      vertex -8.82728440407035 -2.211119637119701 3.2
      vertex -8.7081570551631 -2.641590563015607 3.2
    endloop
  endfacet
  facet normal 0 0 -1
    outer loop
      vertex -8.955763976009191 -6.642047245090632 3.2
      vertex -8.925146051669397 -1.7753219303467669 3.2
      vertex -8.82728440407035 -2.211119637119701 3.2
    endloop
  endfacet
  facet normal 0 0 -1
    outer loop
      vertex -8.955763976009191 -6.642047245090632 3.2
      vertex -9.001506240679507 -1.3352473175437918 3.2
      vertex -8.925146051669397 -1.7753219303467669 3.2
    endloop
  endfacet
  facet normal 0 0 -1
    outer loop
      vertex -8.619066554994518 -7.073485118424648 3.2
      vertex -8.568050993165489 -3.0656976658692026 3.2
      vertex -8.407303745852708 -3.482419234522317 3.2
    endloop
  endfacet
  facet normal 0 0 -1
    outer loop
      vertex -8.619066554994518 -7.073485118424648 3.2
      vertex -8.7081570551631 -2.641590563015607 3.2
      vertex -8.568050993165489 -3.0656976658692026 3.2
    endloop
  endfacet
  facet normal 0 0 -1
    outer loop
      vertex -7.884240610230005 -7.884240610230005 3.2
      vertex -7.805330351002475 -4.678334972158318 3.2
      vertex -7.5663734719531615 -5.055689120478379 3.2
    endloop
  endfacet
  facet normal 0 0 -1
    outer loop
      vertex -7.487882346544255 -8.261605047707794 3.2
      vertex -7.5663734719531615 -5.055689120478379 3.2
      vertex -7.309188536473869 -5.420863670881143 3.2
    endloop
  endfacet
  facet normal 0 0 -1
    outer loop
      vertex -8.955763976009191 -6.642047245090632 3.2
      vertex -9.056181012716992 -0.8919559769990014 3.2
      vertex -9.001506240679507 -1.3352473175437918 3.2
    endloop
  endfacet
  facet normal 0 0 -1
    outer loop
      vertex -8.955763976009191 -6.642047245090632 3.2
      vertex -9.08903865146707 -0.4465158363795039 3.2
      vertex -9.056181012716992 -0.8919559769990014 3.2
    endloop
  endfacet
  facet normal 0 0 -1
    outer loop
      vertex -9.563674001503033 -5.732245597754423 3.2
      vertex -9.563674001503033 5.732245597754423 3.2
      vertex -9.270886177173379 -6.1946080981685645 3.2
    endloop
  endfacet
  facet normal 0 0 -1
    outer loop
      vertex -9.270886177173379 -6.1946080981685645 3.2
      vertex -9.270886177173379 6.1946080981685645 3.2
      vertex -8.955763976009191 -6.642047245090632 3.2
    endloop
  endfacet
  facet normal 0 0 -1
    outer loop
      vertex -8.955763976009191 -6.642047245090632 3.2
      vertex -9.270886177173379 6.1946080981685645 3.2
      vertex -9.08903865146707 -0.4465158363795039 3.2
    endloop
  endfacet
  facet normal 0.49289819222978654 0.87008699110871 7.650231655215133e-18
    outer loop
      vertex -5.732245597754423 -9.563674001503033 1.2
      vertex -5.256073615609874 -9.83342209748416 3.2
      vertex -5.256073615609874 -9.83342209748416 1.2
    endloop
  endfacet
  facet normal 0.4496113296546044 0.8932243011955164 2.2340883906066693e-18
    outer loop
      vertex -5.256073615609874 -9.83342209748416 1.2
      vertex -4.767239291747646 -10.079480618326393 3.2
      vertex -4.767239291747646 -10.079480618326393 1.2
    endloop
  endfacet
  facet normal 0 0 1
    outer loop
      vertex -4.266920270870751 -10.301256787500847 1.2
      vertex -3.7563218653232537 -10.498216326790683 1.2
      vertex -3.8907513502155666 -8.226302567423334 1.2
    endloop
  endfacet
  facet normal 0 0 1
    outer loop
      vertex -3.7563218653232537 -10.498216326790683 1.2
      vertex -3.236674151387255 -10.669884743414128 1.2
      vertex -3.482419234522317 -8.407303745852708 1.2
    endloop
  endfacet
  facet normal 0.40524131400499 0.9142097557035306 1.680332728711553e-18
    outer loop
      vertex -4.767239291747646 -10.079480618326393 1.2
      vertex -4.266920270870751 -10.301256787500847 3.2
      vertex -4.266920270870751 -10.301256787500847 1.2
    endloop
  endfacet
  facet normal 0.3598950365349899 0.9329927988347383 5.738170935393894e-18
    outer loop
      vertex -4.266920270870751 -10.301256787500847 1.2
      vertex -3.7563218653232537 -10.498216326790683 3.2
      vertex -3.7563218653232537 -10.498216326790683 1.2
    endloop
  endfacet
  facet normal 0.31368174039888835 0.9495281805930377 -1.8872933077627545e-19
    outer loop
      vertex -3.7563218653232537 -10.498216326790683 1.2
      vertex -3.236674151387255 -10.669884743414128 3.2
      vertex -3.236674151387255 -10.669884743414128 1.2
    endloop
  endfacet
  facet normal 0 0 1
    outer loop
      vertex -6.1946080981685645 -9.270886177173379 1.2
      vertex -5.732245597754423 -9.563674001503033 1.2
      vertex -5.772978885889174 -7.0343951256009065 1.2
    endloop
  endfacet
  facet normal 0 0 1
    outer loop
      vertex -5.732245597754423 -9.563674001503033 1.2
      vertex -5.256073615609874 -9.83342209748416 1.2
      vertex -5.420863670881143 -7.309188536473869 1.2
    endloop
  endfacet
  facet normal 0 0 1
    outer loop
      vertex -5.256073615609874 -9.83342209748416 1.2
      vertex -4.767239291747646 -10.079480618326393 1.2
      vertex -5.055689120478379 -7.5663734719531615 1.2
    endloop
  endfacet
  facet normal 0 0 1
    outer loop
      vertex -5.256073615609874 -9.83342209748416 1.2
      vertex -5.055689120478379 -7.5663734719531615 1.2
      vertex -5.420863670881143 -7.309188536473869 1.2
    endloop
  endfacet
  facet normal 0 0 1
    outer loop
      vertex -4.767239291747646 -10.079480618326393 1.2
      vertex -4.678334972158318 -7.805330351002475 1.2
      vertex -5.055689120478379 -7.5663734719531615 1.2
    endloop
  endfacet
  facet normal 0.5758081914178441 0.8175848131515845 9.632412446026846e-18
    outer loop
      vertex -6.642047245090632 -8.955763976009191 1.2
      vertex -6.1946080981685645 -9.270886177173379 3.2
      vertex -6.1946080981685645 -9.270886177173379 1.2
    endloop
  endfacet
  facet normal 0.5349976198870975 0.8448535652497068 1.0538361038421134e-17
    outer loop
      vertex -6.1946080981685645 -9.270886177173379 1.2
      vertex -5.732245597754423 -9.563674001503033 3.2
      vertex -5.732245597754423 -9.563674001503033 1.2
    endloop
  endfacet
  facet normal 0 0 1
    outer loop
      vertex -6.1946080981685645 -9.270886177173379 1.2
      vertex -5.772978885889174 -7.0343951256009065 1.2
      vertex -6.111186489107868 -6.7426552407301275 1.2
    endloop
  endfacet
  facet normal 0 0 1
    outer loop
      vertex -6.1946080981685645 -9.270886177173379 1.2
      vertex -6.111186489107868 -6.7426552407301275 1.2
      vertex -6.434671708797583 -6.434671708797583 1.2
    endloop
  endfacet
  facet normal 0 0 1
    outer loop
      vertex -5.732245597754423 -9.563674001503033 1.2
      vertex -5.420863670881143 -7.309188536473869 1.2
      vertex -5.772978885889174 -7.0343951256009065 1.2
    endloop
  endfacet
  facet normal 0 0 1
    outer loop
      vertex -4.767239291747646 -10.079480618326393 1.2
      vertex -4.266920270870751 -10.301256787500847 1.2
      vertex -4.289710305116579 -8.02548350557003 1.2
    endloop
  endfacet
  facet normal 0 0 1
    outer loop
      vertex -4.266920270870751 -10.301256787500847 1.2
      vertex -3.8907513502155666 -8.226302567423334 1.2
      vertex -4.289710305116579 -8.02548350557003 1.2
    endloop
  endfacet
  facet normal 0 0 1
    outer loop
      vertex -4.767239291747646 -10.079480618326393 1.2
      vertex -4.289710305116579 -8.02548350557003 1.2
      vertex -4.678334972158318 -7.805330351002475 1.2
    endloop
  endfacet
  facet normal 0 0 1
    outer loop
      vertex -3.7563218653232537 -10.498216326790683 1.2
      vertex -3.482419234522317 -8.407303745852708 1.2
      vertex -3.8907513502155666 -8.226302567423334 1.2
    endloop
  endfacet
  facet normal 0 0 1
    outer loop
      vertex -3.236674151387255 -10.669884743414128 1.2
      vertex -3.0656976658692026 -8.568050993165489 1.2
      vertex -3.482419234522317 -8.407303745852708 1.2
    endloop
  endfacet
  facet normal 0 0 1
    outer loop
      vertex -3.236674151387255 -10.669884743414128 1.2
      vertex -2.7092290059213924 -10.815848473119166 1.2
      vertex -3.0656976658692026 -8.568050993165489 1.2
    endloop
  endfacet
  facet normal 0 0 1
    outer loop
      vertex -2.7092290059213924 -10.815848473119166 1.2
      vertex -2.17525709047983 -10.93575587649602 1.2
      vertex -2.211119637119701 -8.82728440407035 1.2
    endloop
  endfacet
  facet normal 0 0 1
    outer loop
      vertex -1.6360447901772834 -11.029318086107308 1.2
      vertex -1.7753219303467669 -8.925146051669397 1.2
      vertex -2.17525709047983 -10.93575587649602 1.2
    endloop
  endfacet
  facet normal 0.2667127574749005 0.9637760657954393 4.2692286162172414e-18
    outer loop
      vertex -3.236674151387255 -10.669884743414128 1.2
      vertex -2.7092290059213924 -10.815848473119166 3.2
      vertex -2.7092290059213924 -10.815848473119166 1.2
    endloop
  endfacet
  facet normal 0.2191012401568684 0.9757021300385287 3.182469521018299e-18
    outer loop
      vertex -2.7092290059213924 -10.815848473119166 1.2
      vertex -2.17525709047983 -10.93575587649602 3.2
      vertex -2.17525709047983 -10.93575587649602 1.2
    endloop
  endfacet
  facet normal 0.17096188876030186 0.9852776423889411 0
    outer loop
      vertex -1.6360447901772834 -11.029318086107308 1.2
      vertex -2.17525709047983 -10.93575587649602 1.2
      vertex -1.6360447901772834 -11.029318086107308 3.2
    endloop
  endfacet
  facet normal 0 0 1
    outer loop
      vertex -1.0928911146746008 -11.096309702394995 1.2
      vertex -0.5471045687507109 -11.136569336687673 1.2
      vertex -0.8919559769990014 -9.056181012716992 1.2
    endloop
  endfacet
  facet normal 0 0 1
    outer loop
      vertex -1.6360447901772834 -11.029318086107308 1.2
      vertex -1.0928911146746008 -11.096309702394995 1.2
      vertex -1.3352473175437918 -9.001506240679507 1.2
    endloop
  endfacet
  facet normal 0 0 1
    outer loop
      vertex -1.6360447901772834 -11.029318086107308 1.2
      vertex -1.3352473175437918 -9.001506240679507 1.2
      vertex -1.7753219303467669 -8.925146051669397 1.2
    endloop
  endfacet
  facet normal 0 0 1
    outer loop
      vertex -1.0928911146746008 -11.096309702394995 1.2
      vertex -0.8919559769990014 -9.056181012716992 1.2
      vertex -1.3352473175437918 -9.001506240679507 1.2
    endloop
  endfacet
  facet normal 0 0 1
    outer loop
      vertex -0.5471045687507109 -11.136569336687673 1.2
      vertex 0 -11.15 1.2
      vertex -0.4465158363795039 -9.08903865146707 1.2
    endloop
  endfacet
  facet normal 0 0 1
    outer loop
      vertex -0.5471045687507109 -11.136569336687673 1.2
      vertex -0.4465158363795039 -9.08903865146707 1.2
      vertex -0.8919559769990014 -9.056181012716992 1.2
    endloop
  endfacet
  facet normal 0 0 1
    outer loop
      vertex -0.4465158363795039 -9.08903865146707 1.2
      vertex 0 -11.15 1.2
      vertex 0 -9.1 1.2
    endloop
  endfacet
  facet normal 0.1224106751992161 0.9924795345987101 -5.689017362475096e-19
    outer loop
      vertex -1.6360447901772834 -11.029318086107308 1.2
      vertex -1.0928911146746008 -11.096309702394995 3.2
      vertex -1.0928911146746008 -11.096309702394995 1.2
    endloop
  endfacet
  facet normal 0.073564563599669 0.9972904566786901 -3.2750090470842605e-19
    outer loop
      vertex -1.0928911146746008 -11.096309702394995 1.2
      vertex -0.5471045687507109 -11.136569336687673 2.7568763759978387
      vertex -0.5471045687507109 -11.136569336687673 1.2
    endloop
  endfacet
  facet normal 0.02454122852291141 0.9996988186962042 6.6404938258069665e-16
    outer loop
      vertex -0.5471045687507109 -11.136569336687673 1.2
      vertex -0.11705419320967694 -11.147126480844632 2.4115288317580617
      vertex 0 -11.15 1.2
    endloop
  endfacet
  facet normal 0.024541228522899278 0.9996988186962046 1.5268489898361947e-15
    outer loop
      vertex -0.5471045687507109 -11.136569336687673 1.2
      vertex -0.4242640687119285 -11.139584901702797 2.5757359312880714
      vertex -0.3333421398117613 -11.14181690977678 2.501118232618473
    endloop
  endfacet
  facet normal 0.024541228522924074 0.999698818696204 -2.5490073245697467e-15
    outer loop
      vertex -0.5471045687507109 -11.136569336687673 1.2
      vertex -0.3333421398117613 -11.14181690977678 2.501118232618473
      vertex -0.22961005941905385 -11.144363389418915 2.445672280493228
    endloop
  endfacet
  facet normal 0.024541228522911244 0.9996988186962044 7.208461038202838e-16
    outer loop
      vertex -0.5471045687507109 -11.136569336687673 1.2
      vertex -0.22961005941905385 -11.144363389418915 2.445672280493228
      vertex -0.11705419320967694 -11.147126480844632 2.4115288317580617
    endloop
  endfacet
  facet normal 0.02454122852290454 0.9996988186962045 1.6736880725948584e-19
    outer loop
      vertex -0.11705419320967694 -11.147126480844632 2.4115288317580617
      vertex 0 -11.15 2.4
      vertex 0 -11.15 1.2
    endloop
  endfacet
  facet normal 0 0 1
    outer loop
      vertex -3.0656976658692026 -8.568050993165489 1.2
      vertex -2.7092290059213924 -10.815848473119166 1.2
      vertex -2.641590563015607 -8.7081570551631 1.2
    endloop
  endfacet
  facet normal 0 0 1
    outer loop
      vertex -2.7092290059213924 -10.815848473119166 1.2
      vertex -2.211119637119701 -8.82728440407035 1.2
      vertex -2.641590563015607 -8.7081570551631 1.2
    endloop
  endfacet
  facet normal 0 0 1
    outer loop
      vertex -2.17525709047983 -10.93575587649602 1.2
      vertex -1.7753219303467669 -8.925146051669397 1.2
      vertex -2.211119637119701 -8.82728440407035 1.2
    endloop
  endfacet
  facet normal 0.49289819222978654 0.87008699110871 0
    outer loop
      vertex -5.732245597754423 -9.563674001503033 1.2
      vertex -5.732245597754423 -9.563674001503033 3.2
      vertex -5.256073615609874 -9.83342209748416 3.2
    endloop
  endfacet
  facet normal 0.4496113296546044 0.8932243011955164 0
    outer loop
      vertex -5.256073615609874 -9.83342209748416 1.2
      vertex -5.256073615609874 -9.83342209748416 3.2
      vertex -4.767239291747646 -10.079480618326393 3.2
    endloop
  endfacet
  facet normal 0.40524131400499 0.9142097557035306 0
    outer loop
      vertex -4.767239291747646 -10.079480618326393 1.2
      vertex -4.767239291747646 -10.079480618326393 3.2
      vertex -4.266920270870751 -10.301256787500847 3.2
    endloop
  endfacet
  facet normal 0.3598950365349899 0.9329927988347383 0
    outer loop
      vertex -4.266920270870751 -10.301256787500847 1.2
      vertex -4.266920270870751 -10.301256787500847 3.2
      vertex -3.7563218653232537 -10.498216326790683 3.2
    endloop
  endfacet
  facet normal 0.31368174039888835 0.9495281805930377 0
    outer loop
      vertex -3.7563218653232537 -10.498216326790683 1.2
      vertex -3.7563218653232537 -10.498216326790683 3.2
      vertex -3.236674151387255 -10.669884743414128 3.2
    endloop
  endfacet
  facet normal 0 0 -1
    outer loop
      vertex -4.266920270870751 -10.301256787500847 3.2
      vertex -3.482419234522317 -8.407303745852708 3.2
      vertex -3.7563218653232537 -10.498216326790683 3.2
    endloop
  endfacet
  facet normal 0 0 -1
    outer loop
      vertex -3.7563218653232537 -10.498216326790683 3.2
      vertex -3.0656976658692026 -8.568050993165489 3.2
      vertex -3.236674151387255 -10.669884743414128 3.2
    endloop
  endfacet
  facet normal 0.5349976198870975 0.8448535652497068 0
    outer loop
      vertex -6.1946080981685645 -9.270886177173379 1.2
      vertex -6.1946080981685645 -9.270886177173379 3.2
      vertex -5.732245597754423 -9.563674001503033 3.2
    endloop
  endfacet
  facet normal 0 0 -1
    outer loop
      vertex -6.642047245090632 -8.955763976009191 3.2
      vertex -6.111186489107868 -6.7426552407301275 3.2
      vertex -6.1946080981685645 -9.270886177173379 3.2
    endloop
  endfacet
  facet normal 0 0 -1
    outer loop
      vertex -6.1946080981685645 -9.270886177173379 3.2
      vertex -5.772978885889174 -7.0343951256009065 3.2
      vertex -5.732245597754423 -9.563674001503033 3.2
    endloop
  endfacet
  facet normal 0 0 -1
    outer loop
      vertex -5.732245597754423 -9.563674001503033 3.2
      vertex -5.055689120478379 -7.5663734719531615 3.2
      vertex -5.256073615609874 -9.83342209748416 3.2
    endloop
  endfacet
  facet normal 0 0 -1
    outer loop
      vertex -5.256073615609874 -9.83342209748416 3.2
      vertex -4.678334972158318 -7.805330351002475 3.2
      vertex -4.767239291747646 -10.079480618326393 3.2
    endloop
  endfacet
  facet normal 0 0 -1
    outer loop
      vertex -5.732245597754423 -9.563674001503033 3.2
      vertex -5.420863670881143 -7.309188536473869 3.2
      vertex -5.055689120478379 -7.5663734719531615 3.2
    endloop
  endfacet
  facet normal 0 0 -1
    outer loop
      vertex -5.256073615609874 -9.83342209748416 3.2
      vertex -5.055689120478379 -7.5663734719531615 3.2
      vertex -4.678334972158318 -7.805330351002475 3.2
    endloop
  endfacet
  facet normal 0 0 -1
    outer loop
      vertex -6.1946080981685645 -9.270886177173379 3.2
      vertex -6.111186489107868 -6.7426552407301275 3.2
      vertex -5.772978885889174 -7.0343951256009065 3.2
    endloop
  endfacet
  facet normal 0 0 -1
    outer loop
      vertex -6.642047245090632 -8.955763976009191 3.2
      vertex -6.434671708797583 -6.434671708797583 3.2
      vertex -6.111186489107868 -6.7426552407301275 3.2
    endloop
  endfacet
  facet normal 0 0 -1
    outer loop
      vertex -5.732245597754423 -9.563674001503033 3.2
      vertex -5.772978885889174 -7.0343951256009065 3.2
      vertex -5.420863670881143 -7.309188536473869 3.2
    endloop
  endfacet
  facet normal 0 0 -1
    outer loop
      vertex -4.767239291747646 -10.079480618326393 3.2
      vertex -4.289710305116579 -8.02548350557003 3.2
      vertex -4.266920270870751 -10.301256787500847 3.2
    endloop
  endfacet
  facet normal 0 0 -1
    outer loop
      vertex -4.266920270870751 -10.301256787500847 3.2
      vertex -4.289710305116579 -8.02548350557003 3.2
      vertex -3.8907513502155666 -8.226302567423334 3.2
    endloop
  endfacet
  facet normal 0 0 -1
    outer loop
      vertex -4.767239291747646 -10.079480618326393 3.2
      vertex -4.678334972158318 -7.805330351002475 3.2
      vertex -4.289710305116579 -8.02548350557003 3.2
    endloop
  endfacet
  facet normal 0 0 -1
    outer loop
      vertex -4.266920270870751 -10.301256787500847 3.2
      vertex -3.8907513502155666 -8.226302567423334 3.2
      vertex -3.482419234522317 -8.407303745852708 3.2
    endloop
  endfacet
  facet normal 0 0 -1
    outer loop
      vertex -3.7563218653232537 -10.498216326790683 3.2
      vertex -3.482419234522317 -8.407303745852708 3.2
      vertex -3.0656976658692026 -8.568050993165489 3.2
    endloop
  endfacet
  facet normal 0.2667127574749005 0.9637760657954393 0
    outer loop
      vertex -3.236674151387255 -10.669884743414128 1.2
      vertex -3.236674151387255 -10.669884743414128 3.2
      vertex -2.7092290059213924 -10.815848473119166 3.2
    endloop
  endfacet
  facet normal 0.2191012401568684 0.9757021300385287 0
    outer loop
      vertex -2.7092290059213924 -10.815848473119166 1.2
      vertex -2.7092290059213924 -10.815848473119166 3.2
      vertex -2.17525709047983 -10.93575587649602 3.2
    endloop
  endfacet
  facet normal 0.17096188876030186 0.9852776423889411 0
    outer loop
      vertex -2.17525709047983 -10.93575587649602 1.2
      vertex -2.17525709047983 -10.93575587649602 3.2
      vertex -1.6360447901772834 -11.029318086107308 3.2
    endloop
  endfacet
  facet normal 0.1224106751992161 0.9924795345987101 0
    outer loop
      vertex -1.6360447901772834 -11.029318086107308 1.2
      vertex -1.6360447901772834 -11.029318086107308 3.2
      vertex -1.0928911146746008 -11.096309702394995 3.2
    endloop
  endfacet
  facet normal 0.0735645635996682 0.9972904566786902 0
    outer loop
      vertex -1.0928911146746008 -11.096309702394995 1.2
      vertex -1.0928911146746008 -11.096309702394995 3.2
      vertex -0.6 -11.132667535271434 3
    endloop
  endfacet
  facet normal 0.07356456359966193 0.9972904566786905 2.4704167524547606e-15
    outer loop
      vertex -1.0928911146746008 -11.096309702394995 1.2
      vertex -0.5543277195067721 -11.136036525078351 2.7703899405809462
      vertex -0.5471045687507109 -11.136569336687673 2.7568763759978387
    endloop
  endfacet
  facet normal 0.024541228522914956 0.9996988186962042 1.2534549574809435e-16
    outer loop
      vertex -0.5471045687507109 -11.136569336687673 1.2
      vertex -0.4988817673815271 -11.13775314001552 2.6666578601882387
      vertex -0.4242640687119285 -11.139584901702797 2.5757359312880714
    endloop
  endfacet
  facet normal 0.024541228522918773 0.9996988186962041 0
    outer loop
      vertex -0.5471045687507109 -11.136569336687673 1.2
      vertex -0.5471045687507109 -11.136569336687673 2.7568763759978387
      vertex -0.4988817673815271 -11.13775314001552 2.6666578601882387
    endloop
  endfacet
  facet normal 0.07356456359966736 0.9972904566786902 6.28061791530604e-16
    outer loop
      vertex -1.0928911146746008 -11.096309702394995 1.2
      vertex -0.5884711682419382 -11.133517952992186 2.882945806790323
      vertex -0.5543277195067721 -11.136036525078351 2.7703899405809462
    endloop
  endfacet
  facet normal 0.07356456359968218 0.9972904566786891 -3.851008748151823e-15
    outer loop
      vertex -1.0928911146746008 -11.096309702394995 1.2
      vertex -0.6 -11.132667535271434 3
      vertex -0.5884711682419382 -11.133517952992186 2.882945806790323
    endloop
  endfacet
  facet normal 0.07356456359967023 0.99729045667869 5.019807667944549e-15
    outer loop
      vertex -0.6 -11.132667535271434 3
      vertex -1.0928911146746008 -11.096309702394995 3.2
      vertex -0.5884711682419382 -11.133517952992186 3.117054193209677
    endloop
  endfacet
  facet normal 0.07356456359967088 0.9972904566786899 9.071327488606015e-15
    outer loop
      vertex -0.5884711682419382 -11.133517952992186 3.117054193209677
      vertex -1.0928911146746008 -11.096309702394995 3.2
      vertex -0.5633098328329583 -11.135373964594976 3.2
    endloop
  endfacet
  facet normal 0 0 -1
    outer loop
      vertex -3.236674151387255 -10.669884743414128 3.2
      vertex -2.641590563015607 -8.7081570551631 3.2
      vertex -2.7092290059213924 -10.815848473119166 3.2
    endloop
  endfacet
  facet normal 0 0 -1
    outer loop
      vertex -2.7092290059213924 -10.815848473119166 3.2
      vertex -2.211119637119701 -8.82728440407035 3.2
      vertex -2.17525709047983 -10.93575587649602 3.2
    endloop
  endfacet
  facet normal 0 0 -1
    outer loop
      vertex -1.6360447901772834 -11.029318086107308 3.2
      vertex -2.17525709047983 -10.93575587649602 3.2
      vertex -1.3352473175437918 -9.001506240679507 3.2
    endloop
  endfacet
  facet normal 0 0 -1
    outer loop
      vertex -2.17525709047983 -10.93575587649602 3.2
      vertex -1.7753219303467669 -8.925146051669397 3.2
      vertex -1.3352473175437918 -9.001506240679507 3.2
    endloop
  endfacet
  facet normal 0 0 -1
    outer loop
      vertex -1.0928911146746008 -11.096309702394995 3.2
      vertex -0.8919559769990014 -9.056181012716992 3.2
      vertex -0.5633098328329583 -11.135373964594976 3.2
    endloop
  endfacet
  facet normal 0 0 -1
    outer loop
      vertex -1.6360447901772834 -11.029318086107308 3.2
      vertex -0.8919559769990014 -9.056181012716992 3.2
      vertex -1.0928911146746008 -11.096309702394995 3.2
    endloop
  endfacet
  facet normal 0 0 -1
    outer loop
      vertex -1.6360447901772834 -11.029318086107308 3.2
      vertex -1.3352473175437918 -9.001506240679507 3.2
      vertex -0.8919559769990014 -9.056181012716992 3.2
    endloop
  endfacet
  facet normal 0 0 -1
    outer loop
      vertex -0.5633098328329583 -11.135373964594976 3.2
      vertex -0.8919559769990014 -9.056181012716992 3.2
      vertex -0.5633098328329583 -10.1 3.2
    endloop
  endfacet
  facet normal 0 0 -1
    outer loop
      vertex -3.236674151387255 -10.669884743414128 3.2
      vertex -3.0656976658692026 -8.568050993165489 3.2
      vertex -2.641590563015607 -8.7081570551631 3.2
    endloop
  endfacet
  facet normal 0 0 -1
    outer loop
      vertex -2.7092290059213924 -10.815848473119166 3.2
      vertex -2.641590563015607 -8.7081570551631 3.2
      vertex -2.211119637119701 -8.82728440407035 3.2
    endloop
  endfacet
  facet normal 0 0 -1
    outer loop
      vertex -2.17525709047983 -10.93575587649602 3.2
      vertex -2.211119637119701 -8.82728440407035 3.2
      vertex -1.7753219303467669 -8.925146051669397 3.2
    endloop
  endfacet
  facet normal 0 0 -1
    outer loop
      vertex -0.8919559769990014 -9.056181012716992 3.2
      vertex -0.4465158363795039 -9.08903865146707 3.2
      vertex -0.5633098328329583 -10.1 3.2
    endloop
  endfacet
  facet normal 0 0 -1
    outer loop
      vertex -0.5633098328329583 -10.1 3.2
      vertex -0.4465158363795039 -9.08903865146707 3.2
      vertex 0 -9.1 3.2
    endloop
  endfacet
  facet normal 0 0 -1
    outer loop
      vertex -0.5633098328329583 -10.1 3.2
      vertex 0 -9.1 3.2
      vertex 0.4465158363795039 -9.08903865146707 3.2
    endloop
  endfacet
  facet normal 0 0 1
    outer loop
      vertex -11.136569336687673 -0.5471045687507109 1.2
      vertex -11.136569336687673 0.5471045687507109 1.2
      vertex -11.15 0 1.2
    endloop
  endfacet
  facet normal 0 0 1
    outer loop
      vertex -11.136569336687673 -0.5471045687507109 1.2
      vertex -11.096309702394995 1.0928911146746008 1.2
      vertex -11.136569336687673 0.5471045687507109 1.2
    endloop
  endfacet
  facet normal 0 0 1
    outer loop
      vertex -11.096309702394995 -1.0928911146746008 1.2
      vertex -11.029318086107308 1.6360447901772834 1.2
      vertex -11.096309702394995 1.0928911146746008 1.2
    endloop
  endfacet
  facet normal 0 0 1
    outer loop
      vertex -11.029318086107308 -1.6360447901772834 1.2
      vertex -10.93575587649602 2.17525709047983 1.2
      vertex -11.029318086107308 1.6360447901772834 1.2
    endloop
  endfacet
  facet normal 0 0 1
    outer loop
      vertex -10.93575587649602 -2.17525709047983 1.2
      vertex -10.815848473119166 2.7092290059213924 1.2
      vertex -10.93575587649602 2.17525709047983 1.2
    endloop
  endfacet
  facet normal 0 0 1
    outer loop
      vertex -10.815848473119166 -2.7092290059213924 1.2
      vertex -10.669884743414128 3.236674151387255 1.2
      vertex -10.815848473119166 2.7092290059213924 1.2
    endloop
  endfacet
  facet normal 0 0 1
    outer loop
      vertex -10.669884743414128 -3.236674151387255 1.2
      vertex -10.498216326790683 3.7563218653232537 1.2
      vertex -10.669884743414128 3.236674151387255 1.2
    endloop
  endfacet
  facet normal 0 0 1
    outer loop
      vertex -10.498216326790683 -3.7563218653232537 1.2
      vertex -10.301256787500847 4.266920270870751 1.2
      vertex -10.498216326790683 3.7563218653232537 1.2
    endloop
  endfacet
  facet normal 0 0 1
    outer loop
      vertex -10.301256787500847 -4.266920270870751 1.2
      vertex -10.079480618326393 4.767239291747646 1.2
      vertex -10.301256787500847 4.266920270870751 1.2
    endloop
  endfacet
  facet normal 0.9996988186962042 -0.024541228522911407 -1.8739354774972766e-19
    outer loop
      vertex -11.15 0 1.2
      vertex -11.136569336687673 0.5471045687507109 1.2
      vertex -11.136569336687673 0.5471045687507109 3.2
    endloop
  endfacet
  facet normal 0.9972904566786902 -0.073564563599669 2.54939210829234e-19
    outer loop
      vertex -11.136569336687673 0.5471045687507109 1.2
      vertex -11.096309702394995 1.0928911146746008 1.2
      vertex -11.096309702394995 1.0928911146746008 3.2
    endloop
  endfacet
  facet normal 0.9924795345987101 -0.1224106751992161 5.689017362475096e-19
    outer loop
      vertex -11.096309702394995 1.0928911146746008 1.2
      vertex -11.029318086107308 1.6360447901772834 1.2
      vertex -11.029318086107308 1.6360447901772834 3.2
    endloop
  endfacet
  facet normal 0 0 1
    outer loop
      vertex -10.079480618326393 -4.767239291747646 1.2
      vertex -9.83342209748416 5.256073615609874 1.2
      vertex -10.079480618326393 4.767239291747646 1.2
    endloop
  endfacet
  facet normal 0 0 1
    outer loop
      vertex -9.83342209748416 -5.256073615609874 1.2
      vertex -9.563674001503033 5.732245597754423 1.2
      vertex -9.83342209748416 5.256073615609874 1.2
    endloop
  endfacet
  facet normal 0.9852776423889411 -0.17096188876030186 1.823214195479932e-18
    outer loop
      vertex -11.029318086107308 1.6360447901772834 1.2
      vertex -10.93575587649602 2.17525709047983 1.2
      vertex -10.93575587649602 2.17525709047983 3.2
    endloop
  endfacet
  facet normal 0.9757021300385287 -0.2191012401568684 -3.182469521018299e-18
    outer loop
      vertex -10.93575587649602 2.17525709047983 1.2
      vertex -10.815848473119166 2.7092290059213924 1.2
      vertex -10.815848473119166 2.7092290059213924 3.2
    endloop
  endfacet
  facet normal 0.9637760657954393 -0.2667127574749005 -4.2692286162172414e-18
    outer loop
      vertex -10.815848473119166 2.7092290059213924 1.2
      vertex -10.669884743414128 3.236674151387255 1.2
      vertex -10.669884743414128 3.236674151387255 3.2
    endloop
  endfacet
  facet normal 0.9495281805930377 -0.31368174039888835 1.8872933077627545e-19
    outer loop
      vertex -10.669884743414128 3.236674151387255 1.2
      vertex -10.498216326790683 3.7563218653232537 1.2
      vertex -10.498216326790683 3.7563218653232537 3.2
    endloop
  endfacet
  facet normal 0.9329927988347383 -0.3598950365349899 -5.738170935393894e-18
    outer loop
      vertex -10.498216326790683 3.7563218653232537 1.2
      vertex -10.301256787500847 4.266920270870751 1.2
      vertex -10.301256787500847 4.266920270870751 3.2
    endloop
  endfacet
  facet normal 0.9142097557035306 -0.40524131400499 -1.680332728711553e-18
    outer loop
      vertex -10.301256787500847 4.266920270870751 1.2
      vertex -10.079480618326393 4.767239291747646 1.2
      vertex -10.079480618326393 4.767239291747646 3.2
    endloop
  endfacet
  facet normal 0.8932243011955164 -0.4496113296546044 -2.2340883906066693e-18
    outer loop
      vertex -10.079480618326393 4.767239291747646 1.2
      vertex -9.83342209748416 5.256073615609874 1.2
      vertex -9.83342209748416 5.256073615609874 3.2
    endloop
  endfacet
  facet normal 0.87008699110871 -0.49289819222978654 -7.650231655215133e-18
    outer loop
      vertex -9.83342209748416 5.256073615609874 1.2
      vertex -9.563674001503033 5.732245597754423 1.2
      vertex -9.563674001503033 5.732245597754423 3.2
    endloop
  endfacet
  facet normal 0 0 1
    outer loop
      vertex -9.270886177173379 -6.1946080981685645 1.2
      vertex -9.1 0 1.2
      vertex -8.955763976009191 6.642047245090632 1.2
    endloop
  endfacet
  facet normal 0 0 1
    outer loop
      vertex -9.563674001503033 -5.732245597754423 1.2
      vertex -9.270886177173379 6.1946080981685645 1.2
      vertex -9.563674001503033 5.732245597754423 1.2
    endloop
  endfacet
  facet normal 0 0 1
    outer loop
      vertex -9.270886177173379 -6.1946080981685645 1.2
      vertex -8.955763976009191 6.642047245090632 1.2
      vertex -9.270886177173379 6.1946080981685645 1.2
    endloop
  endfacet
  facet normal 0 0 1
    outer loop
      vertex -9.1 0 1.2
      vertex -9.08903865146707 0.4465158363795039 1.2
      vertex -8.955763976009191 6.642047245090632 1.2
    endloop
  endfacet
  facet normal 0 0 1
    outer loop
      vertex -9.08903865146707 0.4465158363795039 1.2
      vertex -9.056181012716992 0.8919559769990014 1.2
      vertex -8.955763976009191 6.642047245090632 1.2
    endloop
  endfacet
  facet normal 0 0 1
    outer loop
      vertex -9.056181012716992 0.8919559769990014 1.2
      vertex -9.001506240679507 1.3352473175437918 1.2
      vertex -8.955763976009191 6.642047245090632 1.2
    endloop
  endfacet
  facet normal 0 0 1
    outer loop
      vertex -9.001506240679507 1.3352473175437918 1.2
      vertex -8.925146051669397 1.7753219303467669 1.2
      vertex -8.955763976009191 6.642047245090632 1.2
    endloop
  endfacet
  facet normal 0 0 1
    outer loop
      vertex -8.925146051669397 1.7753219303467669 1.2
      vertex -8.82728440407035 2.211119637119701 1.2
      vertex -8.955763976009191 6.642047245090632 1.2
    endloop
  endfacet
  facet normal 0 0 1
    outer loop
      vertex -8.82728440407035 2.211119637119701 1.2
      vertex -8.7081570551631 2.641590563015607 1.2
      vertex -8.955763976009191 6.642047245090632 1.2
    endloop
  endfacet
  facet normal 0 0 1
    outer loop
      vertex -8.7081570551631 2.641590563015607 1.2
      vertex -8.568050993165489 3.0656976658692026 1.2
      vertex -8.619066554994518 7.073485118424648 1.2
    endloop
  endfacet
  facet normal 0 0 1
    outer loop
      vertex -8.568050993165489 3.0656976658692026 1.2
      vertex -8.407303745852708 3.482419234522317 1.2
      vertex -8.619066554994518 7.073485118424648 1.2
    endloop
  endfacet
  facet normal 0 0 1
    outer loop
      vertex -8.407303745852708 3.482419234522317 1.2
      vertex -8.226302567423334 3.8907513502155666 1.2
      vertex -8.619066554994518 7.073485118424648 1.2
    endloop
  endfacet
  facet normal 0 0 1
    outer loop
      vertex -8.7081570551631 2.641590563015607 1.2
      vertex -8.619066554994518 7.073485118424648 1.2
      vertex -8.955763976009191 6.642047245090632 1.2
    endloop
  endfacet
  facet normal 0 0 1
    outer loop
      vertex -8.226302567423334 3.8907513502155666 1.2
      vertex -8.02548350557003 4.289710305116579 1.2
      vertex -8.261605047707794 7.487882346544255 1.2
    endloop
  endfacet
  facet normal 0 0 1
    outer loop
      vertex -8.02548350557003 4.289710305116579 1.2
      vertex -7.805330351002475 4.678334972158318 1.2
      vertex -8.261605047707794 7.487882346544255 1.2
    endloop
  endfacet
  facet normal 0 0 1
    outer loop
      vertex -8.226302567423334 3.8907513502155666 1.2
      vertex -8.261605047707794 7.487882346544255 1.2
      vertex -8.619066554994518 7.073485118424648 1.2
    endloop
  endfacet
  facet normal 0.8448535652497068 -0.5349976198870975 -1.0538361038421134e-17
    outer loop
      vertex -9.563674001503033 5.732245597754423 1.2
      vertex -9.270886177173379 6.1946080981685645 1.2
      vertex -9.270886177173379 6.1946080981685645 3.2
    endloop
  endfacet
  facet normal 0 0 1
    outer loop
      vertex -7.805330351002475 4.678334972158318 1.2
      vertex -7.5663734719531615 5.055689120478379 1.2
      vertex -7.884240610230005 7.884240610230005 1.2
    endloop
  endfacet
  facet normal 0 0 1
    outer loop
      vertex -7.5663734719531615 5.055689120478379 1.2
      vertex -7.309188536473869 5.420863670881143 1.2
      vertex -7.487882346544255 8.261605047707794 1.2
    endloop
  endfacet
  facet normal 0.9996988186962042 -0.024541228522911407 0
    outer loop
      vertex -11.15 0 1.2
      vertex -11.136569336687673 0.5471045687507109 3.2
      vertex -11.15 0 3.2
    endloop
  endfacet
  facet normal 0.9972904566786902 -0.073564563599669 0
    outer loop
      vertex -11.136569336687673 0.5471045687507109 1.2
      vertex -11.096309702394995 1.0928911146746008 3.2
      vertex -11.136569336687673 0.5471045687507109 3.2
    endloop
  endfacet
  facet normal 0.9924795345987101 -0.1224106751992161 0
    outer loop
      vertex -11.096309702394995 1.0928911146746008 1.2
      vertex -11.029318086107308 1.6360447901772834 3.2
      vertex -11.096309702394995 1.0928911146746008 3.2
    endloop
  endfacet
  facet normal 0.9852776423889411 -0.17096188876030186 0
    outer loop
      vertex -11.029318086107308 1.6360447901772834 1.2
      vertex -10.93575587649602 2.17525709047983 3.2
      vertex -11.029318086107308 1.6360447901772834 3.2
    endloop
  endfacet
  facet normal 0.9757021300385287 -0.2191012401568684 0
    outer loop
      vertex -10.93575587649602 2.17525709047983 1.2
      vertex -10.815848473119166 2.7092290059213924 3.2
      vertex -10.93575587649602 2.17525709047983 3.2
    endloop
  endfacet
  facet normal 0.9637760657954393 -0.2667127574749005 0
    outer loop
      vertex -10.815848473119166 2.7092290059213924 1.2
      vertex -10.669884743414128 3.236674151387255 3.2
      vertex -10.815848473119166 2.7092290059213924 3.2
    endloop
  endfacet
  facet normal 0 0 -1
    outer loop
      vertex -11.136569336687673 -0.5471045687507109 3.2
      vertex -11.15 0 3.2
      vertex -11.136569336687673 0.5471045687507109 3.2
    endloop
  endfacet
  facet normal 0 0 -1
    outer loop
      vertex -11.096309702394995 -1.0928911146746008 3.2
      vertex -11.136569336687673 0.5471045687507109 3.2
      vertex -11.096309702394995 1.0928911146746008 3.2
    endloop
  endfacet
  facet normal 0 0 -1
    outer loop
      vertex -11.029318086107308 -1.6360447901772834 3.2
      vertex -11.096309702394995 1.0928911146746008 3.2
      vertex -11.029318086107308 1.6360447901772834 3.2
    endloop
  endfacet
  facet normal 0 0 -1
    outer loop
      vertex -10.93575587649602 -2.17525709047983 3.2
      vertex -11.029318086107308 1.6360447901772834 3.2
      vertex -10.93575587649602 2.17525709047983 3.2
    endloop
  endfacet
  facet normal 0 0 -1
    outer loop
      vertex -10.815848473119166 -2.7092290059213924 3.2
      vertex -10.93575587649602 2.17525709047983 3.2
      vertex -10.815848473119166 2.7092290059213924 3.2
    endloop
  endfacet
  facet normal 0 0 -1
    outer loop
      vertex -10.669884743414128 -3.236674151387255 3.2
      vertex -10.815848473119166 2.7092290059213924 3.2
      vertex -10.669884743414128 3.236674151387255 3.2
    endloop
  endfacet
  facet normal 0 0 -1
    outer loop
      vertex -10.498216326790683 -3.7563218653232537 3.2
      vertex -10.669884743414128 3.236674151387255 3.2
      vertex -10.498216326790683 3.7563218653232537 3.2
    endloop
  endfacet
  facet normal 0 0 -1
    outer loop
      vertex -10.301256787500847 -4.266920270870751 3.2
      vertex -10.498216326790683 3.7563218653232537 3.2
      vertex -10.301256787500847 4.266920270870751 3.2
    endloop
  endfacet
  facet normal 0 0 -1
    outer loop
      vertex -10.079480618326393 -4.767239291747646 3.2
      vertex -10.301256787500847 4.266920270870751 3.2
      vertex -10.079480618326393 4.767239291747646 3.2
    endloop
  endfacet
  facet normal 0 0 -1
    outer loop
      vertex -9.83342209748416 -5.256073615609874 3.2
      vertex -10.079480618326393 4.767239291747646 3.2
      vertex -9.83342209748416 5.256073615609874 3.2
    endloop
  endfacet
  facet normal 0 0 -1
    outer loop
      vertex -9.563674001503033 -5.732245597754423 3.2
      vertex -9.83342209748416 5.256073615609874 3.2
      vertex -9.563674001503033 5.732245597754423 3.2
    endloop
  endfacet
  facet normal 0.9495281805930377 -0.31368174039888835 0
    outer loop
      vertex -10.669884743414128 3.236674151387255 1.2
      vertex -10.498216326790683 3.7563218653232537 3.2
      vertex -10.669884743414128 3.236674151387255 3.2
    endloop
  endfacet
  facet normal 0.9329927988347383 -0.3598950365349899 0
    outer loop
      vertex -10.498216326790683 3.7563218653232537 1.2
      vertex -10.301256787500847 4.266920270870751 3.2
      vertex -10.498216326790683 3.7563218653232537 3.2
    endloop
  endfacet
  facet normal 0.9142097557035306 -0.40524131400499 0
    outer loop
      vertex -10.301256787500847 4.266920270870751 1.2
      vertex -10.079480618326393 4.767239291747646 3.2
      vertex -10.301256787500847 4.266920270870751 3.2
    endloop
  endfacet
  facet normal 0.8932243011955164 -0.4496113296546044 0
    outer loop
      vertex -10.079480618326393 4.767239291747646 1.2
      vertex -9.83342209748416 5.256073615609874 3.2
      vertex -10.079480618326393 4.767239291747646 3.2
    endloop
  endfacet
  facet normal 0.87008699110871 -0.49289819222978654 0
    outer loop
      vertex -9.83342209748416 5.256073615609874 1.2
      vertex -9.563674001503033 5.732245597754423 3.2
      vertex -9.83342209748416 5.256073615609874 3.2
    endloop
  endfacet
  facet normal 0 0 -1
    outer loop
      vertex -9.270886177173379 -6.1946080981685645 3.2
      vertex -9.563674001503033 5.732245597754423 3.2
      vertex -9.270886177173379 6.1946080981685645 3.2
    endloop
  endfacet
  facet normal 0 0 -1
    outer loop
      vertex -9.08903865146707 -0.4465158363795039 3.2
      vertex -9.270886177173379 6.1946080981685645 3.2
      vertex -9.1 0 3.2
    endloop
  endfacet
  facet normal 0 0 -1
    outer loop
      vertex -9.1 0 3.2
      vertex -9.270886177173379 6.1946080981685645 3.2
      vertex -9.08903865146707 0.4465158363795039 3.2
    endloop
  endfacet
  facet normal 0 0 -1
    outer loop
      vertex -9.08903865146707 0.4465158363795039 3.2
      vertex -9.270886177173379 6.1946080981685645 3.2
      vertex -9.056181012716992 0.8919559769990014 3.2
    endloop
  endfacet
  facet normal 0 0 -1
    outer loop
      vertex -9.056181012716992 0.8919559769990014 3.2
      vertex -9.270886177173379 6.1946080981685645 3.2
      vertex -9.001506240679507 1.3352473175437918 3.2
    endloop
  endfacet
  facet normal 0.8448535652497068 -0.5349976198870975 0
    outer loop
      vertex -9.563674001503033 5.732245597754423 1.2
      vertex -9.270886177173379 6.1946080981685645 3.2
      vertex -9.563674001503033 5.732245597754423 3.2
    endloop
  endfacet
  facet normal 0.8175848131515845 -0.5758081914178441 0
    outer loop
      vertex -9.270886177173379 6.1946080981685645 1.2
      vertex -8.955763976009191 6.642047245090632 3.2
      vertex -9.270886177173379 6.1946080981685645 3.2
    endloop
  endfacet
  facet normal 0 0 -1
    outer loop
      vertex -9.001506240679507 1.3352473175437918 3.2
      vertex -8.955763976009191 6.642047245090632 3.2
      vertex -8.925146051669397 1.7753219303467669 3.2
    endloop
  endfacet
  facet normal 0 0 -1
    outer loop
      vertex -8.925146051669397 1.7753219303467669 3.2
      vertex -8.955763976009191 6.642047245090632 3.2
      vertex -8.82728440407035 2.211119637119701 3.2
    endloop
  endfacet
  facet normal 0 0 -1
    outer loop
      vertex -8.82728440407035 2.211119637119701 3.2
      vertex -8.955763976009191 6.642047245090632 3.2
      vertex -8.7081570551631 2.641590563015607 3.2
    endloop
  endfacet
  facet normal 0 0 -1
    outer loop
      vertex -9.001506240679507 1.3352473175437918 3.2
      vertex -9.270886177173379 6.1946080981685645 3.2
      vertex -8.955763976009191 6.642047245090632 3.2
    endloop
  endfacet
  facet normal 0 0 -1
    outer loop
      vertex -8.7081570551631 2.641590563015607 3.2
      vertex -8.619066554994518 7.073485118424648 3.2
      vertex -8.568050993165489 3.0656976658692026 3.2
    endloop
  endfacet
  facet normal 0 0 -1
    outer loop
      vertex -8.568050993165489 3.0656976658692026 3.2
      vertex -8.619066554994518 7.073485118424648 3.2
      vertex -8.407303745852708 3.482419234522317 3.2
    endloop
  endfacet
  facet normal 0 0 -1
    outer loop
      vertex -8.7081570551631 2.641590563015607 3.2
      vertex -8.955763976009191 6.642047245090632 3.2
      vertex -8.619066554994518 7.073485118424648 3.2
    endloop
  endfacet
  facet normal 0 0 -1
    outer loop
      vertex -8.407303745852708 3.482419234522317 3.2
      vertex -8.261605047707794 7.487882346544255 3.2
      vertex -8.226302567423334 3.8907513502155666 3.2
    endloop
  endfacet
  facet normal 0 0 -1
    outer loop
      vertex -8.226302567423334 3.8907513502155666 3.2
      vertex -8.261605047707794 7.487882346544255 3.2
      vertex -8.02548350557003 4.289710305116579 3.2
    endloop
  endfacet
  facet normal 0 0 -1
    outer loop
      vertex -8.407303745852708 3.482419234522317 3.2
      vertex -8.619066554994518 7.073485118424648 3.2
      vertex -8.261605047707794 7.487882346544255 3.2
    endloop
  endfacet
  facet normal 0 0 -1
    outer loop
      vertex -8.02548350557003 4.289710305116579 3.2
      vertex -7.884240610230005 7.884240610230005 3.2
      vertex -7.805330351002475 4.678334972158318 3.2
    endloop
  endfacet
  facet normal 0 0 -1
    outer loop
      vertex -7.805330351002475 4.678334972158318 3.2
      vertex -7.884240610230005 7.884240610230005 3.2
      vertex -7.5663734719531615 5.055689120478379 3.2
    endloop
  endfacet
  facet normal 0 0 -1
    outer loop
      vertex -7.5663734719531615 5.055689120478379 3.2
      vertex -7.487882346544255 8.261605047707794 3.2
      vertex -7.309188536473869 5.420863670881143 3.2
    endloop
  endfacet
  facet normal 0.8175848131515845 -0.5758081914178441 -9.632412446026846e-18
    outer loop
      vertex -9.270886177173379 6.1946080981685645 1.2
      vertex -8.955763976009191 6.642047245090632 1.2
      vertex -8.955763976009191 6.642047245090632 3.2
    endloop
  endfacet
  facet normal 0.788346427626607 -0.615231590580626 2.8041835177485642e-18
    outer loop
      vertex -8.955763976009191 6.642047245090632 1.2
      vertex -8.619066554994518 7.073485118424648 1.2
      vertex -8.619066554994518 7.073485118424648 3.2
    endloop
  endfacet
  facet normal 0.7572088465064842 -0.6531728429537772 9.256535642724174e-18
    outer loop
      vertex -8.619066554994518 7.073485118424648 1.2
      vertex -8.261605047707794 7.487882346544255 1.2
      vertex -8.261605047707794 7.487882346544255 3.2
    endloop
  endfacet
  facet normal 0.7242470829514669 -0.6895405447370669 -7.312230006259916e-18
    outer loop
      vertex -8.261605047707794 7.487882346544255 1.2
      vertex -7.884240610230005 7.884240610230005 1.2
      vertex -7.884240610230005 7.884240610230005 3.2
    endloop
  endfacet
  facet normal 0 0 1
    outer loop
      vertex -7.805330351002475 4.678334972158318 1.2
      vertex -7.884240610230005 7.884240610230005 1.2
      vertex -8.261605047707794 7.487882346544255 1.2
    endloop
  endfacet
  facet normal 0 0 1
    outer loop
      vertex -7.5663734719531615 5.055689120478379 1.2
      vertex -7.487882346544255 8.261605047707794 1.2
      vertex -7.884240610230005 7.884240610230005 1.2
    endloop
  endfacet
  facet normal 0 0 1
    outer loop
      vertex -7.309188536473869 5.420863670881143 1.2
      vertex -7.0343951256009065 5.772978885889174 1.2
      vertex -7.487882346544255 8.261605047707794 1.2
    endloop
  endfacet
  facet normal 0 0 1
    outer loop
      vertex -7.0343951256009065 5.772978885889174 1.2
      vertex -6.7426552407301275 6.111186489107868 1.2
      vertex -7.073485118424648 8.619066554994518 1.2
    endloop
  endfacet
  facet normal 0 0 1
    outer loop
      vertex -6.7426552407301275 6.111186489107868 1.2
      vertex -6.434671708797583 6.434671708797583 1.2
      vertex -7.073485118424648 8.619066554994518 1.2
    endloop
  endfacet
  facet normal 0 0 1
    outer loop
      vertex -7.0343951256009065 5.772978885889174 1.2
      vertex -7.073485118424648 8.619066554994518 1.2
      vertex -7.487882346544255 8.261605047707794 1.2
    endloop
  endfacet
  facet normal 0 0 1
    outer loop
      vertex -6.434671708797583 6.434671708797583 1.2
      vertex -6.642047245090632 8.955763976009191 1.2
      vertex -7.073485118424648 8.619066554994518 1.2
    endloop
  endfacet
  facet normal 0.6895405447370669 -0.7242470829514669 0
    outer loop
      vertex -7.884240610230005 7.884240610230005 1.2
      vertex -7.487882346544255 8.261605047707794 1.2
      vertex -7.884240610230005 7.884240610230005 3.2
    endloop
  endfacet
  facet normal 0.6531728429537772 -0.7572088465064842 0
    outer loop
      vertex -7.487882346544255 8.261605047707794 1.2
      vertex -7.073485118424648 8.619066554994518 1.2
      vertex -7.487882346544255 8.261605047707794 3.2
    endloop
  endfacet
  facet normal 0.615231590580626 -0.788346427626607 0
    outer loop
      vertex -7.073485118424648 8.619066554994518 1.2
      vertex -6.642047245090632 8.955763976009191 1.2
      vertex -7.073485118424648 8.619066554994518 3.2
    endloop
  endfacet
  facet normal 0.5758081914178441 -0.8175848131515845 0
    outer loop
      vertex -6.642047245090632 8.955763976009191 1.2
      vertex -6.1946080981685645 9.270886177173379 1.2
      vertex -6.642047245090632 8.955763976009191 3.2
    endloop
  endfacet
  facet normal 0.788346427626607 -0.615231590580626 0
    outer loop
      vertex -8.955763976009191 6.642047245090632 1.2
      vertex -8.619066554994518 7.073485118424648 3.2
      vertex -8.955763976009191 6.642047245090632 3.2
    endloop
  endfacet
  facet normal 0.7572088465064842 -0.6531728429537772 0
    outer loop
      vertex -8.619066554994518 7.073485118424648 1.2
      vertex -8.261605047707794 7.487882346544255 3.2
      vertex -8.619066554994518 7.073485118424648 3.2
    endloop
  endfacet
  facet normal 0.7242470829514669 -0.6895405447370669 0
    outer loop
      vertex -8.261605047707794 7.487882346544255 1.2
      vertex -7.884240610230005 7.884240610230005 3.2
      vertex -8.261605047707794 7.487882346544255 3.2
    endloop
  endfacet
  facet normal 0.6895405447370669 -0.7242470829514669 0
    outer loop
      vertex -7.487882346544255 8.261605047707794 1.2
      vertex -7.487882346544255 8.261605047707794 3.2
      vertex -7.884240610230005 7.884240610230005 3.2
    endloop
  endfacet
  facet normal 0.6531728429537772 -0.7572088465064842 0
    outer loop
      vertex -7.073485118424648 8.619066554994518 1.2
      vertex -7.073485118424648 8.619066554994518 3.2
      vertex -7.487882346544255 8.261605047707794 3.2
    endloop
  endfacet
  facet normal 0.615231590580626 -0.788346427626607 0
    outer loop
      vertex -6.642047245090632 8.955763976009191 1.2
      vertex -6.642047245090632 8.955763976009191 3.2
      vertex -7.073485118424648 8.619066554994518 3.2
    endloop
  endfacet
  facet normal 0 0 -1
    outer loop
      vertex -8.02548350557003 4.289710305116579 3.2
      vertex -8.261605047707794 7.487882346544255 3.2
      vertex -7.884240610230005 7.884240610230005 3.2
    endloop
  endfacet
  facet normal 0 0 -1
    outer loop
      vertex -7.5663734719531615 5.055689120478379 3.2
      vertex -7.884240610230005 7.884240610230005 3.2
      vertex -7.487882346544255 8.261605047707794 3.2
    endloop
  endfacet
  facet normal 0 0 -1
    outer loop
      vertex -7.309188536473869 5.420863670881143 3.2
      vertex -7.487882346544255 8.261605047707794 3.2
      vertex -7.073485118424648 8.619066554994518 3.2
    endloop
  endfacet
  facet normal 0 0 -1
    outer loop
      vertex -7.309188536473869 5.420863670881143 3.2
      vertex -7.073485118424648 8.619066554994518 3.2
      vertex -7.0343951256009065 5.772978885889174 3.2
    endloop
  endfacet
  facet normal 0 0 -1
    outer loop
      vertex -7.0343951256009065 5.772978885889174 3.2
      vertex -7.073485118424648 8.619066554994518 3.2
      vertex -6.7426552407301275 6.111186489107868 3.2
    endloop
  endfacet
  facet normal 0 0 -1
    outer loop
      vertex -6.7426552407301275 6.111186489107868 3.2
      vertex -6.642047245090632 8.955763976009191 3.2
      vertex -6.434671708797583 6.434671708797583 3.2
    endloop
  endfacet
  facet normal 0 0 -1
    outer loop
      vertex -6.7426552407301275 6.111186489107868 3.2
      vertex -7.073485118424648 8.619066554994518 3.2
      vertex -6.642047245090632 8.955763976009191 3.2
    endloop
  endfacet
  facet normal 0 0 -1
    outer loop
      vertex -6.434671708797583 6.434671708797583 3.2
      vertex -6.642047245090632 8.955763976009191 3.2
      vertex -6.1946080981685645 9.270886177173379 3.2
    endloop
  endfacet
  facet normal 0 0 1
    outer loop
      vertex -6.434671708797583 6.434671708797583 1.2
      vertex -6.111186489107868 6.7426552407301275 1.2
      vertex -6.642047245090632 8.955763976009191 1.2
    endloop
  endfacet
  facet normal 0 0 1
    outer loop
      vertex -6.111186489107868 6.7426552407301275 1.2
      vertex -5.772978885889174 7.0343951256009065 1.2
      vertex -6.1946080981685645 9.270886177173379 1.2
    endloop
  endfacet
  facet normal 0 0 1
    outer loop
      vertex -5.772978885889174 7.0343951256009065 1.2
      vertex -5.420863670881143 7.309188536473869 1.2
      vertex -5.732245597754423 9.563674001503033 1.2
    endloop
  endfacet
  facet normal 0 0 1
    outer loop
      vertex -6.111186489107868 6.7426552407301275 1.2
      vertex -6.1946080981685645 9.270886177173379 1.2
      vertex -6.642047245090632 8.955763976009191 1.2
    endloop
  endfacet
  facet normal 0 0 1
    outer loop
      vertex -5.772978885889174 7.0343951256009065 1.2
      vertex -5.732245597754423 9.563674001503033 1.2
      vertex -6.1946080981685645 9.270886177173379 1.2
    endloop
  endfacet
  facet normal 0.5349976198870976 -0.8448535652497068 -1.8280119698139943e-16
    outer loop
      vertex -6.1946080981685645 9.270886177173379 1.2
      vertex -5.732245597754423 9.563674001503033 1.2
      vertex -6.148632347812312 9.299999999999999 2
    endloop
  endfacet
  facet normal 0 0 1
    outer loop
      vertex -5.732245597754423 9.563674001503033 1.2
      vertex -5.420863670881143 7.309188536473869 1.2
      vertex -5.055689120478379 7.5663734719531615 1.2
    endloop
  endfacet
  facet normal 0 0 1
    outer loop
      vertex -5.055689120478379 7.5663734719531615 1.2
      vertex -4.678334972158318 7.805330351002475 1.2
      vertex -5.256073615609874 9.83342209748416 1.2
    endloop
  endfacet
  facet normal 0 0 1
    outer loop
      vertex -5.732245597754423 9.563674001503033 1.2
      vertex -5.055689120478379 7.5663734719531615 1.2
      vertex -5.256073615609874 9.83342209748416 1.2
    endloop
  endfacet
  facet normal 0 0 1
    outer loop
      vertex -4.678334972158318 7.805330351002475 1.2
      vertex -4.767239291747646 10.079480618326393 1.2
      vertex -5.256073615609874 9.83342209748416 1.2
    endloop
  endfacet
  facet normal 0.5349976198870978 -0.8448535652497067 0
    outer loop
      vertex -5.732245597754423 9.563674001503033 1.2
      vertex -5.732245597754423 9.563674001503033 2
      vertex -6.148632347812312 9.299999999999999 2
    endloop
  endfacet
  facet normal 0 0 1
    outer loop
      vertex -4.678334972158318 7.805330351002475 1.2
      vertex -4.289710305116579 8.02548350557003 1.2
      vertex -4.767239291747646 10.079480618326393 1.2
    endloop
  endfacet
  facet normal 0 0 1
    outer loop
      vertex -4.289710305116579 8.02548350557003 1.2
      vertex -4.266920270870751 10.301256787500847 1.2
      vertex -4.767239291747646 10.079480618326393 1.2
    endloop
  endfacet
  facet normal 0 0 1
    outer loop
      vertex -4.289710305116579 8.02548350557003 1.2
      vertex -3.8907513502155666 8.226302567423334 1.2
      vertex -4.266920270870751 10.301256787500847 1.2
    endloop
  endfacet
  facet normal 0 0 1
    outer loop
      vertex -3.8907513502155666 8.226302567423334 1.2
      vertex -3.482419234522317 8.407303745852708 1.2
      vertex -4.266920270870751 10.301256787500847 1.2
    endloop
  endfacet
  facet normal 0 0 1
    outer loop
      vertex -3.7563218653232537 10.498216326790683 1.2
      vertex -3.482419234522317 8.407303745852708 1.2
      vertex -3.0656976658692026 8.568050993165489 1.2
    endloop
  endfacet
  facet normal 0.49289819222978654 -0.87008699110871 0
    outer loop
      vertex -5.732245597754423 9.563674001503033 1.2
      vertex -5.256073615609874 9.83342209748416 1.2
      vertex -5.732245597754423 9.563674001503033 2
    endloop
  endfacet
  facet normal 0.4496113296546044 -0.8932243011955163 0
    outer loop
      vertex -5.256073615609874 9.83342209748416 1.2
      vertex -4.767239291747646 10.079480618326393 1.2
      vertex -5.256073615609874 9.83342209748416 2
    endloop
  endfacet
  facet normal 0.49289819222978654 -0.87008699110871 -1.9125579138037835e-17
    outer loop
      vertex -5.732245597754423 9.563674001503033 2
      vertex -5.256073615609874 9.83342209748416 1.2
      vertex -5.256073615609874 9.83342209748416 2
    endloop
  endfacet
  facet normal 0.4496113296546044 -0.8932243011955163 0
    outer loop
      vertex -4.767239291747646 10.079480618326393 1.2
      vertex -4.767239291747646 10.079480618326393 2
      vertex -5.256073615609874 9.83342209748416 2
    endloop
  endfacet
  facet normal 0.40524131400499 -0.9142097557035305 0
    outer loop
      vertex -4.767239291747646 10.079480618326393 1.2
      vertex -4.266920270870751 10.301256787500847 1.2
      vertex -4.767239291747646 10.079480618326393 2
    endloop
  endfacet
  facet normal 0.35989503653498994 -0.9329927988347382 0
    outer loop
      vertex -4.266920270870751 10.301256787500847 1.2
      vertex -3.7563218653232537 10.498216326790683 1.2
      vertex -4.266920270870751 10.301256787500847 2
    endloop
  endfacet
  facet normal 0 0 1
    outer loop
      vertex -4.266920270870751 10.301256787500847 1.2
      vertex -3.482419234522317 8.407303745852708 1.2
      vertex -3.7563218653232537 10.498216326790683 1.2
    endloop
  endfacet
  facet normal 0 0 1
    outer loop
      vertex -3.7563218653232537 10.498216326790683 1.2
      vertex -3.0656976658692026 8.568050993165489 1.2
      vertex -3.236674151387255 10.669884743414128 1.2
    endloop
  endfacet
  facet normal 0.31368174039888835 -0.9495281805930377 0
    outer loop
      vertex -3.7563218653232537 10.498216326790683 1.2
      vertex -3.236674151387255 10.669884743414128 1.2
      vertex -3.7563218653232537 10.498216326790683 2
    endloop
  endfacet
  facet normal 0.40524131400499 -0.9142097557035305 0
    outer loop
      vertex -4.266920270870751 10.301256787500847 1.2
      vertex -4.266920270870751 10.301256787500847 2
      vertex -4.767239291747646 10.079480618326393 2
    endloop
  endfacet
  facet normal 0.35989503653498994 -0.9329927988347382 -1.4345427338484734e-17
    outer loop
      vertex -4.266920270870751 10.301256787500847 2
      vertex -3.7563218653232537 10.498216326790683 1.2
      vertex -3.7563218653232537 10.498216326790683 2
    endloop
  endfacet
  facet normal 0.31368174039888835 -0.9495281805930377 4.718233269406886e-19
    outer loop
      vertex -3.7563218653232537 10.498216326790683 2
      vertex -3.236674151387255 10.669884743414128 1.2
      vertex -3.236674151387255 10.669884743414128 2
    endloop
  endfacet
  facet normal 0 0 1
    outer loop
      vertex -3.0656976658692026 8.568050993165489 1.2
      vertex -2.641590563015607 8.7081570551631 1.2
      vertex -3.236674151387255 10.669884743414128 1.2
    endloop
  endfacet
  facet normal 0 0 1
    outer loop
      vertex -2.641590563015607 8.7081570551631 1.2
      vertex -2.211119637119701 8.82728440407035 1.2
      vertex -2.7092290059213924 10.815848473119166 1.2
    endloop
  endfacet
  facet normal 0 0 1
    outer loop
      vertex -2.211119637119701 8.82728440407035 1.2
      vertex -1.7753219303467669 8.925146051669397 1.2
      vertex -2.17525709047983 10.93575587649602 1.2
    endloop
  endfacet
  facet normal 0 0 1
    outer loop
      vertex -3.236674151387255 10.669884743414128 1.2
      vertex -2.641590563015607 8.7081570551631 1.2
      vertex -2.7092290059213924 10.815848473119166 1.2
    endloop
  endfacet
  facet normal 0.2667127574749005 -0.9637760657954393 0
    outer loop
      vertex -3.236674151387255 10.669884743414128 1.2
      vertex -2.7092290059213924 10.815848473119166 1.2
      vertex -3.236674151387255 10.669884743414128 2
    endloop
  endfacet
  facet normal 0.21910124015686844 -0.9757021300385288 0
    outer loop
      vertex -2.7092290059213924 10.815848473119166 1.2
      vertex -2.17525709047983 10.93575587649602 1.2
      vertex -2.7092290059213924 10.815848473119166 2
    endloop
  endfacet
  facet normal 0 0 1
    outer loop
      vertex -2.211119637119701 8.82728440407035 1.2
      vertex -2.17525709047983 10.93575587649602 1.2
      vertex -2.7092290059213924 10.815848473119166 1.2
    endloop
  endfacet
  facet normal 0 0 1
    outer loop
      vertex -1.7753219303467669 8.925146051669397 1.2
      vertex -1.3352473175437918 9.001506240679507 1.2
      vertex -2.17525709047983 10.93575587649602 1.2
    endloop
  endfacet
  facet normal 0 0 1
    outer loop
      vertex -2.17525709047983 10.93575587649602 1.2
      vertex -1.3352473175437918 9.001506240679507 1.2
      vertex -1.6360447901772834 11.029318086107308 1.2
    endloop
  endfacet
  facet normal 0.17096188876030183 -0.9852776423889411 0
    outer loop
      vertex -2.17525709047983 10.93575587649602 1.2
      vertex -1.6360447901772834 11.029318086107308 1.2
      vertex -2.17525709047983 10.93575587649602 2
    endloop
  endfacet
  facet normal 0.2667127574749005 -0.9637760657954393 -1.0673071540543102e-17
    outer loop
      vertex -3.236674151387255 10.669884743414128 2
      vertex -2.7092290059213924 10.815848473119166 1.2
      vertex -2.7092290059213924 10.815848473119166 2
    endloop
  endfacet
  facet normal 0.21910124015686844 -0.9757021300385288 0
    outer loop
      vertex -2.17525709047983 10.93575587649602 1.2
      vertex -2.17525709047983 10.93575587649602 2
      vertex -2.7092290059213924 10.815848473119166 2
    endloop
  endfacet
  facet normal 0.17096188876030183 -0.9852776423889411 0
    outer loop
      vertex -1.6360447901772834 11.029318086107308 1.2
      vertex -1.6360447901772834 11.029318086107308 2
      vertex -2.17525709047983 10.93575587649602 2
    endloop
  endfacet
  facet normal 0 0 1
    outer loop
      vertex -1.6360447901772834 11.029318086107308 1.2
      vertex -1.3352473175437918 9.001506240679507 1.2
      vertex -0.8919559769990014 9.056181012716992 1.2
    endloop
  endfacet
  facet normal 0 0 1
    outer loop
      vertex -1.6360447901772834 11.029318086107308 1.2
      vertex -0.8919559769990014 9.056181012716992 1.2
      vertex -1.0928911146746008 11.096309702394995 1.2
    endloop
  endfacet
  facet normal 0 0 1
    outer loop
      vertex -0.8919559769990014 9.056181012716992 1.2
      vertex -0.4465158363795039 9.08903865146707 1.2
      vertex -1.0928911146746008 11.096309702394995 1.2
    endloop
  endfacet
  facet normal 0.12241067519921608 -0.99247953459871 0
    outer loop
      vertex -1.6360447901772834 11.029318086107308 1.2
      vertex -1.0928911146746008 11.096309702394995 1.2
      vertex -1.6360447901772834 11.029318086107308 2
    endloop
  endfacet
  facet normal 0.073564563599669 -0.9972904566786901 0
    outer loop
      vertex -1.0928911146746008 11.096309702394995 1.2
      vertex -0.5471045687507109 11.136569336687673 1.2
      vertex -1.0928911146746008 11.096309702394995 2
    endloop
  endfacet
  facet normal 0 0 1
    outer loop
      vertex -0.4465158363795039 9.08903865146707 1.2
      vertex 0 9.1 1.2
      vertex -0.5471045687507109 11.136569336687673 1.2
    endloop
  endfacet
  facet normal 0 0 1
    outer loop
      vertex -0.4465158363795039 9.08903865146707 1.2
      vertex -0.5471045687507109 11.136569336687673 1.2
      vertex -1.0928911146746008 11.096309702394995 1.2
    endloop
  endfacet
  facet normal 0 0 1
    outer loop
      vertex -0.5471045687507109 11.136569336687673 1.2
      vertex 0 9.1 1.2
      vertex 0 11.15 1.2
    endloop
  endfacet
  facet normal 0.02454122852291141 -0.9996988186962042 0
    outer loop
      vertex -0.5471045687507109 11.136569336687673 1.2
      vertex 0 11.15 1.2
      vertex -0.5471045687507109 11.136569336687673 2
    endloop
  endfacet
  facet normal 0.12241067519921608 -0.99247953459871 1.4222543406187736e-18
    outer loop
      vertex -1.6360447901772834 11.029318086107308 2
      vertex -1.0928911146746008 11.096309702394995 1.2
      vertex -1.0928911146746008 11.096309702394995 2
    endloop
  endfacet
  facet normal 0.073564563599669 -0.9972904566786901 0
    outer loop
      vertex -0.5471045687507109 11.136569336687673 1.2
      vertex -0.5471045687507109 11.136569336687673 2
      vertex -1.0928911146746008 11.096309702394995 2
    endloop
  endfacet
  facet normal 0.02454122852291141 -0.9996988186962042 -4.684838693743191e-19
    outer loop
      vertex -0.5471045687507109 11.136569336687673 2
      vertex 0 11.15 1.2
      vertex 0 11.15 2
    endloop
  endfacet
  facet normal 0.5349976198870953 -0.8448535652497083 0
    outer loop
      vertex -6.1946080981685645 9.270886177173379 1.2
      vertex -6.148632347812312 9.299999999999999 2
      vertex -6.1946080981685645 9.270886177173379 3.2
    endloop
  endfacet
  facet normal 0.5758081914178441 -0.8175848131515845 0
    outer loop
      vertex -6.1946080981685645 9.270886177173379 1.2
      vertex -6.1946080981685645 9.270886177173379 3.2
      vertex -6.642047245090632 8.955763976009191 3.2
    endloop
  endfacet
  facet normal 0.5349976198870953 -0.8448535652497082 0
    outer loop
      vertex -6.148632347812312 9.299999999999999 2
      vertex -6.148632347812312 9.299999999999999 3.2
      vertex -6.1946080981685645 9.270886177173379 3.2
    endloop
  endfacet
  facet normal 0 0 -1
    outer loop
      vertex -6.434671708797583 6.434671708797583 3.2
      vertex -6.1946080981685645 9.270886177173379 3.2
      vertex -6.111186489107868 6.7426552407301275 3.2
    endloop
  endfacet
  facet normal 0 0 -1
    outer loop
      vertex -6.111186489107868 6.7426552407301275 3.2
      vertex -6.1946080981685645 9.270886177173379 3.2
      vertex -5.772978885889174 7.0343951256009065 3.2
    endloop
  endfacet
  facet normal 0 0 -1
    outer loop
      vertex -5.772978885889174 7.0343951256009065 3.2
      vertex -6.148632347812312 9.299999999999999 3.2
      vertex -5.420863670881143 7.309188536473869 3.2
    endloop
  endfacet
  facet normal 0 0 -1
    outer loop
      vertex -5.772978885889174 7.0343951256009065 3.2
      vertex -6.1946080981685645 9.270886177173379 3.2
      vertex -6.148632347812312 9.299999999999999 3.2
    endloop
  endfacet
  facet normal 0 0 -1
    outer loop
      vertex -6.148632347812312 9.299999999999999 3.2
      vertex -5.055689120478379 7.5663734719531615 3.2
      vertex -5.420863670881143 7.309188536473869 3.2
    endloop
  endfacet
  facet normal 0 0 -1
    outer loop
      vertex -6.148632347812312 9.299999999999999 3.2
      vertex -4.678334972158318 7.805330351002475 3.2
      vertex -5.055689120478379 7.5663734719531615 3.2
    endloop
  endfacet
  facet normal 0 0 -1
    outer loop
      vertex -6.148632347812312 9.299999999999999 3.2
      vertex -4.289710305116579 8.02548350557003 3.2
      vertex -4.678334972158318 7.805330351002475 3.2
    endloop
  endfacet
  facet normal 0 0 -1
    outer loop
      vertex -6.148632347812312 9.299999999999999 3.2
      vertex -3.8907513502155666 8.226302567423334 3.2
      vertex -4.289710305116579 8.02548350557003 3.2
    endloop
  endfacet
  facet normal 0 0 -1
    outer loop
      vertex -6.148632347812312 9.299999999999999 3.2
      vertex -3.482419234522317 8.407303745852708 3.2
      vertex -3.8907513502155666 8.226302567423334 3.2
    endloop
  endfacet
  facet normal 0 0 -1
    outer loop
      vertex -6.148632347812312 9.299999999999999 3.2
      vertex -3.0656976658692026 8.568050993165489 3.2
      vertex -3.482419234522317 8.407303745852708 3.2
    endloop
  endfacet
  facet normal 0 0 -1
    outer loop
      vertex -6.148632347812312 9.299999999999999 3.2
      vertex -2.641590563015607 8.7081570551631 3.2
      vertex -3.0656976658692026 8.568050993165489 3.2
    endloop
  endfacet
  facet normal 0 0 -1
    outer loop
      vertex -6.148632347812312 9.299999999999999 3.2
      vertex -2.211119637119701 8.82728440407035 3.2
      vertex -2.641590563015607 8.7081570551631 3.2
    endloop
  endfacet
  facet normal 0 0 -1
    outer loop
      vertex -6.148632347812312 9.299999999999999 3.2
      vertex -1.7753219303467669 8.925146051669397 3.2
      vertex -2.211119637119701 8.82728440407035 3.2
    endloop
  endfacet
  facet normal 0 0 -1
    outer loop
      vertex -6.148632347812312 9.299999999999999 3.2
      vertex -1.3352473175437918 9.001506240679507 3.2
      vertex -1.7753219303467669 8.925146051669397 3.2
    endloop
  endfacet
  facet normal 0 0 -1
    outer loop
      vertex -6.148632347812312 9.299999999999999 3.2
      vertex -0.8919559769990014 9.056181012716992 3.2
      vertex -1.3352473175437918 9.001506240679507 3.2
    endloop
  endfacet
  facet normal 0 0 -1
    outer loop
      vertex -6.148632347812312 9.299999999999999 3.2
      vertex -0.4465158363795039 9.08903865146707 3.2
      vertex -0.8919559769990014 9.056181012716992 3.2
    endloop
  endfacet
  facet normal 0 0 -1
    outer loop
      vertex -6.148632347812312 9.299999999999999 3.2
      vertex 0 9.1 3.2
      vertex -0.4465158363795039 9.08903865146707 3.2
    endloop
  endfacet
  facet normal 0 0 1
    outer loop
      vertex 0 -11.15 1.2
      vertex 0.5471045687507109 -11.136569336687673 1.2
      vertex 0 -9.1 1.2
    endloop
  endfacet
  facet normal 0 0 1
    outer loop
      vertex 0.5471045687507109 -11.136569336687673 1.2
      vertex 1.0928911146746008 -11.096309702394995 1.2
      vertex 0.4465158363795039 -9.08903865146707 1.2
    endloop
  endfacet
  facet normal 0 0 1
    outer loop
      vertex 0.5471045687507109 -11.136569336687673 1.2
      vertex 0.4465158363795039 -9.08903865146707 1.2
      vertex 0 -9.1 1.2
    endloop
  endfacet
  facet normal 0 0 1
    outer loop
      vertex 1.0928911146746008 -11.096309702394995 1.2
      vertex 0.8919559769990014 -9.056181012716992 1.2
      vertex 0.4465158363795039 -9.08903865146707 1.2
    endloop
  endfacet
  facet normal 0 0 1
    outer loop
      vertex 1.0928911146746008 -11.096309702394995 1.2
      vertex 1.6360447901772834 -11.029318086107308 1.2
      vertex 0.8919559769990014 -9.056181012716992 1.2
    endloop
  endfacet
  facet normal 0 0 1
    outer loop
      vertex 0.8919559769990014 -9.056181012716992 1.2
      vertex 1.6360447901772834 -11.029318086107308 1.2
      vertex 1.3352473175437918 -9.001506240679507 1.2
    endloop
  endfacet
  facet normal -0.024541228522911407 0.9996988186962041 4.428368581881202e-16
    outer loop
      vertex 0 -11.15 1.2
      vertex 0.4242640687119285 -11.139584901702797 2.5757359312880714
      vertex 0.5471045687507109 -11.136569336687673 1.2
    endloop
  endfacet
  facet normal -0.02454122852290454 0.9996988186962045 0
    outer loop
      vertex 0 -11.15 1.2
      vertex 0 -11.15 2.4
      vertex 0.11705419320967694 -11.147126480844632 2.4115288317580617
    endloop
  endfacet
  facet normal -0.02454122852291124 0.9996988186962042 6.48024660841242e-16
    outer loop
      vertex 0 -11.15 1.2
      vertex 0.11705419320967694 -11.147126480844632 2.4115288317580617
      vertex 0.22961005941905385 -11.144363389418915 2.445672280493228
    endloop
  endfacet
  facet normal -0.024541228522927366 0.9996988186962039 3.621221963254322e-15
    outer loop
      vertex 0 -11.15 1.2
      vertex 0.22961005941905385 -11.144363389418915 2.445672280493228
      vertex 0.3333421398117613 -11.14181690977678 2.501118232618473
    endloop
  endfacet
  facet normal -0.024541228522893966 0.9996988186962048 -4.938606210785442e-15
    outer loop
      vertex 0 -11.15 1.2
      vertex 0.3333421398117613 -11.14181690977678 2.501118232618473
      vertex 0.4242640687119285 -11.139584901702797 2.5757359312880714
    endloop
  endfacet
  facet normal -0.12241067519921608 0.9924795345987101 8.579156022952144e-19
    outer loop
      vertex 1.0928911146746008 -11.096309702394995 1.2
      vertex 1.6360447901772834 -11.029318086107308 2.526241729898617
      vertex 1.6360447901772834 -11.029318086107308 1.2
    endloop
  endfacet
  facet normal -0.073564563599669 0.9972904566786902 2.54939210829234e-19
    outer loop
      vertex 0.5471045687507109 -11.136569336687673 1.2
      vertex 1.0928911146746008 -11.096309702394995 3.2
      vertex 1.0928911146746008 -11.096309702394995 1.2
    endloop
  endfacet
  facet normal -0.12241067519920597 0.9924795345987113 -4.209102615633992e-15
    outer loop
      vertex 1.0928911146746008 -11.096309702394995 1.2
      vertex 1.5757359312880714 -11.036756474386122 2.5757359312880714
      vertex 1.6360447901772834 -11.029318086107308 2.526241729898617
    endloop
  endfacet
  facet normal 0 0 1
    outer loop
      vertex 1.3352473175437918 -9.001506240679507 1.2
      vertex 1.6360447901772834 -11.029318086107308 1.2
      vertex 2.17525709047983 -10.93575587649602 1.2
    endloop
  endfacet
  facet normal 0 0 1
    outer loop
      vertex 1.3352473175437918 -9.001506240679507 1.2
      vertex 2.17525709047983 -10.93575587649602 1.2
      vertex 1.7753219303467669 -8.925146051669397 1.2
    endloop
  endfacet
  facet normal 0 0 1
    outer loop
      vertex 2.17525709047983 -10.93575587649602 1.2
      vertex 2.7092290059213924 -10.815848473119166 1.2
      vertex 2.211119637119701 -8.82728440407035 1.2
    endloop
  endfacet
  facet normal 0 0 1
    outer loop
      vertex 2.7092290059213924 -10.815848473119166 1.2
      vertex 3.236674151387255 -10.669884743414128 1.2
      vertex 2.641590563015607 -8.7081570551631 1.2
    endloop
  endfacet
  facet normal -0.17096188876030186 0.9852776423889411 -7.1744781916712e-16
    outer loop
      vertex 1.6360447901772834 -11.029318086107308 1.2
      vertex 2 -10.966165866450138 2.4
      vertex 2.17525709047983 -10.93575587649602 1.2
    endloop
  endfacet
  facet normal -0.17096188876029625 0.9852776423889421 -8.048468449114325e-16
    outer loop
      vertex 1.6360447901772834 -11.029318086107308 1.2
      vertex 1.6666578601882387 -11.024006214565054 2.501118232618473
      vertex 1.7703899405809462 -11.006006991172576 2.445672280493228
    endloop
  endfacet
  facet normal -0.17096188876030574 0.9852776423889404 2.450939189458828e-16
    outer loop
      vertex 1.6360447901772834 -11.029318086107308 1.2
      vertex 1.7703899405809462 -11.006006991172576 2.445672280493228
      vertex 1.882945806790323 -10.986476695700174 2.4115288317580617
    endloop
  endfacet
  facet normal -0.1709618887603295 0.9852776423889363 0
    outer loop
      vertex 1.6360447901772834 -11.029318086107308 1.2
      vertex 1.6360447901772834 -11.029318086107308 2.526241729898617
      vertex 1.6666578601882387 -11.024006214565054 2.501118232618473
    endloop
  endfacet
  facet normal -0.17096188876030333 0.9852776423889409 -2.5974419891846725e-16
    outer loop
      vertex 1.6360447901772834 -11.029318086107308 1.2
      vertex 1.882945806790323 -10.986476695700174 2.4115288317580617
      vertex 2 -10.966165866450138 2.4
    endloop
  endfacet
  facet normal -0.17096188876028853 0.9852776423889433 1.2800015386414411e-15
    outer loop
      vertex 2.17525709047983 -10.93575587649602 1.2
      vertex 2 -10.966165866450138 2.4
      vertex 2.117054193209677 -10.945855037200104 2.4115288317580617
    endloop
  endfacet
  facet normal -0.17096188876031446 0.985277642388939 0
    outer loop
      vertex 2.17525709047983 -10.93575587649602 1.2
      vertex 2.117054193209677 -10.945855037200104 2.4115288317580617
      vertex 2.17525709047983 -10.93575587649602 2.4291844876213013
    endloop
  endfacet
  facet normal -0.21910124015686405 0.9757021300385297 0
    outer loop
      vertex 2.17525709047983 -10.93575587649602 1.2
      vertex 2.17525709047983 -10.93575587649602 2.4291844876213013
      vertex 2.2296100594190538 -10.923550509167036 2.445672280493228
    endloop
  endfacet
  facet normal -0.21910124015686283 0.9757021300385301 -5.800945432794449e-17
    outer loop
      vertex 2.17525709047983 -10.93575587649602 1.2
      vertex 2.2296100594190538 -10.923550509167036 2.445672280493228
      vertex 2.3333421398117613 -10.900256691557766 2.501118232618473
    endloop
  endfacet
  facet normal -0.21910124015688492 0.9757021300385251 2.7526890414258656e-15
    outer loop
      vertex 2.17525709047983 -10.93575587649602 1.2
      vertex 2.3333421398117613 -10.900256691557766 2.501118232618473
      vertex 2.4242640687119286 -10.879839489661634 2.5757359312880714
    endloop
  endfacet
  facet normal -0.2191012401568684 0.9757021300385287 -3.182469521018299e-18
    outer loop
      vertex 2.17525709047983 -10.93575587649602 1.2
      vertex 2.7092290059213924 -10.815848473119166 3.2
      vertex 2.7092290059213924 -10.815848473119166 1.2
    endloop
  endfacet
  facet normal -0.2667127574749005 0.9637760657954393 -4.2692286162172414e-18
    outer loop
      vertex 2.7092290059213924 -10.815848473119166 1.2
      vertex 3.236674151387255 -10.669884743414128 3.2
      vertex 3.236674151387255 -10.669884743414128 1.2
    endloop
  endfacet
  facet normal 0 0 1
    outer loop
      vertex 1.7753219303467669 -8.925146051669397 1.2
      vertex 2.17525709047983 -10.93575587649602 1.2
      vertex 2.211119637119701 -8.82728440407035 1.2
    endloop
  endfacet
  facet normal 0 0 1
    outer loop
      vertex 2.7092290059213924 -10.815848473119166 1.2
      vertex 2.641590563015607 -8.7081570551631 1.2
      vertex 2.211119637119701 -8.82728440407035 1.2
    endloop
  endfacet
  facet normal 0 0 1
    outer loop
      vertex 2.641590563015607 -8.7081570551631 1.2
      vertex 3.236674151387255 -10.669884743414128 1.2
      vertex 3.0656976658692026 -8.568050993165489 1.2
    endloop
  endfacet
  facet normal 0 0 1
    outer loop
      vertex 3.236674151387255 -10.669884743414128 1.2
      vertex 3.7563218653232537 -10.498216326790683 1.2
      vertex 3.0656976658692026 -8.568050993165489 1.2
    endloop
  endfacet
  facet normal 0 0 1
    outer loop
      vertex 3.7563218653232537 -10.498216326790683 1.2
      vertex 4.266920270870751 -10.301256787500847 1.2
      vertex 3.482419234522317 -8.407303745852708 1.2
    endloop
  endfacet
  facet normal -0.31368174039888835 0.9495281805930377 1.8872933077627545e-19
    outer loop
      vertex 3.236674151387255 -10.669884743414128 1.2
      vertex 3.7563218653232537 -10.498216326790683 3.2
      vertex 3.7563218653232537 -10.498216326790683 1.2
    endloop
  endfacet
  facet normal -0.3598950365349899 0.9329927988347383 -5.738170935393894e-18
    outer loop
      vertex 3.7563218653232537 -10.498216326790683 1.2
      vertex 4.266920270870751 -10.301256787500847 3.2
      vertex 4.266920270870751 -10.301256787500847 1.2
    endloop
  endfacet
  facet normal -0.40524131400499 0.9142097557035306 -1.680332728711553e-18
    outer loop
      vertex 4.266920270870751 -10.301256787500847 1.2
      vertex 4.767239291747646 -10.079480618326393 3.2
      vertex 4.767239291747646 -10.079480618326393 1.2
    endloop
  endfacet
  facet normal -0.4496113296546044 0.8932243011955164 -2.2340883906066693e-18
    outer loop
      vertex 4.767239291747646 -10.079480618326393 1.2
      vertex 5.256073615609874 -9.83342209748416 3.2
      vertex 5.256073615609874 -9.83342209748416 1.2
    endloop
  endfacet
  facet normal -0.49289819222978654 0.87008699110871 -7.650231655215133e-18
    outer loop
      vertex 5.256073615609874 -9.83342209748416 1.2
      vertex 5.732245597754423 -9.563674001503033 3.2
      vertex 5.732245597754423 -9.563674001503033 1.2
    endloop
  endfacet
  facet normal 0 0 1
    outer loop
      vertex 3.7563218653232537 -10.498216326790683 1.2
      vertex 3.482419234522317 -8.407303745852708 1.2
      vertex 3.0656976658692026 -8.568050993165489 1.2
    endloop
  endfacet
  facet normal 0 0 1
    outer loop
      vertex 4.266920270870751 -10.301256787500847 1.2
      vertex 3.8907513502155666 -8.226302567423334 1.2
      vertex 3.482419234522317 -8.407303745852708 1.2
    endloop
  endfacet
  facet normal 0 0 1
    outer loop
      vertex 4.266920270870751 -10.301256787500847 1.2
      vertex 4.289710305116579 -8.02548350557003 1.2
      vertex 3.8907513502155666 -8.226302567423334 1.2
    endloop
  endfacet
  facet normal 0 0 1
    outer loop
      vertex 4.266920270870751 -10.301256787500847 1.2
      vertex 4.767239291747646 -10.079480618326393 1.2
      vertex 4.289710305116579 -8.02548350557003 1.2
    endloop
  endfacet
  facet normal 0 0 1
    outer loop
      vertex 4.767239291747646 -10.079480618326393 1.2
      vertex 4.678334972158318 -7.805330351002475 1.2
      vertex 4.289710305116579 -8.02548350557003 1.2
    endloop
  endfacet
  facet normal 0 0 1
    outer loop
      vertex 4.767239291747646 -10.079480618326393 1.2
      vertex 5.256073615609874 -9.83342209748416 1.2
      vertex 4.678334972158318 -7.805330351002475 1.2
    endloop
  endfacet
  facet normal 0 0 1
    outer loop
      vertex 5.256073615609874 -9.83342209748416 1.2
      vertex 5.732245597754423 -9.563674001503033 1.2
      vertex 5.055689120478379 -7.5663734719531615 1.2
    endloop
  endfacet
  facet normal 0 0 1
    outer loop
      vertex 5.256073615609874 -9.83342209748416 1.2
      vertex 5.055689120478379 -7.5663734719531615 1.2
      vertex 4.678334972158318 -7.805330351002475 1.2
    endloop
  endfacet
  facet normal 0 0 1
    outer loop
      vertex 5.055689120478379 -7.5663734719531615 1.2
      vertex 5.732245597754423 -9.563674001503033 1.2
      vertex 5.420863670881143 -7.309188536473869 1.2
    endloop
  endfacet
  facet normal 0 0 1
    outer loop
      vertex 5.732245597754423 -9.563674001503033 1.2
      vertex 6.1946080981685645 -9.270886177173379 1.2
      vertex 5.772978885889174 -7.0343951256009065 1.2
    endloop
  endfacet
  facet normal 0 0 1
    outer loop
      vertex 6.1946080981685645 -9.270886177173379 1.2
      vertex 6.642047245090632 -8.955763976009191 1.2
      vertex 6.111186489107868 -6.7426552407301275 1.2
    endloop
  endfacet
  facet normal -0.5349976198870975 0.8448535652497068 -1.0538361038421134e-17
    outer loop
      vertex 5.732245597754423 -9.563674001503033 1.2
      vertex 6.1946080981685645 -9.270886177173379 3.2
      vertex 6.1946080981685645 -9.270886177173379 1.2
    endloop
  endfacet
  facet normal 0 0 1
    outer loop
      vertex 5.420863670881143 -7.309188536473869 1.2
      vertex 5.732245597754423 -9.563674001503033 1.2
      vertex 5.772978885889174 -7.0343951256009065 1.2
    endloop
  endfacet
  facet normal 0 0 1
    outer loop
      vertex 6.1946080981685645 -9.270886177173379 1.2
      vertex 6.111186489107868 -6.7426552407301275 1.2
      vertex 5.772978885889174 -7.0343951256009065 1.2
    endloop
  endfacet
  facet normal 0 0 1
    outer loop
      vertex 6.642047245090632 -8.955763976009191 1.2
      vertex 6.434671708797583 -6.434671708797583 1.2
      vertex 6.111186489107868 -6.7426552407301275 1.2
    endloop
  endfacet
  facet normal -0.024541228522914953 0.9996988186962042 1.2556254088466863e-16
    outer loop
      vertex 0.5471045687507109 -11.136569336687673 1.2
      vertex 0.4242640687119285 -11.139584901702797 2.5757359312880714
      vertex 0.4988817673815271 -11.13775314001552 2.6666578601882387
    endloop
  endfacet
  facet normal -0.024541228522918773 0.9996988186962041 0
    outer loop
      vertex 0.5471045687507109 -11.136569336687673 1.2
      vertex 0.4988817673815271 -11.13775314001552 2.6666578601882387
      vertex 0.5471045687507109 -11.136569336687673 2.7568763759978387
    endloop
  endfacet
  facet normal -0.073564563599657 0.9972904566786909 0
    outer loop
      vertex 0.5471045687507109 -11.136569336687673 1.2
      vertex 0.5471045687507109 -11.136569336687673 2.7568763759978387
      vertex 0.5543277195067721 -11.136036525078351 2.7703899405809462
    endloop
  endfacet
  facet normal -0.07356456359966541 0.9972904566786903 3.89068518601281e-17
    outer loop
      vertex 0.5471045687507109 -11.136569336687673 1.2
      vertex 0.5543277195067721 -11.136036525078351 2.7703899405809462
      vertex 0.5884711682419382 -11.133517952992186 2.882945806790323
    endloop
  endfacet
  facet normal -0.0735645635997399 0.9972904566786849 1.8789016696673613e-15
    outer loop
      vertex 0.5471045687507109 -11.136569336687673 1.2
      vertex 0.5884711682419382 -11.133517952992186 2.882945806790323
      vertex 0.6 -11.132667535271434 3
    endloop
  endfacet
  facet normal -0.07356456359966812 0.9972904566786902 -2.414747707105026e-16
    outer loop
      vertex 0.5471045687507109 -11.136569336687673 1.2
      vertex 0.6 -11.132667535271434 3
      vertex 1.0928911146746008 -11.096309702394995 3.2
    endloop
  endfacet
  facet normal -0.12241067519922014 0.9924795345987095 8.248599097308797e-16
    outer loop
      vertex 1.0928911146746008 -11.096309702394995 1.2
      vertex 1.5011182326184729 -11.045959689724613 2.6666578601882387
      vertex 1.5757359312880714 -11.036756474386122 2.5757359312880714
    endloop
  endfacet
  facet normal -0.12241067519921797 0.9924795345987099 2.1876421129673282e-16
    outer loop
      vertex 1.0928911146746008 -11.096309702394995 1.2
      vertex 1.4456722804932278 -11.052798295660663 2.7703899405809462
      vertex 1.5011182326184729 -11.045959689724613 2.6666578601882387
    endloop
  endfacet
  facet normal -0.12241067519923376 0.9924795345987077 3.833124708514545e-15
    outer loop
      vertex 1.0928911146746008 -11.096309702394995 1.2
      vertex 1.4115288317580617 -11.057009488403285 2.882945806790323
      vertex 1.4456722804932278 -11.052798295660663 2.7703899405809462
    endloop
  endfacet
  facet normal -0.12241067519916923 0.9924795345987157 -8.585572256777358e-15
    outer loop
      vertex 1.0928911146746008 -11.096309702394995 1.2
      vertex 1.4 -11.05843143417704 3
      vertex 1.4115288317580617 -11.057009488403285 2.882945806790323
    endloop
  endfacet
  facet normal -0.12241067519921874 0.9924795345987096 0
    outer loop
      vertex 1.0928911146746008 -11.096309702394995 1.2
      vertex 1.0928911146746008 -11.096309702394995 3.2
      vertex 1.4 -11.05843143417704 3
    endloop
  endfacet
  facet normal -0.07356456359967023 0.99729045667869 5.0198310585085795e-15
    outer loop
      vertex 0.6 -11.132667535271434 3
      vertex 0.5884711682419382 -11.133517952992186 3.117054193209677
      vertex 1.0928911146746008 -11.096309702394995 3.2
    endloop
  endfacet
  facet normal -0.0735645635996709 0.9972904566786899 9.070592463133263e-15
    outer loop
      vertex 0.5884711682419382 -11.133517952992186 3.117054193209677
      vertex 0.5633098328329583 -11.135373964594976 3.2
      vertex 1.0928911146746008 -11.096309702394995 3.2
    endloop
  endfacet
  facet normal -0.12241067519921059 0.9924795345987107 1.2721662305519048e-14
    outer loop
      vertex 1.4 -11.05843143417704 3
      vertex 1.0928911146746008 -11.096309702394995 3.2
      vertex 1.4115288317580617 -11.057009488403285 3.117054193209677
    endloop
  endfacet
  facet normal -0.12241067519921657 0.9924795345987099 -1.0606932235699323e-14
    outer loop
      vertex 1.4115288317580617 -11.057009488403285 3.117054193209677
      vertex 1.0928911146746008 -11.096309702394995 3.2
      vertex 1.4366901671670416 -11.053906133675095 3.2
    endloop
  endfacet
  facet normal -0.21910124015685725 0.9757021300385315 -2.4969948195846646e-15
    outer loop
      vertex 2.17525709047983 -10.93575587649602 1.2
      vertex 2.4242640687119286 -10.879839489661634 2.5757359312880714
      vertex 2.498881767381527 -10.863083525097414 2.6666578601882387
    endloop
  endfacet
  facet normal -0.2191012401568813 0.9757021300385259 3.0706265150982347e-15
    outer loop
      vertex 2.17525709047983 -10.93575587649602 1.2
      vertex 2.498881767381527 -10.863083525097414 2.6666578601882387
      vertex 2.554327719506772 -10.850632720186452 2.7703899405809462
    endloop
  endfacet
  facet normal -0.2191012401567857 0.9757021300385473 -2.1661469315958274e-14
    outer loop
      vertex 2.17525709047983 -10.93575587649602 1.2
      vertex 2.554327719506772 -10.850632720186452 2.7703899405809462
      vertex 2.5884711682419383 -10.842965552378987 2.882945806790323
    endloop
  endfacet
  facet normal -0.21910124015687685 0.9757021300385268 2.3634686013795556e-15
    outer loop
      vertex 2.17525709047983 -10.93575587649602 1.2
      vertex 2.5884711682419383 -10.842965552378987 2.882945806790323
      vertex 2.7092290059213924 -10.815848473119166 3.2
    endloop
  endfacet
  facet normal -0.2667127574749005 0.9637760657954393 0
    outer loop
      vertex 2.7092290059213924 -10.815848473119166 1.2
      vertex 2.7092290059213924 -10.815848473119166 3.2
      vertex 3.236674151387255 -10.669884743414128 3.2
    endloop
  endfacet
  facet normal -0.2191012401568469 0.9757021300385337 -9.643032688047224e-15
    outer loop
      vertex 2.5884711682419383 -10.842965552378987 2.882945806790323
      vertex 2.6 -10.840376666634059 3
      vertex 2.7092290059213924 -10.815848473119166 3.2
    endloop
  endfacet
  facet normal -0.21910124015687535 0.9757021300385272 6.696680628077238e-15
    outer loop
      vertex 2.6 -10.840376666634059 3
      vertex 2.5884711682419383 -10.842965552378987 3.117054193209677
      vertex 2.7092290059213924 -10.815848473119166 3.2
    endloop
  endfacet
  facet normal -0.2191012401568659 0.9757021300385295 -7.800744890327114e-15
    outer loop
      vertex 2.5884711682419383 -10.842965552378987 3.117054193209677
      vertex 2.5633098328329584 -10.84861571918952 3.2
      vertex 2.7092290059213924 -10.815848473119166 3.2
    endloop
  endfacet
  facet normal 0 0 -1
    outer loop
      vertex 0.5633098328329583 -11.135373964594976 3.2
      vertex 0.5633098328329583 -10.1 3.2
      vertex 1.0928911146746008 -11.096309702394995 3.2
    endloop
  endfacet
  facet normal 0 0 -1
    outer loop
      vertex -0.5633098328329583 -10.1 3.2
      vertex 0.8919559769990014 -9.056181012716992 3.2
      vertex 0.5633098328329583 -10.1 3.2
    endloop
  endfacet
  facet normal 0 0 -1
    outer loop
      vertex 1.0928911146746008 -11.096309702394995 3.2
      vertex 1.4366901671670416 -10.1 3.2
      vertex 1.4366901671670416 -11.053906133675095 3.2
    endloop
  endfacet
  facet normal 0 0 -1
    outer loop
      vertex 1.0928911146746008 -11.096309702394995 3.2
      vertex 0.5633098328329583 -10.1 3.2
      vertex 1.3352473175437918 -9.001506240679507 3.2
    endloop
  endfacet
  facet normal 0 0 -1
    outer loop
      vertex 1.0928911146746008 -11.096309702394995 3.2
      vertex 1.3352473175437918 -9.001506240679507 3.2
      vertex 1.4366901671670416 -10.1 3.2
    endloop
  endfacet
  facet normal 0 0 -1
    outer loop
      vertex 1.4366901671670416 -10.1 3.2
      vertex 2.211119637119701 -8.82728440407035 3.2
      vertex 2.5633098328329584 -10.1 3.2
    endloop
  endfacet
  facet normal 0 0 -1
    outer loop
      vertex 2.5633098328329584 -10.84861571918952 3.2
      vertex 2.5633098328329584 -10.1 3.2
      vertex 2.7092290059213924 -10.815848473119166 3.2
    endloop
  endfacet
  facet normal 0 0 -1
    outer loop
      vertex 2.7092290059213924 -10.815848473119166 3.2
      vertex 2.5633098328329584 -10.1 3.2
      vertex 3.0656976658692026 -8.568050993165489 3.2
    endloop
  endfacet
  facet normal 0 0 -1
    outer loop
      vertex 2.7092290059213924 -10.815848473119166 3.2
      vertex 3.0656976658692026 -8.568050993165489 3.2
      vertex 3.236674151387255 -10.669884743414128 3.2
    endloop
  endfacet
  facet normal 0 0 -1
    outer loop
      vertex -0.5633098328329583 -10.1 3.2
      vertex 0.4465158363795039 -9.08903865146707 3.2
      vertex 0.8919559769990014 -9.056181012716992 3.2
    endloop
  endfacet
  facet normal 0 0 -1
    outer loop
      vertex 0.5633098328329583 -10.1 3.2
      vertex 0.8919559769990014 -9.056181012716992 3.2
      vertex 1.3352473175437918 -9.001506240679507 3.2
    endloop
  endfacet
  facet normal 0 0 -1
    outer loop
      vertex 1.3352473175437918 -9.001506240679507 3.2
      vertex 1.7753219303467669 -8.925146051669397 3.2
      vertex 1.4366901671670416 -10.1 3.2
    endloop
  endfacet
  facet normal 0 0 -1
    outer loop
      vertex 1.4366901671670416 -10.1 3.2
      vertex 1.7753219303467669 -8.925146051669397 3.2
      vertex 2.211119637119701 -8.82728440407035 3.2
    endloop
  endfacet
  facet normal 0 0 -1
    outer loop
      vertex 2.5633098328329584 -10.1 3.2
      vertex 2.211119637119701 -8.82728440407035 3.2
      vertex 2.641590563015607 -8.7081570551631 3.2
    endloop
  endfacet
  facet normal 0 0 -1
    outer loop
      vertex 2.5633098328329584 -10.1 3.2
      vertex 2.641590563015607 -8.7081570551631 3.2
      vertex 3.0656976658692026 -8.568050993165489 3.2
    endloop
  endfacet
  facet normal -0.31368174039888835 0.9495281805930377 0
    outer loop
      vertex 3.236674151387255 -10.669884743414128 1.2
      vertex 3.236674151387255 -10.669884743414128 3.2
      vertex 3.7563218653232537 -10.498216326790683 3.2
    endloop
  endfacet
  facet normal -0.3598950365349899 0.9329927988347383 0
    outer loop
      vertex 3.7563218653232537 -10.498216326790683 1.2
      vertex 3.7563218653232537 -10.498216326790683 3.2
      vertex 4.266920270870751 -10.301256787500847 3.2
    endloop
  endfacet
  facet normal -0.40524131400499 0.9142097557035306 0
    outer loop
      vertex 4.266920270870751 -10.301256787500847 1.2
      vertex 4.266920270870751 -10.301256787500847 3.2
      vertex 4.767239291747646 -10.079480618326393 3.2
    endloop
  endfacet
  facet normal -0.4496113296546044 0.8932243011955164 0
    outer loop
      vertex 4.767239291747646 -10.079480618326393 1.2
      vertex 4.767239291747646 -10.079480618326393 3.2
      vertex 5.256073615609874 -9.83342209748416 3.2
    endloop
  endfacet
  facet normal -0.49289819222978654 0.87008699110871 0
    outer loop
      vertex 5.256073615609874 -9.83342209748416 1.2
      vertex 5.256073615609874 -9.83342209748416 3.2
      vertex 5.732245597754423 -9.563674001503033 3.2
    endloop
  endfacet
  facet normal 0 0 -1
    outer loop
      vertex 3.236674151387255 -10.669884743414128 3.2
      vertex 3.482419234522317 -8.407303745852708 3.2
      vertex 3.7563218653232537 -10.498216326790683 3.2
    endloop
  endfacet
  facet normal 0 0 -1
    outer loop
      vertex 3.7563218653232537 -10.498216326790683 3.2
      vertex 3.8907513502155666 -8.226302567423334 3.2
      vertex 4.266920270870751 -10.301256787500847 3.2
    endloop
  endfacet
  facet normal -0.5349976198870975 0.8448535652497068 0
    outer loop
      vertex 5.732245597754423 -9.563674001503033 1.2
      vertex 5.732245597754423 -9.563674001503033 3.2
      vertex 6.1946080981685645 -9.270886177173379 3.2
    endloop
  endfacet
  facet normal -0.5758081914178441 0.8175848131515845 0
    outer loop
      vertex 6.1946080981685645 -9.270886177173379 1.2
      vertex 6.1946080981685645 -9.270886177173379 3.2
      vertex 6.642047245090632 -8.955763976009191 3.2
    endloop
  endfacet
  facet normal 0 0 -1
    outer loop
      vertex 3.236674151387255 -10.669884743414128 3.2
      vertex 3.0656976658692026 -8.568050993165489 3.2
      vertex 3.482419234522317 -8.407303745852708 3.2
    endloop
  endfacet
  facet normal 0 0 -1
    outer loop
      vertex 3.7563218653232537 -10.498216326790683 3.2
      vertex 3.482419234522317 -8.407303745852708 3.2
      vertex 3.8907513502155666 -8.226302567423334 3.2
    endloop
  endfacet
  facet normal 0 0 -1
    outer loop
      vertex 4.266920270870751 -10.301256787500847 3.2
      vertex 3.8907513502155666 -8.226302567423334 3.2
      vertex 4.289710305116579 -8.02548350557003 3.2
    endloop
  endfacet
  facet normal 0 0 -1
    outer loop
      vertex 4.266920270870751 -10.301256787500847 3.2
      vertex 4.289710305116579 -8.02548350557003 3.2
      vertex 4.767239291747646 -10.079480618326393 3.2
    endloop
  endfacet
  facet normal 0 0 -1
    outer loop
      vertex 4.767239291747646 -10.079480618326393 3.2
      vertex 4.289710305116579 -8.02548350557003 3.2
      vertex 4.678334972158318 -7.805330351002475 3.2
    endloop
  endfacet
  facet normal 0 0 -1
    outer loop
      vertex 4.767239291747646 -10.079480618326393 3.2
      vertex 5.055689120478379 -7.5663734719531615 3.2
      vertex 5.256073615609874 -9.83342209748416 3.2
    endloop
  endfacet
  facet normal 0 0 -1
    outer loop
      vertex 5.256073615609874 -9.83342209748416 3.2
      vertex 5.420863670881143 -7.309188536473869 3.2
      vertex 5.732245597754423 -9.563674001503033 3.2
    endloop
  endfacet
  facet normal 0 0 -1
    outer loop
      vertex 4.767239291747646 -10.079480618326393 3.2
      vertex 4.678334972158318 -7.805330351002475 3.2
      vertex 5.055689120478379 -7.5663734719531615 3.2
    endloop
  endfacet
  facet normal 0 0 -1
    outer loop
      vertex 5.256073615609874 -9.83342209748416 3.2
      vertex 5.055689120478379 -7.5663734719531615 3.2
      vertex 5.420863670881143 -7.309188536473869 3.2
    endloop
  endfacet
  facet normal 0 0 -1
    outer loop
      vertex 5.732245597754423 -9.563674001503033 3.2
      vertex 5.772978885889174 -7.0343951256009065 3.2
      vertex 6.1946080981685645 -9.270886177173379 3.2
    endloop
  endfacet
  facet normal 0 0 -1
    outer loop
      vertex 5.420863670881143 -7.309188536473869 3.2
      vertex 5.772978885889174 -7.0343951256009065 3.2
      vertex 5.732245597754423 -9.563674001503033 3.2
    endloop
  endfacet
  facet normal 0 0 -1
    outer loop
      vertex 6.1946080981685645 -9.270886177173379 3.2
      vertex 5.772978885889174 -7.0343951256009065 3.2
      vertex 6.111186489107868 -6.7426552407301275 3.2
    endloop
  endfacet
  facet normal 0 0 -1
    outer loop
      vertex 6.1946080981685645 -9.270886177173379 3.2
      vertex 6.111186489107868 -6.7426552407301275 3.2
      vertex 6.434671708797583 -6.434671708797583 3.2
    endloop
  endfacet
  facet normal 0 0 1
    outer loop
      vertex 6.642047245090632 -8.955763976009191 1.2
      vertex 7.073485118424648 -8.619066554994518 1.2
      vertex 6.434671708797583 -6.434671708797583 1.2
    endloop
  endfacet
  facet normal -0.5758081914178441 0.8175848131515845 -9.632412446026846e-18
    outer loop
      vertex 6.1946080981685645 -9.270886177173379 1.2
      vertex 6.642047245090632 -8.955763976009191 3.2
      vertex 6.642047245090632 -8.955763976009191 1.2
    endloop
  endfacet
  facet normal -0.615231590580626 0.788346427626607 2.8041835177485642e-18
    outer loop
      vertex 6.642047245090632 -8.955763976009191 1.2
      vertex 7.073485118424648 -8.619066554994518 3.2
      vertex 7.073485118424648 -8.619066554994518 1.2
    endloop
  endfacet
  facet normal -0.6531728429537772 0.7572088465064842 9.256535642724174e-18
    outer loop
      vertex 7.073485118424648 -8.619066554994518 1.2
      vertex 7.487882346544255 -8.261605047707794 3.2
      vertex 7.487882346544255 -8.261605047707794 1.2
    endloop
  endfacet
  facet normal -0.6895405447370669 0.7242470829514669 -7.312230006259916e-18
    outer loop
      vertex 7.487882346544255 -8.261605047707794 1.2
      vertex 7.884240610230005 -7.884240610230005 3.2
      vertex 7.884240610230005 -7.884240610230005 1.2
    endloop
  endfacet
  facet normal 0 0 1
    outer loop
      vertex 7.073485118424648 -8.619066554994518 1.2
      vertex 7.487882346544255 -8.261605047707794 1.2
      vertex 7.0343951256009065 -5.772978885889174 1.2
    endloop
  endfacet
  facet normal 0 0 1
    outer loop
      vertex 6.434671708797583 -6.434671708797583 1.2
      vertex 7.073485118424648 -8.619066554994518 1.2
      vertex 6.7426552407301275 -6.111186489107868 1.2
    endloop
  endfacet
  facet normal 0 0 1
    outer loop
      vertex 6.7426552407301275 -6.111186489107868 1.2
      vertex 7.073485118424648 -8.619066554994518 1.2
      vertex 7.0343951256009065 -5.772978885889174 1.2
    endloop
  endfacet
  facet normal 0 0 1
    outer loop
      vertex 7.487882346544255 -8.261605047707794 1.2
      vertex 7.309188536473869 -5.420863670881143 1.2
      vertex 7.0343951256009065 -5.772978885889174 1.2
    endloop
  endfacet
  facet normal 0 0 1
    outer loop
      vertex 7.487882346544255 -8.261605047707794 1.2
      vertex 7.884240610230005 -7.884240610230005 1.2
      vertex 7.5663734719531615 -5.055689120478379 1.2
    endloop
  endfacet
  facet normal 0 0 1
    outer loop
      vertex 7.884240610230005 -7.884240610230005 1.2
      vertex 8.261605047707794 -7.487882346544255 1.2
      vertex 7.805330351002475 -4.678334972158318 1.2
    endloop
  endfacet
  facet normal -0.7242470829514669 0.6895405447370669 0
    outer loop
      vertex 7.884240610230005 -7.884240610230005 1.2
      vertex 7.884240610230005 -7.884240610230005 3.2
      vertex 8.261605047707794 -7.487882346544255 1.2
    endloop
  endfacet
  facet normal -0.7572088465064842 0.6531728429537772 0
    outer loop
      vertex 8.261605047707794 -7.487882346544255 1.2
      vertex 8.261605047707794 -7.487882346544255 3.2
      vertex 8.619066554994518 -7.073485118424648 1.2
    endloop
  endfacet
  facet normal -0.788346427626607 0.615231590580626 0
    outer loop
      vertex 8.619066554994518 -7.073485118424648 1.2
      vertex 8.619066554994518 -7.073485118424648 3.2
      vertex 8.955763976009191 -6.642047245090632 1.2
    endloop
  endfacet
  facet normal -0.8175848131515845 0.5758081914178441 0
    outer loop
      vertex 8.955763976009191 -6.642047245090632 1.2
      vertex 8.955763976009191 -6.642047245090632 3.2
      vertex 9.270886177173379 -6.1946080981685645 1.2
    endloop
  endfacet
  facet normal -0.615231590580626 0.788346427626607 0
    outer loop
      vertex 6.642047245090632 -8.955763976009191 1.2
      vertex 6.642047245090632 -8.955763976009191 3.2
      vertex 7.073485118424648 -8.619066554994518 3.2
    endloop
  endfacet
  facet normal -0.6531728429537772 0.7572088465064842 0
    outer loop
      vertex 7.073485118424648 -8.619066554994518 1.2
      vertex 7.073485118424648 -8.619066554994518 3.2
      vertex 7.487882346544255 -8.261605047707794 3.2
    endloop
  endfacet
  facet normal -0.6895405447370669 0.7242470829514669 0
    outer loop
      vertex 7.487882346544255 -8.261605047707794 1.2
      vertex 7.487882346544255 -8.261605047707794 3.2
      vertex 7.884240610230005 -7.884240610230005 3.2
    endloop
  endfacet
  facet normal -0.7242470829514669 0.6895405447370669 0
    outer loop
      vertex 8.261605047707794 -7.487882346544255 1.2
      vertex 7.884240610230005 -7.884240610230005 3.2
      vertex 8.261605047707794 -7.487882346544255 3.2
    endloop
  endfacet
  facet normal -0.7572088465064842 0.6531728429537772 0
    outer loop
      vertex 8.619066554994518 -7.073485118424648 1.2
      vertex 8.261605047707794 -7.487882346544255 3.2
      vertex 8.619066554994518 -7.073485118424648 3.2
    endloop
  endfacet
  facet normal -0.788346427626607 0.615231590580626 0
    outer loop
      vertex 8.955763976009191 -6.642047245090632 1.2
      vertex 8.619066554994518 -7.073485118424648 3.2
      vertex 8.955763976009191 -6.642047245090632 3.2
    endloop
  endfacet
  facet normal 0 0 -1
    outer loop
      vertex 6.1946080981685645 -9.270886177173379 3.2
      vertex 6.434671708797583 -6.434671708797583 3.2
      vertex 6.642047245090632 -8.955763976009191 3.2
    endloop
  endfacet
  facet normal 0 0 -1
    outer loop
      vertex 6.642047245090632 -8.955763976009191 3.2
      vertex 6.7426552407301275 -6.111186489107868 3.2
      vertex 7.073485118424648 -8.619066554994518 3.2
    endloop
  endfacet
  facet normal 0 0 -1
    outer loop
      vertex 6.642047245090632 -8.955763976009191 3.2
      vertex 6.434671708797583 -6.434671708797583 3.2
      vertex 6.7426552407301275 -6.111186489107868 3.2
    endloop
  endfacet
  facet normal 0 0 -1
    outer loop
      vertex 6.7426552407301275 -6.111186489107868 3.2
      vertex 7.0343951256009065 -5.772978885889174 3.2
      vertex 7.073485118424648 -8.619066554994518 3.2
    endloop
  endfacet
  facet normal 0 0 -1
    outer loop
      vertex 7.073485118424648 -8.619066554994518 3.2
      vertex 7.0343951256009065 -5.772978885889174 3.2
      vertex 7.309188536473869 -5.420863670881143 3.2
    endloop
  endfacet
  facet normal 0 0 -1
    outer loop
      vertex 7.073485118424648 -8.619066554994518 3.2
      vertex 7.309188536473869 -5.420863670881143 3.2
      vertex 7.487882346544255 -8.261605047707794 3.2
    endloop
  endfacet
  facet normal 0 0 -1
    outer loop
      vertex 7.487882346544255 -8.261605047707794 3.2
      vertex 7.5663734719531615 -5.055689120478379 3.2
      vertex 7.884240610230005 -7.884240610230005 3.2
    endloop
  endfacet
  facet normal 0 0 -1
    outer loop
      vertex 7.884240610230005 -7.884240610230005 3.2
      vertex 8.02548350557003 -4.289710305116579 3.2
      vertex 8.261605047707794 -7.487882346544255 3.2
    endloop
  endfacet
  facet normal 0 0 1
    outer loop
      vertex 7.487882346544255 -8.261605047707794 1.2
      vertex 7.5663734719531615 -5.055689120478379 1.2
      vertex 7.309188536473869 -5.420863670881143 1.2
    endloop
  endfacet
  facet normal 0 0 1
    outer loop
      vertex 7.884240610230005 -7.884240610230005 1.2
      vertex 7.805330351002475 -4.678334972158318 1.2
      vertex 7.5663734719531615 -5.055689120478379 1.2
    endloop
  endfacet
  facet normal 0 0 1
    outer loop
      vertex 8.261605047707794 -7.487882346544255 1.2
      vertex 8.619066554994518 -7.073485118424648 1.2
      vertex 8.226302567423334 -3.8907513502155666 1.2
    endloop
  endfacet
  facet normal 0 0 1
    outer loop
      vertex 8.261605047707794 -7.487882346544255 1.2
      vertex 8.02548350557003 -4.289710305116579 1.2
      vertex 7.805330351002475 -4.678334972158318 1.2
    endloop
  endfacet
  facet normal 0 0 1
    outer loop
      vertex 8.261605047707794 -7.487882346544255 1.2
      vertex 8.226302567423334 -3.8907513502155666 1.2
      vertex 8.02548350557003 -4.289710305116579 1.2
    endloop
  endfacet
  facet normal 0 0 1
    outer loop
      vertex 8.619066554994518 -7.073485118424648 1.2
      vertex 8.955763976009191 -6.642047245090632 1.2
      vertex 8.7081570551631 -2.641590563015607 1.2
    endloop
  endfacet
  facet normal 0 0 1
    outer loop
      vertex 8.619066554994518 -7.073485118424648 1.2
      vertex 8.407303745852708 -3.482419234522317 1.2
      vertex 8.226302567423334 -3.8907513502155666 1.2
    endloop
  endfacet
  facet normal -0.8448535652497068 0.5349976198870975 0
    outer loop
      vertex 9.270886177173379 -6.1946080981685645 1.2
      vertex 9.270886177173379 -6.1946080981685645 3.2
      vertex 9.563674001503033 -5.732245597754423 1.2
    endloop
  endfacet
  facet normal 0 0 1
    outer loop
      vertex 8.619066554994518 -7.073485118424648 1.2
      vertex 8.568050993165489 -3.0656976658692026 1.2
      vertex 8.407303745852708 -3.482419234522317 1.2
    endloop
  endfacet
  facet normal 0 0 1
    outer loop
      vertex 8.619066554994518 -7.073485118424648 1.2
      vertex 8.7081570551631 -2.641590563015607 1.2
      vertex 8.568050993165489 -3.0656976658692026 1.2
    endloop
  endfacet
  facet normal 0 0 1
    outer loop
      vertex 8.955763976009191 -6.642047245090632 1.2
      vertex 8.82728440407035 -2.211119637119701 1.2
      vertex 8.7081570551631 -2.641590563015607 1.2
    endloop
  endfacet
  facet normal 0 0 1
    outer loop
      vertex 8.955763976009191 -6.642047245090632 1.2
      vertex 8.925146051669397 -1.7753219303467669 1.2
      vertex 8.82728440407035 -2.211119637119701 1.2
    endloop
  endfacet
  facet normal 0 0 1
    outer loop
      vertex 8.955763976009191 -6.642047245090632 1.2
      vertex 9.001506240679507 -1.3352473175437918 1.2
      vertex 8.925146051669397 -1.7753219303467669 1.2
    endloop
  endfacet
  facet normal 0 0 1
    outer loop
      vertex 8.955763976009191 -6.642047245090632 1.2
      vertex 9.056181012716992 -0.8919559769990014 1.2
      vertex 9.001506240679507 -1.3352473175437918 1.2
    endloop
  endfacet
  facet normal 0 0 1
    outer loop
      vertex 8.955763976009191 -6.642047245090632 1.2
      vertex 9.08903865146707 -0.4465158363795039 1.2
      vertex 9.056181012716992 -0.8919559769990014 1.2
    endloop
  endfacet
  facet normal 0 0 1
    outer loop
      vertex 8.955763976009191 -6.642047245090632 1.2
      vertex 9.1 0 1.2
      vertex 9.08903865146707 -0.4465158363795039 1.2
    endloop
  endfacet
  facet normal 0 0 1
    outer loop
      vertex 8.955763976009191 -6.642047245090632 1.2
      vertex 9.270886177173379 -6.1946080981685645 1.2
      vertex 9.270886177173379 6.1946080981685645 1.2
    endloop
  endfacet
  facet normal 0 0 1
    outer loop
      vertex 9.270886177173379 -6.1946080981685645 1.2
      vertex 9.563674001503033 -5.732245597754423 1.2
      vertex 9.563674001503033 5.732245597754423 1.2
    endloop
  endfacet
  facet normal 0 0 1
    outer loop
      vertex 8.955763976009191 -6.642047245090632 1.2
      vertex 9.270886177173379 6.1946080981685645 1.2
      vertex 9.1 0 1.2
    endloop
  endfacet
  facet normal -0.87008699110871 0.49289819222978654 0
    outer loop
      vertex 9.563674001503033 -5.732245597754423 1.2
      vertex 9.563674001503033 -5.732245597754423 3.2
      vertex 9.83342209748416 -5.256073615609874 1.2
    endloop
  endfacet
  facet normal -0.8932243011955164 0.4496113296546044 0
    outer loop
      vertex 9.83342209748416 -5.256073615609874 1.2
      vertex 9.83342209748416 -5.256073615609874 3.2
      vertex 10.079480618326393 -4.767239291747646 1.2
    endloop
  endfacet
  facet normal -0.9142097557035306 0.40524131400499 0
    outer loop
      vertex 10.079480618326393 -4.767239291747646 1.2
      vertex 10.079480618326393 -4.767239291747646 3.2
      vertex 10.301256787500847 -4.266920270870751 1.2
    endloop
  endfacet
  facet normal -0.9329927988347383 0.3598950365349899 0
    outer loop
      vertex 10.301256787500847 -4.266920270870751 1.2
      vertex 10.301256787500847 -4.266920270870751 3.2
      vertex 10.498216326790683 -3.7563218653232537 1.2
    endloop
  endfacet
  facet normal -0.9495281805930377 0.31368174039888835 0
    outer loop
      vertex 10.498216326790683 -3.7563218653232537 1.2
      vertex 10.498216326790683 -3.7563218653232537 3.2
      vertex 10.669884743414128 -3.236674151387255 1.2
    endloop
  endfacet
  facet normal 0 0 1
    outer loop
      vertex 9.563674001503033 -5.732245597754423 1.2
      vertex 9.83342209748416 -5.256073615609874 1.2
      vertex 9.83342209748416 5.256073615609874 1.2
    endloop
  endfacet
  facet normal 0 0 1
    outer loop
      vertex 9.83342209748416 -5.256073615609874 1.2
      vertex 10.079480618326393 -4.767239291747646 1.2
      vertex 10.079480618326393 4.767239291747646 1.2
    endloop
  endfacet
  facet normal -0.9637760657954393 0.2667127574749005 0
    outer loop
      vertex 10.669884743414128 -3.236674151387255 1.2
      vertex 10.669884743414128 -3.236674151387255 3.2
      vertex 10.815848473119166 -2.7092290059213924 1.2
    endloop
  endfacet
  facet normal -0.9757021300385287 0.2191012401568684 0
    outer loop
      vertex 10.815848473119166 -2.7092290059213924 1.2
      vertex 10.815848473119166 -2.7092290059213924 3.2
      vertex 10.93575587649602 -2.17525709047983 1.2
    endloop
  endfacet
  facet normal -0.9852776423889411 0.17096188876030186 0
    outer loop
      vertex 10.93575587649602 -2.17525709047983 1.2
      vertex 10.93575587649602 -2.17525709047983 3.2
      vertex 11.029318086107308 -1.6360447901772834 1.2
    endloop
  endfacet
  facet normal 0 0 1
    outer loop
      vertex 10.079480618326393 -4.767239291747646 1.2
      vertex 10.301256787500847 -4.266920270870751 1.2
      vertex 10.301256787500847 4.266920270870751 1.2
    endloop
  endfacet
  facet normal 0 0 1
    outer loop
      vertex 10.301256787500847 -4.266920270870751 1.2
      vertex 10.498216326790683 -3.7563218653232537 1.2
      vertex 10.498216326790683 3.7563218653232537 1.2
    endloop
  endfacet
  facet normal 0 0 1
    outer loop
      vertex 10.498216326790683 -3.7563218653232537 1.2
      vertex 10.669884743414128 -3.236674151387255 1.2
      vertex 10.669884743414128 3.236674151387255 1.2
    endloop
  endfacet
  facet normal 0 0 1
    outer loop
      vertex 10.669884743414128 -3.236674151387255 1.2
      vertex 10.815848473119166 -2.7092290059213924 1.2
      vertex 10.815848473119166 2.7092290059213924 1.2
    endloop
  endfacet
  facet normal 0 0 1
    outer loop
      vertex 10.815848473119166 -2.7092290059213924 1.2
      vertex 10.93575587649602 -2.17525709047983 1.2
      vertex 10.93575587649602 2.17525709047983 1.2
    endloop
  endfacet
  facet normal 0 0 1
    outer loop
      vertex 10.93575587649602 -2.17525709047983 1.2
      vertex 11.029318086107308 -1.6360447901772834 1.2
      vertex 11.029318086107308 1.6360447901772834 1.2
    endloop
  endfacet
  facet normal 0 0 1
    outer loop
      vertex 11.029318086107308 -1.6360447901772834 1.2
      vertex 11.096309702394995 -1.0928911146746008 1.2
      vertex 11.096309702394995 1.0928911146746008 1.2
    endloop
  endfacet
  facet normal 0 0 1
    outer loop
      vertex 11.096309702394995 -1.0928911146746008 1.2
      vertex 11.136569336687673 -0.5471045687507109 1.2
      vertex 11.136569336687673 0.5471045687507109 1.2
    endloop
  endfacet
  facet normal -0.9924795345987101 0.1224106751992161 0
    outer loop
      vertex 11.029318086107308 -1.6360447901772834 1.2
      vertex 11.029318086107308 -1.6360447901772834 3.2
      vertex 11.096309702394995 -1.0928911146746008 1.2
    endloop
  endfacet
  facet normal -0.9972904566786902 0.073564563599669 0
    outer loop
      vertex 11.096309702394995 -1.0928911146746008 1.2
      vertex 11.096309702394995 -1.0928911146746008 3.2
      vertex 11.136569336687673 -0.5471045687507109 1.2
    endloop
  endfacet
  facet normal -0.9996988186962042 0.024541228522911407 0
    outer loop
      vertex 11.136569336687673 -0.5471045687507109 1.2
      vertex 11.136569336687673 -0.5471045687507109 3.2
      vertex 11.15 0 1.2
    endloop
  endfacet
  facet normal -0.8175848131515845 0.5758081914178441 0
    outer loop
      vertex 9.270886177173379 -6.1946080981685645 1.2
      vertex 8.955763976009191 -6.642047245090632 3.2
      vertex 9.270886177173379 -6.1946080981685645 3.2
    endloop
  endfacet
  facet normal -0.8448535652497068 0.5349976198870975 0
    outer loop
      vertex 9.563674001503033 -5.732245597754423 1.2
      vertex 9.270886177173379 -6.1946080981685645 3.2
      vertex 9.563674001503033 -5.732245597754423 3.2
    endloop
  endfacet
  facet normal 0 0 -1
    outer loop
      vertex 7.487882346544255 -8.261605047707794 3.2
      vertex 7.309188536473869 -5.420863670881143 3.2
      vertex 7.5663734719531615 -5.055689120478379 3.2
    endloop
  endfacet
  facet normal 0 0 -1
    outer loop
      vertex 7.884240610230005 -7.884240610230005 3.2
      vertex 7.5663734719531615 -5.055689120478379 3.2
      vertex 7.805330351002475 -4.678334972158318 3.2
    endloop
  endfacet
  facet normal 0 0 -1
    outer loop
      vertex 7.884240610230005 -7.884240610230005 3.2
      vertex 7.805330351002475 -4.678334972158318 3.2
      vertex 8.02548350557003 -4.289710305116579 3.2
    endloop
  endfacet
  facet normal 0 0 -1
    outer loop
      vertex 8.261605047707794 -7.487882346544255 3.2
      vertex 8.407303745852708 -3.482419234522317 3.2
      vertex 8.619066554994518 -7.073485118424648 3.2
    endloop
  endfacet
  facet normal 0 0 -1
    outer loop
      vertex 8.261605047707794 -7.487882346544255 3.2
      vertex 8.02548350557003 -4.289710305116579 3.2
      vertex 8.226302567423334 -3.8907513502155666 3.2
    endloop
  endfacet
  facet normal 0 0 -1
    outer loop
      vertex 8.261605047707794 -7.487882346544255 3.2
      vertex 8.226302567423334 -3.8907513502155666 3.2
      vertex 8.407303745852708 -3.482419234522317 3.2
    endloop
  endfacet
  facet normal 0 0 -1
    outer loop
      vertex 8.619066554994518 -7.073485118424648 3.2
      vertex 8.7081570551631 -2.641590563015607 3.2
      vertex 8.955763976009191 -6.642047245090632 3.2
    endloop
  endfacet
  facet normal 0 0 -1
    outer loop
      vertex 8.619066554994518 -7.073485118424648 3.2
      vertex 8.407303745852708 -3.482419234522317 3.2
      vertex 8.568050993165489 -3.0656976658692026 3.2
    endloop
  endfacet
  facet normal 0 0 -1
    outer loop
      vertex 8.619066554994518 -7.073485118424648 3.2
      vertex 8.568050993165489 -3.0656976658692026 3.2
      vertex 8.7081570551631 -2.641590563015607 3.2
    endloop
  endfacet
  facet normal 0 0 -1
    outer loop
      vertex 8.955763976009191 -6.642047245090632 3.2
      vertex 9.001506240679507 -1.3352473175437918 3.2
      vertex 9.270886177173379 -6.1946080981685645 3.2
    endloop
  endfacet
  facet normal 0 0 -1
    outer loop
      vertex 8.955763976009191 -6.642047245090632 3.2
      vertex 8.7081570551631 -2.641590563015607 3.2
      vertex 8.82728440407035 -2.211119637119701 3.2
    endloop
  endfacet
  facet normal 0 0 -1
    outer loop
      vertex 8.955763976009191 -6.642047245090632 3.2
      vertex 8.82728440407035 -2.211119637119701 3.2
      vertex 8.925146051669397 -1.7753219303467669 3.2
    endloop
  endfacet
  facet normal 0 0 -1
    outer loop
      vertex 8.955763976009191 -6.642047245090632 3.2
      vertex 8.925146051669397 -1.7753219303467669 3.2
      vertex 9.001506240679507 -1.3352473175437918 3.2
    endloop
  endfacet
  facet normal 0 0 -1
    outer loop
      vertex 9.270886177173379 -6.1946080981685645 3.2
      vertex 9.001506240679507 -1.3352473175437918 3.2
      vertex 9.056181012716992 -0.8919559769990014 3.2
    endloop
  endfacet
  facet normal 0 0 -1
    outer loop
      vertex 9.270886177173379 -6.1946080981685645 3.2
      vertex 9.056181012716992 -0.8919559769990014 3.2
      vertex 9.08903865146707 -0.4465158363795039 3.2
    endloop
  endfacet
  facet normal 0 0 -1
    outer loop
      vertex 9.270886177173379 -6.1946080981685645 3.2
      vertex 9.08903865146707 -0.4465158363795039 3.2
      vertex 9.1 0 3.2
    endloop
  endfacet
  facet normal 0 0 -1
    outer loop
      vertex 9.270886177173379 -6.1946080981685645 3.2
      vertex 9.1 0 3.2
      vertex 9.08903865146707 0.4465158363795039 3.2
    endloop
  endfacet
  facet normal 0 0 -1
    outer loop
      vertex 9.270886177173379 -6.1946080981685645 3.2
      vertex 9.270886177173379 6.1946080981685645 3.2
      vertex 9.563674001503033 -5.732245597754423 3.2
    endloop
  endfacet
  facet normal -0.87008699110871 0.49289819222978654 0
    outer loop
      vertex 9.83342209748416 -5.256073615609874 1.2
      vertex 9.563674001503033 -5.732245597754423 3.2
      vertex 9.83342209748416 -5.256073615609874 3.2
    endloop
  endfacet
  facet normal -0.8932243011955164 0.4496113296546044 0
    outer loop
      vertex 10.079480618326393 -4.767239291747646 1.2
      vertex 9.83342209748416 -5.256073615609874 3.2
      vertex 10.079480618326393 -4.767239291747646 3.2
    endloop
  endfacet
  facet normal -0.9142097557035306 0.40524131400499 -1.680332728711553e-18
    outer loop
      vertex 10.079480618326393 -4.767239291747646 3.2
      vertex 10.301256787500847 -4.266920270870751 3.2
      vertex 10.301256787500847 -4.266920270870751 1.2
    endloop
  endfacet
  facet normal -0.9329927988347383 0.3598950365349899 0
    outer loop
      vertex 10.498216326790683 -3.7563218653232537 1.2
      vertex 10.301256787500847 -4.266920270870751 3.2
      vertex 10.498216326790683 -3.7563218653232537 3.2
    endloop
  endfacet
  facet normal -0.9495281805930377 0.31368174039888835 0
    outer loop
      vertex 10.669884743414128 -3.236674151387255 1.2
      vertex 10.498216326790683 -3.7563218653232537 3.2
      vertex 10.669884743414128 -3.236674151387255 3.2
    endloop
  endfacet
  facet normal -0.9637760657954393 0.2667127574749005 0
    outer loop
      vertex 10.815848473119166 -2.7092290059213924 1.2
      vertex 10.669884743414128 -3.236674151387255 3.2
      vertex 10.815848473119166 -2.7092290059213924 3.2
    endloop
  endfacet
  facet normal -0.9757021300385287 0.2191012401568684 0
    outer loop
      vertex 10.93575587649602 -2.17525709047983 1.2
      vertex 10.815848473119166 -2.7092290059213924 3.2
      vertex 10.93575587649602 -2.17525709047983 3.2
    endloop
  endfacet
  facet normal -0.9852776423889411 0.17096188876030186 0
    outer loop
      vertex 11.029318086107308 -1.6360447901772834 1.2
      vertex 10.93575587649602 -2.17525709047983 3.2
      vertex 11.029318086107308 -1.6360447901772834 3.2
    endloop
  endfacet
  facet normal -0.9924795345987101 0.1224106751992161 0
    outer loop
      vertex 11.096309702394995 -1.0928911146746008 1.2
      vertex 11.029318086107308 -1.6360447901772834 3.2
      vertex 11.096309702394995 -1.0928911146746008 3.2
    endloop
  endfacet
  facet normal -0.9972904566786902 0.073564563599669 0
    outer loop
      vertex 11.136569336687673 -0.5471045687507109 1.2
      vertex 11.096309702394995 -1.0928911146746008 3.2
      vertex 11.136569336687673 -0.5471045687507109 3.2
    endloop
  endfacet
  facet normal -0.9996988186962042 0.024541228522911407 0
    outer loop
      vertex 11.15 0 1.2
      vertex 11.136569336687673 -0.5471045687507109 3.2
      vertex 11.15 0 3.2
    endloop
  endfacet
  facet normal 0 0 -1
    outer loop
      vertex 9.563674001503033 -5.732245597754423 3.2
      vertex 9.563674001503033 5.732245597754423 3.2
      vertex 9.83342209748416 -5.256073615609874 3.2
    endloop
  endfacet
  facet normal 0 0 -1
    outer loop
      vertex 9.83342209748416 -5.256073615609874 3.2
      vertex 9.83342209748416 5.256073615609874 3.2
      vertex 10.079480618326393 -4.767239291747646 3.2
    endloop
  endfacet
  facet normal 0 0 -1
    outer loop
      vertex 10.079480618326393 -4.767239291747646 3.2
      vertex 10.079480618326393 4.767239291747646 3.2
      vertex 10.301256787500847 -4.266920270870751 3.2
    endloop
  endfacet
  facet normal 0 0 -1
    outer loop
      vertex 10.301256787500847 -4.266920270870751 3.2
      vertex 10.301256787500847 4.266920270870751 3.2
      vertex 10.498216326790683 -3.7563218653232537 3.2
    endloop
  endfacet
  facet normal 0 0 -1
    outer loop
      vertex 10.498216326790683 -3.7563218653232537 3.2
      vertex 10.498216326790683 3.7563218653232537 3.2
      vertex 10.669884743414128 -3.236674151387255 3.2
    endloop
  endfacet
  facet normal 0 0 -1
    outer loop
      vertex 10.669884743414128 -3.236674151387255 3.2
      vertex 10.669884743414128 3.236674151387255 3.2
      vertex 10.815848473119166 -2.7092290059213924 3.2
    endloop
  endfacet
  facet normal 0 0 -1
    outer loop
      vertex 10.815848473119166 -2.7092290059213924 3.2
      vertex 10.815848473119166 2.7092290059213924 3.2
      vertex 10.93575587649602 -2.17525709047983 3.2
    endloop
  endfacet
  facet normal 0 0 -1
    outer loop
      vertex 10.93575587649602 -2.17525709047983 3.2
      vertex 10.93575587649602 2.17525709047983 3.2
      vertex 11.029318086107308 -1.6360447901772834 3.2
    endloop
  endfacet
  facet normal 0 0 -1
    outer loop
      vertex 11.029318086107308 -1.6360447901772834 3.2
      vertex 11.029318086107308 1.6360447901772834 3.2
      vertex 11.096309702394995 -1.0928911146746008 3.2
    endloop
  endfacet
  facet normal 0 0 -1
    outer loop
      vertex 11.096309702394995 -1.0928911146746008 3.2
      vertex 11.096309702394995 1.0928911146746008 3.2
      vertex 11.136569336687673 -0.5471045687507109 3.2
    endloop
  endfacet
  facet normal 0 0 1
    outer loop
      vertex 1.7753219303467669 8.925146051669397 1.2
      vertex 2.211119637119701 8.82728440407035 1.2
      vertex 2.17525709047983 10.93575587649602 1.2
    endloop
  endfacet
  facet normal 0 0 1
    outer loop
      vertex 2.211119637119701 8.82728440407035 1.2
      vertex 2.641590563015607 8.7081570551631 1.2
      vertex 2.7092290059213924 10.815848473119166 1.2
    endloop
  endfacet
  facet normal 0 0 1
    outer loop
      vertex 2.641590563015607 8.7081570551631 1.2
      vertex 3.0656976658692026 8.568050993165489 1.2
      vertex 2.7092290059213924 10.815848473119166 1.2
    endloop
  endfacet
  facet normal 0 0 1
    outer loop
      vertex 0 9.1 1.2
      vertex 0.4465158363795039 9.08903865146707 1.2
      vertex 0 11.15 1.2
    endloop
  endfacet
  facet normal 0 0 1
    outer loop
      vertex 0.4465158363795039 9.08903865146707 1.2
      vertex 0.8919559769990014 9.056181012716992 1.2
      vertex 0.5471045687507109 11.136569336687673 1.2
    endloop
  endfacet
  facet normal 0 0 1
    outer loop
      vertex 0.4465158363795039 9.08903865146707 1.2
      vertex 0.5471045687507109 11.136569336687673 1.2
      vertex 0 11.15 1.2
    endloop
  endfacet
  facet normal -0.02454122852291141 -0.9996988186962042 0
    outer loop
      vertex 0 11.15 1.2
      vertex 0.5471045687507109 11.136569336687673 1.2
      vertex 0 11.15 2
    endloop
  endfacet
  facet normal -0.073564563599669 -0.9972904566786901 0
    outer loop
      vertex 0.5471045687507109 11.136569336687673 1.2
      vertex 1.0928911146746008 11.096309702394995 1.2
      vertex 0.5471045687507109 11.136569336687673 2
    endloop
  endfacet
  facet normal 0 0 1
    outer loop
      vertex 0.8919559769990014 9.056181012716992 1.2
      vertex 1.3352473175437918 9.001506240679507 1.2
      vertex 1.0928911146746008 11.096309702394995 1.2
    endloop
  endfacet
  facet normal 0 0 1
    outer loop
      vertex 1.3352473175437918 9.001506240679507 1.2
      vertex 1.7753219303467669 8.925146051669397 1.2
      vertex 1.6360447901772834 11.029318086107308 1.2
    endloop
  endfacet
  facet normal 0 0 1
    outer loop
      vertex 1.3352473175437918 9.001506240679507 1.2
      vertex 1.6360447901772834 11.029318086107308 1.2
      vertex 1.0928911146746008 11.096309702394995 1.2
    endloop
  endfacet
  facet normal 0 0 1
    outer loop
      vertex 0.8919559769990014 9.056181012716992 1.2
      vertex 1.0928911146746008 11.096309702394995 1.2
      vertex 0.5471045687507109 11.136569336687673 1.2
    endloop
  endfacet
  facet normal -0.12241067519921608 -0.99247953459871 0
    outer loop
      vertex 1.0928911146746008 11.096309702394995 1.2
      vertex 1.6360447901772834 11.029318086107308 1.2
      vertex 1.0928911146746008 11.096309702394995 2
    endloop
  endfacet
  facet normal -0.02454122852291141 -0.9996988186962042 0
    outer loop
      vertex 0.5471045687507109 11.136569336687673 1.2
      vertex 0.5471045687507109 11.136569336687673 2
      vertex 0 11.15 2
    endloop
  endfacet
  facet normal -0.073564563599669 -0.9972904566786901 0
    outer loop
      vertex 1.0928911146746008 11.096309702394995 1.2
      vertex 1.0928911146746008 11.096309702394995 2
      vertex 0.5471045687507109 11.136569336687673 2
    endloop
  endfacet
  facet normal -0.12241067519921608 -0.99247953459871 -1.4222543406187736e-18
    outer loop
      vertex 1.0928911146746008 11.096309702394995 2
      vertex 1.6360447901772834 11.029318086107308 1.2
      vertex 1.6360447901772834 11.029318086107308 2
    endloop
  endfacet
  facet normal 0 0 1
    outer loop
      vertex 1.7753219303467669 8.925146051669397 1.2
      vertex 2.17525709047983 10.93575587649602 1.2
      vertex 1.6360447901772834 11.029318086107308 1.2
    endloop
  endfacet
  facet normal 0 0 1
    outer loop
      vertex 2.211119637119701 8.82728440407035 1.2
      vertex 2.7092290059213924 10.815848473119166 1.2
      vertex 2.17525709047983 10.93575587649602 1.2
    endloop
  endfacet
  facet normal -0.17096188876030183 -0.9852776423889411 0
    outer loop
      vertex 1.6360447901772834 11.029318086107308 1.2
      vertex 2.17525709047983 10.93575587649602 1.2
      vertex 1.6360447901772834 11.029318086107308 2
    endloop
  endfacet
  facet normal -0.21910124015686844 -0.9757021300385288 0
    outer loop
      vertex 2.17525709047983 10.93575587649602 1.2
      vertex 2.7092290059213924 10.815848473119166 1.2
      vertex 2.17525709047983 10.93575587649602 2
    endloop
  endfacet
  facet normal 0 0 1
    outer loop
      vertex 2.7092290059213924 10.815848473119166 1.2
      vertex 3.0656976658692026 8.568050993165489 1.2
      vertex 3.236674151387255 10.669884743414128 1.2
    endloop
  endfacet
  facet normal -0.2667127574749005 -0.9637760657954393 0
    outer loop
      vertex 2.7092290059213924 10.815848473119166 1.2
      vertex 3.236674151387255 10.669884743414128 1.2
      vertex 2.7092290059213924 10.815848473119166 2
    endloop
  endfacet
  facet normal -0.17096188876030183 -0.9852776423889411 0
    outer loop
      vertex 2.17525709047983 10.93575587649602 1.2
      vertex 2.17525709047983 10.93575587649602 2
      vertex 1.6360447901772834 11.029318086107308 2
    endloop
  endfacet
  facet normal -0.21910124015686844 -0.9757021300385288 0
    outer loop
      vertex 2.7092290059213924 10.815848473119166 1.2
      vertex 2.7092290059213924 10.815848473119166 2
      vertex 2.17525709047983 10.93575587649602 2
    endloop
  endfacet
  facet normal -0.2667127574749005 -0.9637760657954393 1.0673071540543102e-17
    outer loop
      vertex 2.7092290059213924 10.815848473119166 2
      vertex 3.236674151387255 10.669884743414128 1.2
      vertex 3.236674151387255 10.669884743414128 2
    endloop
  endfacet
  facet normal 0 0 1
    outer loop
      vertex 3.0656976658692026 8.568050993165489 1.2
      vertex 3.482419234522317 8.407303745852708 1.2
      vertex 3.236674151387255 10.669884743414128 1.2
    endloop
  endfacet
  facet normal 0 0 1
    outer loop
      vertex 3.8907513502155666 8.226302567423334 1.2
      vertex 3.7563218653232537 10.498216326790683 1.2
      vertex 3.482419234522317 8.407303745852708 1.2
    endloop
  endfacet
  facet normal 0 0 1
    outer loop
      vertex 4.289710305116579 8.02548350557003 1.2
      vertex 4.678334972158318 7.805330351002475 1.2
      vertex 4.767239291747646 10.079480618326393 1.2
    endloop
  endfacet
  facet normal 0 0 1
    outer loop
      vertex 3.8907513502155666 8.226302567423334 1.2
      vertex 4.289710305116579 8.02548350557003 1.2
      vertex 4.266920270870751 10.301256787500847 1.2
    endloop
  endfacet
  facet normal 0 0 1
    outer loop
      vertex 4.289710305116579 8.02548350557003 1.2
      vertex 4.767239291747646 10.079480618326393 1.2
      vertex 4.266920270870751 10.301256787500847 1.2
    endloop
  endfacet
  facet normal 0 0 1
    outer loop
      vertex 5.420863670881143 7.309188536473869 1.2
      vertex 5.772978885889174 7.0343951256009065 1.2
      vertex 5.732245597754423 9.563674001503033 1.2
    endloop
  endfacet
  facet normal 0 0 1
    outer loop
      vertex 6.111186489107868 6.7426552407301275 1.2
      vertex 6.434671708797583 6.434671708797583 1.2
      vertex 6.1946080981685645 9.270886177173379 1.2
    endloop
  endfacet
  facet normal 0 0 1
    outer loop
      vertex 5.772978885889174 7.0343951256009065 1.2
      vertex 6.111186489107868 6.7426552407301275 1.2
      vertex 6.1946080981685645 9.270886177173379 1.2
    endloop
  endfacet
  facet normal 0 0 1
    outer loop
      vertex 4.678334972158318 7.805330351002475 1.2
      vertex 5.055689120478379 7.5663734719531615 1.2
      vertex 4.767239291747646 10.079480618326393 1.2
    endloop
  endfacet
  facet normal 0 0 1
    outer loop
      vertex 5.420863670881143 7.309188536473869 1.2
      vertex 5.256073615609874 9.83342209748416 1.2
      vertex 5.055689120478379 7.5663734719531615 1.2
    endloop
  endfacet
  facet normal 0 0 1
    outer loop
      vertex 5.055689120478379 7.5663734719531615 1.2
      vertex 5.256073615609874 9.83342209748416 1.2
      vertex 4.767239291747646 10.079480618326393 1.2
    endloop
  endfacet
  facet normal 0 0 1
    outer loop
      vertex 5.420863670881143 7.309188536473869 1.2
      vertex 5.732245597754423 9.563674001503033 1.2
      vertex 5.256073615609874 9.83342209748416 1.2
    endloop
  endfacet
  facet normal 0 0 1
    outer loop
      vertex 5.772978885889174 7.0343951256009065 1.2
      vertex 6.1946080981685645 9.270886177173379 1.2
      vertex 5.732245597754423 9.563674001503033 1.2
    endloop
  endfacet
  facet normal -0.5349976198870976 -0.8448535652497068 2.6345902596052835e-17
    outer loop
      vertex 6.1946080981685645 9.270886177173379 1.2
      vertex 5.732245597754423 9.563674001503033 2
      vertex 5.732245597754423 9.563674001503033 1.2
    endloop
  endfacet
  facet normal -0.5349976198870978 -0.8448535652497066 -2.0192493735163223e-16
    outer loop
      vertex 6.1946080981685645 9.270886177173379 1.2
      vertex 6.148632347812312 9.299999999999999 2
      vertex 5.732245597754423 9.563674001503033 2
    endloop
  endfacet
  facet normal -0.5758081914178441 -0.8175848131515845 0
    outer loop
      vertex 6.1946080981685645 9.270886177173379 1.2
      vertex 6.642047245090632 8.955763976009191 1.2
      vertex 6.1946080981685645 9.270886177173379 3.2
    endloop
  endfacet
  facet normal 0 0 1
    outer loop
      vertex 3.482419234522317 8.407303745852708 1.2
      vertex 3.7563218653232537 10.498216326790683 1.2
      vertex 3.236674151387255 10.669884743414128 1.2
    endloop
  endfacet
  facet normal 0 0 1
    outer loop
      vertex 3.8907513502155666 8.226302567423334 1.2
      vertex 4.266920270870751 10.301256787500847 1.2
      vertex 3.7563218653232537 10.498216326790683 1.2
    endloop
  endfacet
  facet normal -0.31368174039888835 -0.9495281805930377 -4.718233269406886e-19
    outer loop
      vertex 3.7563218653232537 10.498216326790683 1.2
      vertex 3.236674151387255 10.669884743414128 2
      vertex 3.236674151387255 10.669884743414128 1.2
    endloop
  endfacet
  facet normal -0.35989503653498994 -0.9329927988347382 0
    outer loop
      vertex 3.7563218653232537 10.498216326790683 1.2
      vertex 4.266920270870751 10.301256787500847 1.2
      vertex 3.7563218653232537 10.498216326790683 2
    endloop
  endfacet
  facet normal -0.40524131400499 -0.9142097557035305 0
    outer loop
      vertex 4.266920270870751 10.301256787500847 1.2
      vertex 4.767239291747646 10.079480618326393 1.2
      vertex 4.266920270870751 10.301256787500847 2
    endloop
  endfacet
  facet normal -0.31368174039888835 -0.9495281805930377 0
    outer loop
      vertex 3.7563218653232537 10.498216326790683 1.2
      vertex 3.7563218653232537 10.498216326790683 2
      vertex 3.236674151387255 10.669884743414128 2
    endloop
  endfacet
  facet normal -0.35989503653498994 -0.9329927988347382 1.4345427338484734e-17
    outer loop
      vertex 3.7563218653232537 10.498216326790683 2
      vertex 4.266920270870751 10.301256787500847 1.2
      vertex 4.266920270870751 10.301256787500847 2
    endloop
  endfacet
  facet normal -0.40524131400499 -0.9142097557035305 0
    outer loop
      vertex 4.767239291747646 10.079480618326393 1.2
      vertex 4.767239291747646 10.079480618326393 2
      vertex 4.266920270870751 10.301256787500847 2
    endloop
  endfacet
  facet normal -0.4496113296546044 -0.8932243011955163 0
    outer loop
      vertex 4.767239291747646 10.079480618326393 1.2
      vertex 5.256073615609874 9.83342209748416 1.2
      vertex 4.767239291747646 10.079480618326393 2
    endloop
  endfacet
  facet normal -0.49289819222978654 -0.87008699110871 0
    outer loop
      vertex 5.256073615609874 9.83342209748416 1.2
      vertex 5.732245597754423 9.563674001503033 1.2
      vertex 5.256073615609874 9.83342209748416 2
    endloop
  endfacet
  facet normal -0.4496113296546044 -0.8932243011955163 0
    outer loop
      vertex 5.256073615609874 9.83342209748416 1.2
      vertex 5.256073615609874 9.83342209748416 2
      vertex 4.767239291747646 10.079480618326393 2
    endloop
  endfacet
  facet normal -0.49289819222978654 -0.87008699110871 1.9125579138037835e-17
    outer loop
      vertex 5.256073615609874 9.83342209748416 2
      vertex 5.732245597754423 9.563674001503033 1.2
      vertex 5.732245597754423 9.563674001503033 2
    endloop
  endfacet
  facet normal 0 0 -1
    outer loop
      vertex -6.148632347812312 9.299999999999999 3.2
      vertex 6.148632347812312 9.299999999999999 3.2
      vertex 0 9.1 3.2
    endloop
  endfacet
  facet normal 0 0 -1
    outer loop
      vertex 0 9.1 3.2
      vertex 6.148632347812312 9.299999999999999 3.2
      vertex 0.4465158363795039 9.08903865146707 3.2
    endloop
  endfacet
  facet normal 0 0 -1
    outer loop
      vertex 0.4465158363795039 9.08903865146707 3.2
      vertex 6.148632347812312 9.299999999999999 3.2
      vertex 0.8919559769990014 9.056181012716992 3.2
    endloop
  endfacet
  facet normal 0 0 -1
    outer loop
      vertex 0.8919559769990014 9.056181012716992 3.2
      vertex 6.148632347812312 9.299999999999999 3.2
      vertex 1.3352473175437918 9.001506240679507 3.2
    endloop
  endfacet
  facet normal 0 0 -1
    outer loop
      vertex 1.3352473175437918 9.001506240679507 3.2
      vertex 6.148632347812312 9.299999999999999 3.2
      vertex 1.7753219303467669 8.925146051669397 3.2
    endloop
  endfacet
  facet normal -0.5349976198870953 -0.8448535652497083 0
    outer loop
      vertex 6.1946080981685645 9.270886177173379 1.2
      vertex 6.1946080981685645 9.270886177173379 3.2
      vertex 6.148632347812312 9.299999999999999 2
    endloop
  endfacet
  facet normal -0.5349976198870953 -0.8448535652497082 0
    outer loop
      vertex 6.148632347812312 9.299999999999999 2
      vertex 6.1946080981685645 9.270886177173379 3.2
      vertex 6.148632347812312 9.299999999999999 3.2
    endloop
  endfacet
  facet normal 0 0 -1
    outer loop
      vertex 1.7753219303467669 8.925146051669397 3.2
      vertex 6.148632347812312 9.299999999999999 3.2
      vertex 2.211119637119701 8.82728440407035 3.2
    endloop
  endfacet
  facet normal 0 0 -1
    outer loop
      vertex 2.211119637119701 8.82728440407035 3.2
      vertex 6.148632347812312 9.299999999999999 3.2
      vertex 2.641590563015607 8.7081570551631 3.2
    endloop
  endfacet
  facet normal 0 0 -1
    outer loop
      vertex 2.641590563015607 8.7081570551631 3.2
      vertex 6.148632347812312 9.299999999999999 3.2
      vertex 3.0656976658692026 8.568050993165489 3.2
    endloop
  endfacet
  facet normal 0 0 -1
    outer loop
      vertex 3.0656976658692026 8.568050993165489 3.2
      vertex 6.148632347812312 9.299999999999999 3.2
      vertex 3.482419234522317 8.407303745852708 3.2
    endloop
  endfacet
  facet normal 0 0 -1
    outer loop
      vertex 3.8907513502155666 8.226302567423334 3.2
      vertex 3.482419234522317 8.407303745852708 3.2
      vertex 6.148632347812312 9.299999999999999 3.2
    endloop
  endfacet
  facet normal 0 0 -1
    outer loop
      vertex 3.8907513502155666 8.226302567423334 3.2
      vertex 6.148632347812312 9.299999999999999 3.2
      vertex 4.289710305116579 8.02548350557003 3.2
    endloop
  endfacet
  facet normal 0 0 -1
    outer loop
      vertex 5.420863670881143 7.309188536473869 3.2
      vertex 6.148632347812312 9.299999999999999 3.2
      vertex 5.772978885889174 7.0343951256009065 3.2
    endloop
  endfacet
  facet normal 0 0 -1
    outer loop
      vertex 6.111186489107868 6.7426552407301275 3.2
      vertex 6.642047245090632 8.955763976009191 3.2
      vertex 6.434671708797583 6.434671708797583 3.2
    endloop
  endfacet
  facet normal 0 0 -1
    outer loop
      vertex 5.772978885889174 7.0343951256009065 3.2
      vertex 6.1946080981685645 9.270886177173379 3.2
      vertex 6.111186489107868 6.7426552407301275 3.2
    endloop
  endfacet
  facet normal 0 0 -1
    outer loop
      vertex 4.289710305116579 8.02548350557003 3.2
      vertex 6.148632347812312 9.299999999999999 3.2
      vertex 4.678334972158318 7.805330351002475 3.2
    endloop
  endfacet
  facet normal 0 0 -1
    outer loop
      vertex 4.678334972158318 7.805330351002475 3.2
      vertex 6.148632347812312 9.299999999999999 3.2
      vertex 5.055689120478379 7.5663734719531615 3.2
    endloop
  endfacet
  facet normal 0 0 -1
    outer loop
      vertex 5.420863670881143 7.309188536473869 3.2
      vertex 5.055689120478379 7.5663734719531615 3.2
      vertex 6.148632347812312 9.299999999999999 3.2
    endloop
  endfacet
  facet normal 0 0 -1
    outer loop
      vertex 6.111186489107868 6.7426552407301275 3.2
      vertex 6.1946080981685645 9.270886177173379 3.2
      vertex 6.642047245090632 8.955763976009191 3.2
    endloop
  endfacet
  facet normal 0 0 -1
    outer loop
      vertex 5.772978885889174 7.0343951256009065 3.2
      vertex 6.148632347812312 9.299999999999999 3.2
      vertex 6.1946080981685645 9.270886177173379 3.2
    endloop
  endfacet
  facet normal 0 0 1
    outer loop
      vertex 9.1 0 1.2
      vertex 9.270886177173379 6.1946080981685645 1.2
      vertex 9.08903865146707 0.4465158363795039 1.2
    endloop
  endfacet
  facet normal 0 0 1
    outer loop
      vertex 9.270886177173379 -6.1946080981685645 1.2
      vertex 9.563674001503033 5.732245597754423 1.2
      vertex 9.270886177173379 6.1946080981685645 1.2
    endloop
  endfacet
  facet normal 0 0 1
    outer loop
      vertex 9.056181012716992 0.8919559769990014 1.2
      vertex 9.08903865146707 0.4465158363795039 1.2
      vertex 9.270886177173379 6.1946080981685645 1.2
    endloop
  endfacet
  facet normal 0 0 1
    outer loop
      vertex 9.056181012716992 0.8919559769990014 1.2
      vertex 9.270886177173379 6.1946080981685645 1.2
      vertex 9.001506240679507 1.3352473175437918 1.2
    endloop
  endfacet
  facet normal 0 0 1
    outer loop
      vertex 7.5663734719531615 5.055689120478379 1.2
      vertex 7.487882346544255 8.261605047707794 1.2
      vertex 7.309188536473869 5.420863670881143 1.2
    endloop
  endfacet
  facet normal 0 0 1
    outer loop
      vertex 7.5663734719531615 5.055689120478379 1.2
      vertex 7.805330351002475 4.678334972158318 1.2
      vertex 7.884240610230005 7.884240610230005 1.2
    endloop
  endfacet
  facet normal 0 0 1
    outer loop
      vertex 7.805330351002475 4.678334972158318 1.2
      vertex 8.02548350557003 4.289710305116579 1.2
      vertex 7.884240610230005 7.884240610230005 1.2
    endloop
  endfacet
  facet normal 0 0 1
    outer loop
      vertex 8.7081570551631 2.641590563015607 1.2
      vertex 8.619066554994518 7.073485118424648 1.2
      vertex 8.568050993165489 3.0656976658692026 1.2
    endloop
  endfacet
  facet normal 0 0 1
    outer loop
      vertex 8.407303745852708 3.482419234522317 1.2
      vertex 8.568050993165489 3.0656976658692026 1.2
      vertex 8.619066554994518 7.073485118424648 1.2
    endloop
  endfacet
  facet normal 0 0 1
    outer loop
      vertex 9.001506240679507 1.3352473175437918 1.2
      vertex 8.955763976009191 6.642047245090632 1.2
      vertex 8.925146051669397 1.7753219303467669 1.2
    endloop
  endfacet
  facet normal 0 0 1
    outer loop
      vertex 8.925146051669397 1.7753219303467669 1.2
      vertex 8.955763976009191 6.642047245090632 1.2
      vertex 8.82728440407035 2.211119637119701 1.2
    endloop
  endfacet
  facet normal 0 0 1
    outer loop
      vertex 8.7081570551631 2.641590563015607 1.2
      vertex 8.82728440407035 2.211119637119701 1.2
      vertex 8.955763976009191 6.642047245090632 1.2
    endloop
  endfacet
  facet normal 0 0 1
    outer loop
      vertex 9.001506240679507 1.3352473175437918 1.2
      vertex 9.270886177173379 6.1946080981685645 1.2
      vertex 8.955763976009191 6.642047245090632 1.2
    endloop
  endfacet
  facet normal 0 0 1
    outer loop
      vertex 8.226302567423334 3.8907513502155666 1.2
      vertex 8.407303745852708 3.482419234522317 1.2
      vertex 8.261605047707794 7.487882346544255 1.2
    endloop
  endfacet
  facet normal 0 0 1
    outer loop
      vertex 8.226302567423334 3.8907513502155666 1.2
      vertex 8.261605047707794 7.487882346544255 1.2
      vertex 8.02548350557003 4.289710305116579 1.2
    endloop
  endfacet
  facet normal 0 0 1
    outer loop
      vertex 8.7081570551631 2.641590563015607 1.2
      vertex 8.955763976009191 6.642047245090632 1.2
      vertex 8.619066554994518 7.073485118424648 1.2
    endloop
  endfacet
  facet normal 0 0 1
    outer loop
      vertex 8.407303745852708 3.482419234522317 1.2
      vertex 8.619066554994518 7.073485118424648 1.2
      vertex 8.261605047707794 7.487882346544255 1.2
    endloop
  endfacet
  facet normal -0.8175848131515845 -0.5758081914178441 0
    outer loop
      vertex 9.270886177173379 6.1946080981685645 1.2
      vertex 9.270886177173379 6.1946080981685645 3.2
      vertex 8.955763976009191 6.642047245090632 1.2
    endloop
  endfacet
  facet normal -0.8448535652497068 -0.5349976198870975 1.0538361038421134e-17
    outer loop
      vertex 9.270886177173379 6.1946080981685645 1.2
      vertex 9.563674001503033 5.732245597754423 1.2
      vertex 9.563674001503033 5.732245597754423 3.2
    endloop
  endfacet
  facet normal 0 0 1
    outer loop
      vertex 9.83342209748416 -5.256073615609874 1.2
      vertex 10.079480618326393 4.767239291747646 1.2
      vertex 9.83342209748416 5.256073615609874 1.2
    endloop
  endfacet
  facet normal 0 0 1
    outer loop
      vertex 10.079480618326393 -4.767239291747646 1.2
      vertex 10.301256787500847 4.266920270870751 1.2
      vertex 10.079480618326393 4.767239291747646 1.2
    endloop
  endfacet
  facet normal 0 0 1
    outer loop
      vertex 10.301256787500847 -4.266920270870751 1.2
      vertex 10.498216326790683 3.7563218653232537 1.2
      vertex 10.301256787500847 4.266920270870751 1.2
    endloop
  endfacet
  facet normal 0 0 1
    outer loop
      vertex 11.136569336687673 -0.5471045687507109 1.2
      vertex 11.15 0 1.2
      vertex 11.136569336687673 0.5471045687507109 1.2
    endloop
  endfacet
  facet normal 0 0 1
    outer loop
      vertex 11.096309702394995 -1.0928911146746008 1.2
      vertex 11.136569336687673 0.5471045687507109 1.2
      vertex 11.096309702394995 1.0928911146746008 1.2
    endloop
  endfacet
  facet normal 0 0 1
    outer loop
      vertex 11.029318086107308 -1.6360447901772834 1.2
      vertex 11.096309702394995 1.0928911146746008 1.2
      vertex 11.029318086107308 1.6360447901772834 1.2
    endloop
  endfacet
  facet normal 0 0 1
    outer loop
      vertex 10.93575587649602 -2.17525709047983 1.2
      vertex 11.029318086107308 1.6360447901772834 1.2
      vertex 10.93575587649602 2.17525709047983 1.2
    endloop
  endfacet
  facet normal 0 0 1
    outer loop
      vertex 10.815848473119166 -2.7092290059213924 1.2
      vertex 10.93575587649602 2.17525709047983 1.2
      vertex 10.815848473119166 2.7092290059213924 1.2
    endloop
  endfacet
  facet normal 0 0 1
    outer loop
      vertex 10.498216326790683 -3.7563218653232537 1.2
      vertex 10.669884743414128 3.236674151387255 1.2
      vertex 10.498216326790683 3.7563218653232537 1.2
    endloop
  endfacet
  facet normal 0 0 1
    outer loop
      vertex 10.669884743414128 -3.236674151387255 1.2
      vertex 10.815848473119166 2.7092290059213924 1.2
      vertex 10.669884743414128 3.236674151387255 1.2
    endloop
  endfacet
  facet normal -0.9996988186962042 -0.024541228522911407 0
    outer loop
      vertex 11.15 0 1.2
      vertex 11.15 0 3.2
      vertex 11.136569336687673 0.5471045687507109 1.2
    endloop
  endfacet
  facet normal -0.9972904566786902 -0.073564563599669 0
    outer loop
      vertex 11.136569336687673 0.5471045687507109 1.2
      vertex 11.136569336687673 0.5471045687507109 3.2
      vertex 11.096309702394995 1.0928911146746008 1.2
    endloop
  endfacet
  facet normal -0.9924795345987101 -0.1224106751992161 0
    outer loop
      vertex 11.096309702394995 1.0928911146746008 1.2
      vertex 11.096309702394995 1.0928911146746008 3.2
      vertex 11.029318086107308 1.6360447901772834 1.2
    endloop
  endfacet
  facet normal 0 0 1
    outer loop
      vertex 9.563674001503033 -5.732245597754423 1.2
      vertex 9.83342209748416 5.256073615609874 1.2
      vertex 9.563674001503033 5.732245597754423 1.2
    endloop
  endfacet
  facet normal -0.9852776423889411 -0.17096188876030186 0
    outer loop
      vertex 11.029318086107308 1.6360447901772834 1.2
      vertex 11.029318086107308 1.6360447901772834 3.2
      vertex 10.93575587649602 2.17525709047983 1.2
    endloop
  endfacet
  facet normal -0.9757021300385287 -0.2191012401568684 0
    outer loop
      vertex 10.93575587649602 2.17525709047983 1.2
      vertex 10.93575587649602 2.17525709047983 3.2
      vertex 10.815848473119166 2.7092290059213924 1.2
    endloop
  endfacet
  facet normal -0.9637760657954393 -0.2667127574749005 0
    outer loop
      vertex 10.815848473119166 2.7092290059213924 1.2
      vertex 10.815848473119166 2.7092290059213924 3.2
      vertex 10.669884743414128 3.236674151387255 1.2
    endloop
  endfacet
  facet normal -0.9142097557035306 -0.40524131400499 1.680332728711553e-18
    outer loop
      vertex 10.079480618326393 4.767239291747646 1.2
      vertex 10.301256787500847 4.266920270870751 1.2
      vertex 10.301256787500847 4.266920270870751 3.2
    endloop
  endfacet
  facet normal -0.9495281805930377 -0.31368174039888835 0
    outer loop
      vertex 10.669884743414128 3.236674151387255 1.2
      vertex 10.669884743414128 3.236674151387255 3.2
      vertex 10.498216326790683 3.7563218653232537 1.2
    endloop
  endfacet
  facet normal -0.9329927988347383 -0.3598950365349899 0
    outer loop
      vertex 10.498216326790683 3.7563218653232537 1.2
      vertex 10.498216326790683 3.7563218653232537 3.2
      vertex 10.301256787500847 4.266920270870751 1.2
    endloop
  endfacet
  facet normal -0.8932243011955164 -0.4496113296546044 0
    outer loop
      vertex 10.079480618326393 4.767239291747646 1.2
      vertex 10.079480618326393 4.767239291747646 3.2
      vertex 9.83342209748416 5.256073615609874 1.2
    endloop
  endfacet
  facet normal -0.87008699110871 -0.49289819222978654 7.650231655215133e-18
    outer loop
      vertex 9.563674001503033 5.732245597754423 1.2
      vertex 9.83342209748416 5.256073615609874 1.2
      vertex 9.83342209748416 5.256073615609874 3.2
    endloop
  endfacet
  facet normal 0 0 -1
    outer loop
      vertex 9.270886177173379 -6.1946080981685645 3.2
      vertex 9.08903865146707 0.4465158363795039 3.2
      vertex 8.955763976009191 6.642047245090632 3.2
    endloop
  endfacet
  facet normal 0 0 -1
    outer loop
      vertex 9.270886177173379 -6.1946080981685645 3.2
      vertex 8.955763976009191 6.642047245090632 3.2
      vertex 9.270886177173379 6.1946080981685645 3.2
    endloop
  endfacet
  facet normal 0 0 -1
    outer loop
      vertex 9.563674001503033 -5.732245597754423 3.2
      vertex 9.270886177173379 6.1946080981685645 3.2
      vertex 9.563674001503033 5.732245597754423 3.2
    endloop
  endfacet
  facet normal 0 0 -1
    outer loop
      vertex 9.056181012716992 0.8919559769990014 3.2
      vertex 8.955763976009191 6.642047245090632 3.2
      vertex 9.08903865146707 0.4465158363795039 3.2
    endloop
  endfacet
  facet normal 0 0 -1
    outer loop
      vertex 9.056181012716992 0.8919559769990014 3.2
      vertex 9.001506240679507 1.3352473175437918 3.2
      vertex 8.955763976009191 6.642047245090632 3.2
    endloop
  endfacet
  facet normal -0.8448535652497068 -0.5349976198870975 0
    outer loop
      vertex 9.270886177173379 6.1946080981685645 1.2
      vertex 9.563674001503033 5.732245597754423 3.2
      vertex 9.270886177173379 6.1946080981685645 3.2
    endloop
  endfacet
  facet normal 0 0 -1
    outer loop
      vertex 7.5663734719531615 5.055689120478379 3.2
      vertex 7.309188536473869 5.420863670881143 3.2
      vertex 7.487882346544255 8.261605047707794 3.2
    endloop
  endfacet
  facet normal 0 0 -1
    outer loop
      vertex 7.5663734719531615 5.055689120478379 3.2
      vertex 7.884240610230005 7.884240610230005 3.2
      vertex 7.805330351002475 4.678334972158318 3.2
    endloop
  endfacet
  facet normal 0 0 -1
    outer loop
      vertex 8.7081570551631 2.641590563015607 3.2
      vertex 8.568050993165489 3.0656976658692026 3.2
      vertex 8.619066554994518 7.073485118424648 3.2
    endloop
  endfacet
  facet normal 0 0 -1
    outer loop
      vertex 8.407303745852708 3.482419234522317 3.2
      vertex 8.619066554994518 7.073485118424648 3.2
      vertex 8.568050993165489 3.0656976658692026 3.2
    endloop
  endfacet
  facet normal 0 0 -1
    outer loop
      vertex 9.001506240679507 1.3352473175437918 3.2
      vertex 8.925146051669397 1.7753219303467669 3.2
      vertex 8.955763976009191 6.642047245090632 3.2
    endloop
  endfacet
  facet normal 0 0 -1
    outer loop
      vertex 8.925146051669397 1.7753219303467669 3.2
      vertex 8.82728440407035 2.211119637119701 3.2
      vertex 8.955763976009191 6.642047245090632 3.2
    endloop
  endfacet
  facet normal 0 0 -1
    outer loop
      vertex 8.7081570551631 2.641590563015607 3.2
      vertex 8.955763976009191 6.642047245090632 3.2
      vertex 8.82728440407035 2.211119637119701 3.2
    endloop
  endfacet
  facet normal 0 0 -1
    outer loop
      vertex 8.226302567423334 3.8907513502155666 3.2
      vertex 8.02548350557003 4.289710305116579 3.2
      vertex 8.261605047707794 7.487882346544255 3.2
    endloop
  endfacet
  facet normal 0 0 -1
    outer loop
      vertex 7.805330351002475 4.678334972158318 3.2
      vertex 8.261605047707794 7.487882346544255 3.2
      vertex 8.02548350557003 4.289710305116579 3.2
    endloop
  endfacet
  facet normal 0 0 -1
    outer loop
      vertex 8.226302567423334 3.8907513502155666 3.2
      vertex 8.619066554994518 7.073485118424648 3.2
      vertex 8.407303745852708 3.482419234522317 3.2
    endloop
  endfacet
  facet normal 0 0 -1
    outer loop
      vertex 8.7081570551631 2.641590563015607 3.2
      vertex 8.619066554994518 7.073485118424648 3.2
      vertex 8.955763976009191 6.642047245090632 3.2
    endloop
  endfacet
  facet normal 0 0 -1
    outer loop
      vertex 8.226302567423334 3.8907513502155666 3.2
      vertex 8.261605047707794 7.487882346544255 3.2
      vertex 8.619066554994518 7.073485118424648 3.2
    endloop
  endfacet
  facet normal -0.9996988186962042 -0.024541228522911407 0
    outer loop
      vertex 11.136569336687673 0.5471045687507109 1.2
      vertex 11.15 0 3.2
      vertex 11.136569336687673 0.5471045687507109 3.2
    endloop
  endfacet
  facet normal -0.9972904566786902 -0.073564563599669 0
    outer loop
      vertex 11.096309702394995 1.0928911146746008 1.2
      vertex 11.136569336687673 0.5471045687507109 3.2
      vertex 11.096309702394995 1.0928911146746008 3.2
    endloop
  endfacet
  facet normal -0.9924795345987101 -0.1224106751992161 0
    outer loop
      vertex 11.029318086107308 1.6360447901772834 1.2
      vertex 11.096309702394995 1.0928911146746008 3.2
      vertex 11.029318086107308 1.6360447901772834 3.2
    endloop
  endfacet
  facet normal -0.9852776423889411 -0.17096188876030186 0
    outer loop
      vertex 10.93575587649602 2.17525709047983 1.2
      vertex 11.029318086107308 1.6360447901772834 3.2
      vertex 10.93575587649602 2.17525709047983 3.2
    endloop
  endfacet
  facet normal -0.9637760657954393 -0.2667127574749005 0
    outer loop
      vertex 10.669884743414128 3.236674151387255 1.2
      vertex 10.815848473119166 2.7092290059213924 3.2
      vertex 10.669884743414128 3.236674151387255 3.2
    endloop
  endfacet
  facet normal -0.9757021300385287 -0.2191012401568684 0
    outer loop
      vertex 10.815848473119166 2.7092290059213924 1.2
      vertex 10.93575587649602 2.17525709047983 3.2
      vertex 10.815848473119166 2.7092290059213924 3.2
    endloop
  endfacet
  facet normal 0 0 -1
    outer loop
      vertex 10.301256787500847 -4.266920270870751 3.2
      vertex 10.079480618326393 4.767239291747646 3.2
      vertex 10.301256787500847 4.266920270870751 3.2
    endloop
  endfacet
  facet normal 0 0 -1
    outer loop
      vertex 11.136569336687673 -0.5471045687507109 3.2
      vertex 11.136569336687673 0.5471045687507109 3.2
      vertex 11.15 0 3.2
    endloop
  endfacet
  facet normal 0 0 -1
    outer loop
      vertex 11.136569336687673 -0.5471045687507109 3.2
      vertex 11.096309702394995 1.0928911146746008 3.2
      vertex 11.136569336687673 0.5471045687507109 3.2
    endloop
  endfacet
  facet normal 0 0 -1
    outer loop
      vertex 11.029318086107308 -1.6360447901772834 3.2
      vertex 10.93575587649602 2.17525709047983 3.2
      vertex 11.029318086107308 1.6360447901772834 3.2
    endloop
  endfacet
  facet normal 0 0 -1
    outer loop
      vertex 11.096309702394995 -1.0928911146746008 3.2
      vertex 11.029318086107308 1.6360447901772834 3.2
      vertex 11.096309702394995 1.0928911146746008 3.2
    endloop
  endfacet
  facet normal 0 0 -1
    outer loop
      vertex 10.815848473119166 -2.7092290059213924 3.2
      vertex 10.669884743414128 3.236674151387255 3.2
      vertex 10.815848473119166 2.7092290059213924 3.2
    endloop
  endfacet
  facet normal 0 0 -1
    outer loop
      vertex 10.498216326790683 -3.7563218653232537 3.2
      vertex 10.301256787500847 4.266920270870751 3.2
      vertex 10.498216326790683 3.7563218653232537 3.2
    endloop
  endfacet
  facet normal 0 0 -1
    outer loop
      vertex 10.669884743414128 -3.236674151387255 3.2
      vertex 10.498216326790683 3.7563218653232537 3.2
      vertex 10.669884743414128 3.236674151387255 3.2
    endloop
  endfacet
  facet normal 0 0 -1
    outer loop
      vertex 10.93575587649602 -2.17525709047983 3.2
      vertex 10.815848473119166 2.7092290059213924 3.2
      vertex 10.93575587649602 2.17525709047983 3.2
    endloop
  endfacet
  facet normal 0 0 -1
    outer loop
      vertex 9.83342209748416 -5.256073615609874 3.2
      vertex 9.563674001503033 5.732245597754423 3.2
      vertex 9.83342209748416 5.256073615609874 3.2
    endloop
  endfacet
  facet normal 0 0 -1
    outer loop
      vertex 10.079480618326393 -4.767239291747646 3.2
      vertex 9.83342209748416 5.256073615609874 3.2
      vertex 10.079480618326393 4.767239291747646 3.2
    endloop
  endfacet
  facet normal -0.9329927988347383 -0.3598950365349899 5.738170935393894e-18
    outer loop
      vertex 10.498216326790683 3.7563218653232537 3.2
      vertex 10.301256787500847 4.266920270870751 3.2
      vertex 10.301256787500847 4.266920270870751 1.2
    endloop
  endfacet
  facet normal -0.9142097557035306 -0.40524131400499 0
    outer loop
      vertex 10.079480618326393 4.767239291747646 1.2
      vertex 10.301256787500847 4.266920270870751 3.2
      vertex 10.079480618326393 4.767239291747646 3.2
    endloop
  endfacet
  facet normal -0.9495281805930377 -0.31368174039888835 0
    outer loop
      vertex 10.498216326790683 3.7563218653232537 1.2
      vertex 10.669884743414128 3.236674151387255 3.2
      vertex 10.498216326790683 3.7563218653232537 3.2
    endloop
  endfacet
  facet normal -0.8932243011955164 -0.4496113296546044 0
    outer loop
      vertex 9.83342209748416 5.256073615609874 1.2
      vertex 10.079480618326393 4.767239291747646 3.2
      vertex 9.83342209748416 5.256073615609874 3.2
    endloop
  endfacet
  facet normal -0.87008699110871 -0.49289819222978654 0
    outer loop
      vertex 9.563674001503033 5.732245597754423 1.2
      vertex 9.83342209748416 5.256073615609874 3.2
      vertex 9.563674001503033 5.732245597754423 3.2
    endloop
  endfacet
  facet normal 0 0 1
    outer loop
      vertex 6.7426552407301275 6.111186489107868 1.2
      vertex 6.642047245090632 8.955763976009191 1.2
      vertex 6.434671708797583 6.434671708797583 1.2
    endloop
  endfacet
  facet normal 0 0 1
    outer loop
      vertex 7.309188536473869 5.420863670881143 1.2
      vertex 7.073485118424648 8.619066554994518 1.2
      vertex 7.0343951256009065 5.772978885889174 1.2
    endloop
  endfacet
  facet normal 0 0 1
    outer loop
      vertex 6.7426552407301275 6.111186489107868 1.2
      vertex 7.0343951256009065 5.772978885889174 1.2
      vertex 7.073485118424648 8.619066554994518 1.2
    endloop
  endfacet
  facet normal 0 0 1
    outer loop
      vertex 6.7426552407301275 6.111186489107868 1.2
      vertex 7.073485118424648 8.619066554994518 1.2
      vertex 6.642047245090632 8.955763976009191 1.2
    endloop
  endfacet
  facet normal 0 0 1
    outer loop
      vertex 7.5663734719531615 5.055689120478379 1.2
      vertex 7.884240610230005 7.884240610230005 1.2
      vertex 7.487882346544255 8.261605047707794 1.2
    endloop
  endfacet
  facet normal 0 0 1
    outer loop
      vertex 7.309188536473869 5.420863670881143 1.2
      vertex 7.487882346544255 8.261605047707794 1.2
      vertex 7.073485118424648 8.619066554994518 1.2
    endloop
  endfacet
  facet normal 0 0 1
    outer loop
      vertex 6.434671708797583 6.434671708797583 1.2
      vertex 6.642047245090632 8.955763976009191 1.2
      vertex 6.1946080981685645 9.270886177173379 1.2
    endloop
  endfacet
  facet normal -0.615231590580626 -0.788346427626607 0
    outer loop
      vertex 6.642047245090632 8.955763976009191 1.2
      vertex 7.073485118424648 8.619066554994518 1.2
      vertex 6.642047245090632 8.955763976009191 3.2
    endloop
  endfacet
  facet normal -0.6531728429537772 -0.7572088465064842 -9.256535642724174e-18
    outer loop
      vertex 7.487882346544255 8.261605047707794 1.2
      vertex 7.073485118424648 8.619066554994518 3.2
      vertex 7.073485118424648 8.619066554994518 1.2
    endloop
  endfacet
  facet normal -0.6895405447370669 -0.7242470829514669 0
    outer loop
      vertex 7.487882346544255 8.261605047707794 1.2
      vertex 7.884240610230005 7.884240610230005 1.2
      vertex 7.487882346544255 8.261605047707794 3.2
    endloop
  endfacet
  facet normal 0 0 1
    outer loop
      vertex 8.02548350557003 4.289710305116579 1.2
      vertex 8.261605047707794 7.487882346544255 1.2
      vertex 7.884240610230005 7.884240610230005 1.2
    endloop
  endfacet
  facet normal -0.7242470829514669 -0.6895405447370669 7.312230006259916e-18
    outer loop
      vertex 7.884240610230005 7.884240610230005 1.2
      vertex 8.261605047707794 7.487882346544255 1.2
      vertex 8.261605047707794 7.487882346544255 3.2
    endloop
  endfacet
  facet normal -0.7572088465064842 -0.6531728429537772 -9.256535642724174e-18
    outer loop
      vertex 8.261605047707794 7.487882346544255 1.2
      vertex 8.619066554994518 7.073485118424648 1.2
      vertex 8.619066554994518 7.073485118424648 3.2
    endloop
  endfacet
  facet normal -0.788346427626607 -0.615231590580626 -2.8041835177485642e-18
    outer loop
      vertex 8.619066554994518 7.073485118424648 1.2
      vertex 8.955763976009191 6.642047245090632 1.2
      vertex 8.955763976009191 6.642047245090632 3.2
    endloop
  endfacet
  facet normal -0.615231590580626 -0.788346427626607 0
    outer loop
      vertex 7.073485118424648 8.619066554994518 1.2
      vertex 7.073485118424648 8.619066554994518 3.2
      vertex 6.642047245090632 8.955763976009191 3.2
    endloop
  endfacet
  facet normal -0.5758081914178441 -0.8175848131515845 0
    outer loop
      vertex 6.642047245090632 8.955763976009191 1.2
      vertex 6.642047245090632 8.955763976009191 3.2
      vertex 6.1946080981685645 9.270886177173379 3.2
    endloop
  endfacet
  facet normal -0.6531728429537772 -0.7572088465064842 0
    outer loop
      vertex 7.487882346544255 8.261605047707794 1.2
      vertex 7.487882346544255 8.261605047707794 3.2
      vertex 7.073485118424648 8.619066554994518 3.2
    endloop
  endfacet
  facet normal -0.6895405447370669 -0.7242470829514669 0
    outer loop
      vertex 7.884240610230005 7.884240610230005 1.2
      vertex 7.884240610230005 7.884240610230005 3.2
      vertex 7.487882346544255 8.261605047707794 3.2
    endloop
  endfacet
  facet normal -0.788346427626607 -0.615231590580626 0
    outer loop
      vertex 8.619066554994518 7.073485118424648 1.2
      vertex 8.955763976009191 6.642047245090632 3.2
      vertex 8.619066554994518 7.073485118424648 3.2
    endloop
  endfacet
  facet normal -0.7572088465064842 -0.6531728429537772 0
    outer loop
      vertex 8.261605047707794 7.487882346544255 1.2
      vertex 8.619066554994518 7.073485118424648 3.2
      vertex 8.261605047707794 7.487882346544255 3.2
    endloop
  endfacet
  facet normal -0.7242470829514669 -0.6895405447370669 0
    outer loop
      vertex 7.884240610230005 7.884240610230005 1.2
      vertex 8.261605047707794 7.487882346544255 3.2
      vertex 7.884240610230005 7.884240610230005 3.2
    endloop
  endfacet
  facet normal -0.8175848131515845 -0.5758081914178441 0
    outer loop
      vertex 8.955763976009191 6.642047245090632 1.2
      vertex 9.270886177173379 6.1946080981685645 3.2
      vertex 8.955763976009191 6.642047245090632 3.2
    endloop
  endfacet
  facet normal 0 0 -1
    outer loop
      vertex 6.7426552407301275 6.111186489107868 3.2
      vertex 6.434671708797583 6.434671708797583 3.2
      vertex 7.073485118424648 8.619066554994518 3.2
    endloop
  endfacet
  facet normal 0 0 -1
    outer loop
      vertex 6.7426552407301275 6.111186489107868 3.2
      vertex 7.073485118424648 8.619066554994518 3.2
      vertex 7.0343951256009065 5.772978885889174 3.2
    endloop
  endfacet
  facet normal 0 0 -1
    outer loop
      vertex 7.0343951256009065 5.772978885889174 3.2
      vertex 7.073485118424648 8.619066554994518 3.2
      vertex 7.487882346544255 8.261605047707794 3.2
    endloop
  endfacet
  facet normal 0 0 -1
    outer loop
      vertex 7.309188536473869 5.420863670881143 3.2
      vertex 7.0343951256009065 5.772978885889174 3.2
      vertex 7.487882346544255 8.261605047707794 3.2
    endloop
  endfacet
  facet normal 0 0 -1
    outer loop
      vertex 7.805330351002475 4.678334972158318 3.2
      vertex 7.884240610230005 7.884240610230005 3.2
      vertex 8.261605047707794 7.487882346544255 3.2
    endloop
  endfacet
  facet normal 0 0 -1
    outer loop
      vertex 7.5663734719531615 5.055689120478379 3.2
      vertex 7.487882346544255 8.261605047707794 3.2
      vertex 7.884240610230005 7.884240610230005 3.2
    endloop
  endfacet
  facet normal 0 0 -1
    outer loop
      vertex 6.434671708797583 6.434671708797583 3.2
      vertex 6.642047245090632 8.955763976009191 3.2
      vertex 7.073485118424648 8.619066554994518 3.2
    endloop
  endfacet
  facet normal 0 0 1
    outer loop
      vertex -6.148632347812312 9.299999999999999 2
      vertex -8.595954622041836 9.484174404543475 2
      vertex -8.789399048570518 9.299999999999999 2
    endloop
  endfacet
  facet normal 0 0 1
    outer loop
      vertex -6.148632347812312 9.299999999999999 2
      vertex -8.120234037294662 9.894533803043032 2
      vertex -8.595954622041836 9.484174404543475 2
    endloop
  endfacet
  facet normal 0 0 1
    outer loop
      vertex -6.148632347812312 9.299999999999999 2
      vertex -7.624951097503146 10.281056402952254 2
      vertex -8.120234037294662 9.894533803043032 2
    endloop
  endfacet
  facet normal 0 0 1
    outer loop
      vertex -6.148632347812312 9.299999999999999 2
      vertex -7.111298982650907 10.642811037472578 2
      vertex -7.624951097503146 10.281056402952254 2
    endloop
  endfacet
  facet normal 0 0 1
    outer loop
      vertex -6.148632347812312 9.299999999999999 2
      vertex -6.580515125673238 10.97892620800348 2
      vertex -7.111298982650907 10.642811037472578 2
    endloop
  endfacet
  facet normal 0 1 0
    outer loop
      vertex -6.148632347812312 9.299999999999999 2
      vertex -8.789399048570518 9.299999999999999 2
      vertex -6.148632347812312 9.299999999999999 3.2
    endloop
  endfacet
  facet normal 0 1 0
    outer loop
      vertex -6.148632347812312 9.299999999999999 3.2
      vertex -8.789399048570518 9.299999999999999 2
      vertex -8.789399048570518 9.299999999999999 6
    endloop
  endfacet
  facet normal 0 0 1
    outer loop
      vertex -6.148632347812312 9.299999999999999 2
      vertex -6.0338782313727695 11.288592183658944 2
      vertex -6.580515125673238 10.97892620800348 2
    endloop
  endfacet
  facet normal 0 0 1
    outer loop
      vertex -6.148632347812312 9.299999999999999 2
      vertex -5.4727051959076105 11.571062951980073 2
      vertex -6.0338782313727695 11.288592183658944 2
    endloop
  endfacet
  facet normal 0 0 1
    outer loop
      vertex -6.148632347812312 9.299999999999999 2
      vertex -4.898347934273149 11.82565801614447 2
      vertex -5.4727051959076105 11.571062951980073 2
    endloop
  endfacet
  facet normal 0 0 1
    outer loop
      vertex -6.148632347812312 9.299999999999999 2
      vertex -4.312190123420416 12.051764034342666 2
      vertex -4.898347934273149 11.82565801614447 2
    endloop
  endfacet
  facet normal 0 0 1
    outer loop
      vertex -6.148632347812312 9.299999999999999 2
      vertex -5.732245597754423 9.563674001503033 2
      vertex -1.2546193962183756 12.738364501404119 2
    endloop
  endfacet
  facet normal 0 0 1
    outer loop
      vertex -5.732245597754423 9.563674001503033 2
      vertex -5.256073615609874 9.83342209748416 2
      vertex -1.2546193962183756 12.738364501404119 2
    endloop
  endfacet
  facet normal 0 0 1
    outer loop
      vertex -5.256073615609874 9.83342209748416 2
      vertex -4.767239291747646 10.079480618326393 2
      vertex -1.2546193962183756 12.738364501404119 2
    endloop
  endfacet
  facet normal 0 0 1
    outer loop
      vertex -4.767239291747646 10.079480618326393 2
      vertex -4.266920270870751 10.301256787500847 2
      vertex -1.2546193962183756 12.738364501404119 2
    endloop
  endfacet
  facet normal 0 0 1
    outer loop
      vertex -6.148632347812312 9.299999999999999 2
      vertex -3.7156438688571174 12.248836297372272 2
      vertex -4.312190123420416 12.051764034342666 2
    endloop
  endfacet
  facet normal 0 0 1
    outer loop
      vertex -6.148632347812312 9.299999999999999 2
      vertex -3.1101463027617773 12.416400040890162 2
      vertex -3.7156438688571174 12.248836297372272 2
    endloop
  endfacet
  facet normal 0 0 1
    outer loop
      vertex -6.148632347812312 9.299999999999999 2
      vertex -2.4971561218064413 12.554051589161348 2
      vertex -3.1101463027617773 12.416400040890162 2
    endloop
  endfacet
  facet normal 0 0 1
    outer loop
      vertex -6.148632347812312 9.299999999999999 2
      vertex -1.8781500730286302 12.661459327549196 2
      vertex -2.4971561218064413 12.554051589161348 2
    endloop
  endfacet
  facet normal 0 0 1
    outer loop
      vertex -4.266920270870751 10.301256787500847 2
      vertex -3.7563218653232537 10.498216326790683 2
      vertex -1.2546193962183756 12.738364501404119 2
    endloop
  endfacet
  facet normal 0 0 1
    outer loop
      vertex -6.148632347812312 9.299999999999999 2
      vertex -1.2546193962183756 12.738364501404119 2
      vertex -1.8781500730286302 12.661459327549196 2
    endloop
  endfacet
  facet normal 0 0 1
    outer loop
      vertex -3.7563218653232537 10.498216326790683 2
      vertex -3.236674151387255 10.669884743414128 2
      vertex -0.6280662313909505 12.784581839426206 2
    endloop
  endfacet
  facet normal 0 0 1
    outer loop
      vertex -3.236674151387255 10.669884743414128 2
      vertex -2.7092290059213924 10.815848473119166 2
      vertex 0 12.799999999999999 2
    endloop
  endfacet
  facet normal 0 0 1
    outer loop
      vertex -2.7092290059213924 10.815848473119166 2
      vertex -2.17525709047983 10.93575587649602 2
      vertex 0 12.799999999999999 2
    endloop
  endfacet
  facet normal 0 0 1
    outer loop
      vertex -3.7563218653232537 10.498216326790683 2
      vertex -0.6280662313909505 12.784581839426206 2
      vertex -1.2546193962183756 12.738364501404119 2
    endloop
  endfacet
  facet normal 0 0 1
    outer loop
      vertex -2.17525709047983 10.93575587649602 2
      vertex -1.6360447901772834 11.029318086107308 2
      vertex 0.6280662313909505 12.784581839426206 2
    endloop
  endfacet
  facet normal 0 0 1
    outer loop
      vertex -3.236674151387255 10.669884743414128 2
      vertex 0 12.799999999999999 2
      vertex -0.6280662313909505 12.784581839426206 2
    endloop
  endfacet
  facet normal 0 0 1
    outer loop
      vertex -1.6360447901772834 11.029318086107308 2
      vertex -1.0928911146746008 11.096309702394995 2
      vertex 0.6280662313909505 12.784581839426206 2
    endloop
  endfacet
  facet normal 0 0 1
    outer loop
      vertex -1.0928911146746008 11.096309702394995 2
      vertex -0.5471045687507109 11.136569336687673 2
      vertex 1.2546193962183756 12.738364501404119 2
    endloop
  endfacet
  facet normal 0 0 1
    outer loop
      vertex -2.17525709047983 10.93575587649602 2
      vertex 0.6280662313909505 12.784581839426206 2
      vertex 0 12.799999999999999 2
    endloop
  endfacet
  facet normal 0 0 -1
    outer loop
      vertex -7.111298982650907 10.642811037472578 6
      vertex 3.7156438688571174 12.248836297372272 6
      vertex -7.624951097503146 10.281056402952254 6
    endloop
  endfacet
  facet normal 0 0 -1
    outer loop
      vertex -6.580515125673238 10.97892620800348 6
      vertex 3.1101463027617773 12.416400040890162 6
      vertex -7.111298982650907 10.642811037472578 6
    endloop
  endfacet
  facet normal 0 0 -1
    outer loop
      vertex -6.0338782313727695 11.288592183658944 6
      vertex 1.8781500730286302 12.661459327549196 6
      vertex -6.580515125673238 10.97892620800348 6
    endloop
  endfacet
  facet normal 0 0 -1
    outer loop
      vertex -5.4727051959076105 11.571062951980073 6
      vertex 1.2546193962183756 12.738364501404119 6
      vertex -6.0338782313727695 11.288592183658944 6
    endloop
  endfacet
  facet normal 0 1 0
    outer loop
      vertex -6.148632347812312 9.299999999999999 3.2
      vertex -8.789399048570518 9.299999999999999 6
      vertex 8.789399048570518 9.299999999999999 6
    endloop
  endfacet
  facet normal 0 0 -1
    outer loop
      vertex -8.595954622041836 9.484174404543475 6
      vertex 8.595954622041836 9.484174404543475 6
      vertex -8.789399048570518 9.299999999999999 6
    endloop
  endfacet
  facet normal 0 0 -1
    outer loop
      vertex -8.120234037294662 9.894533803043032 6
      vertex 8.120234037294662 9.894533803043032 6
      vertex -8.595954622041836 9.484174404543475 6
    endloop
  endfacet
  facet normal 0 0 -1
    outer loop
      vertex -7.624951097503146 10.281056402952254 6
      vertex 7.624951097503146 10.281056402952254 6
      vertex -8.120234037294662 9.894533803043032 6
    endloop
  endfacet
  facet normal 0 0 -1
    outer loop
      vertex -4.898347934273149 11.82565801614447 6
      vertex 1.2546193962183756 12.738364501404119 6
      vertex -5.4727051959076105 11.571062951980073 6
    endloop
  endfacet
  facet normal 0 0 -1
    outer loop
      vertex -4.312190123420416 12.051764034342666 6
      vertex 0 12.799999999999999 6
      vertex -4.898347934273149 11.82565801614447 6
    endloop
  endfacet
  facet normal 0 0 -1
    outer loop
      vertex -3.7156438688571174 12.248836297372272 6
      vertex 0 12.799999999999999 6
      vertex -4.312190123420416 12.051764034342666 6
    endloop
  endfacet
  facet normal 0 0 -1
    outer loop
      vertex -3.1101463027617773 12.416400040890162 6
      vertex -1.2546193962183756 12.738364501404119 6
      vertex -3.7156438688571174 12.248836297372272 6
    endloop
  endfacet
  facet normal 0 0 -1
    outer loop
      vertex -1.2546193962183756 12.738364501404119 6
      vertex -3.1101463027617773 12.416400040890162 6
      vertex -2.4971561218064413 12.554051589161348 6
    endloop
  endfacet
  facet normal 0 0 -1
    outer loop
      vertex -0.6280662313909505 12.784581839426206 6
      vertex -3.7156438688571174 12.248836297372272 6
      vertex -1.2546193962183756 12.738364501404119 6
    endloop
  endfacet
  facet normal 0 0 -1
    outer loop
      vertex -1.2546193962183756 12.738364501404119 6
      vertex -2.4971561218064413 12.554051589161348 6
      vertex -1.8781500730286302 12.661459327549196 6
    endloop
  endfacet
  facet normal 0 0 -1
    outer loop
      vertex -4.898347934273149 11.82565801614447 6
      vertex 0 12.799999999999999 6
      vertex 0.6280662313909505 12.784581839426206 6
    endloop
  endfacet
  facet normal 0 0 -1
    outer loop
      vertex -3.7156438688571174 12.248836297372272 6
      vertex -0.6280662313909505 12.784581839426206 6
      vertex 0 12.799999999999999 6
    endloop
  endfacet
  facet normal 0 0 -1
    outer loop
      vertex -6.0338782313727695 11.288592183658944 6
      vertex 1.2546193962183756 12.738364501404119 6
      vertex 1.8781500730286302 12.661459327549196 6
    endloop
  endfacet
  facet normal 0 0 -1
    outer loop
      vertex -4.898347934273149 11.82565801614447 6
      vertex 0.6280662313909505 12.784581839426206 6
      vertex 1.2546193962183756 12.738364501404119 6
    endloop
  endfacet
  facet normal 0 0 -1
    outer loop
      vertex -6.580515125673238 10.97892620800348 6
      vertex 2.4971561218064413 12.554051589161348 6
      vertex 3.1101463027617773 12.416400040890162 6
    endloop
  endfacet
  facet normal 0 0 -1
    outer loop
      vertex -7.111298982650907 10.642811037472578 6
      vertex 3.1101463027617773 12.416400040890162 6
      vertex 3.7156438688571174 12.248836297372272 6
    endloop
  endfacet
  facet normal 0 0 -1
    outer loop
      vertex -6.580515125673238 10.97892620800348 6
      vertex 1.8781500730286302 12.661459327549196 6
      vertex 2.4971561218064413 12.554051589161348 6
    endloop
  endfacet
  facet normal 0 0 1
    outer loop
      vertex -0.5471045687507109 11.136569336687673 2
      vertex 0 11.15 2
      vertex 1.8781500730286302 12.661459327549196 2
    endloop
  endfacet
  facet normal 0 0 1
    outer loop
      vertex -1.0928911146746008 11.096309702394995 2
      vertex 1.2546193962183756 12.738364501404119 2
      vertex 0.6280662313909505 12.784581839426206 2
    endloop
  endfacet
  facet normal 0 0 1
    outer loop
      vertex 0 11.15 2
      vertex 0.5471045687507109 11.136569336687673 2
      vertex 1.8781500730286302 12.661459327549196 2
    endloop
  endfacet
  facet normal 0 0 1
    outer loop
      vertex 0.5471045687507109 11.136569336687673 2
      vertex 1.0928911146746008 11.096309702394995 2
      vertex 2.4971561218064413 12.554051589161348 2
    endloop
  endfacet
  facet normal 0 0 1
    outer loop
      vertex -0.5471045687507109 11.136569336687673 2
      vertex 1.8781500730286302 12.661459327549196 2
      vertex 1.2546193962183756 12.738364501404119 2
    endloop
  endfacet
  facet normal 0 0 1
    outer loop
      vertex 1.0928911146746008 11.096309702394995 2
      vertex 1.6360447901772834 11.029318086107308 2
      vertex 3.1101463027617773 12.416400040890162 2
    endloop
  endfacet
  facet normal 0 0 1
    outer loop
      vertex 1.6360447901772834 11.029318086107308 2
      vertex 2.17525709047983 10.93575587649602 2
      vertex 3.1101463027617773 12.416400040890162 2
    endloop
  endfacet
  facet normal 0 0 1
    outer loop
      vertex 0.5471045687507109 11.136569336687673 2
      vertex 2.4971561218064413 12.554051589161348 2
      vertex 1.8781500730286302 12.661459327549196 2
    endloop
  endfacet
  facet normal 0 0 1
    outer loop
      vertex 1.0928911146746008 11.096309702394995 2
      vertex 3.1101463027617773 12.416400040890162 2
      vertex 2.4971561218064413 12.554051589161348 2
    endloop
  endfacet
  facet normal 0 0 1
    outer loop
      vertex 2.17525709047983 10.93575587649602 2
      vertex 2.7092290059213924 10.815848473119166 2
      vertex 3.7156438688571174 12.248836297372272 2
    endloop
  endfacet
  facet normal 0 0 1
    outer loop
      vertex 2.17525709047983 10.93575587649602 2
      vertex 3.7156438688571174 12.248836297372272 2
      vertex 3.1101463027617773 12.416400040890162 2
    endloop
  endfacet
  facet normal 0 0 1
    outer loop
      vertex 2.7092290059213924 10.815848473119166 2
      vertex 3.236674151387255 10.669884743414128 2
      vertex 4.312190123420416 12.051764034342666 2
    endloop
  endfacet
  facet normal 0 0 1
    outer loop
      vertex 3.7563218653232537 10.498216326790683 2
      vertex 4.312190123420416 12.051764034342666 2
      vertex 3.236674151387255 10.669884743414128 2
    endloop
  endfacet
  facet normal 0 0 1
    outer loop
      vertex 3.7563218653232537 10.498216326790683 2
      vertex 4.266920270870751 10.301256787500847 2
      vertex 4.898347934273149 11.82565801614447 2
    endloop
  endfacet
  facet normal 0 0 1
    outer loop
      vertex 2.7092290059213924 10.815848473119166 2
      vertex 4.312190123420416 12.051764034342666 2
      vertex 3.7156438688571174 12.248836297372272 2
    endloop
  endfacet
  facet normal 0 0 1
    outer loop
      vertex 3.7563218653232537 10.498216326790683 2
      vertex 4.898347934273149 11.82565801614447 2
      vertex 4.312190123420416 12.051764034342666 2
    endloop
  endfacet
  facet normal 0 0 1
    outer loop
      vertex 4.266920270870751 10.301256787500847 2
      vertex 4.767239291747646 10.079480618326393 2
      vertex 5.4727051959076105 11.571062951980073 2
    endloop
  endfacet
  facet normal 0 0 1
    outer loop
      vertex 4.767239291747646 10.079480618326393 2
      vertex 5.256073615609874 9.83342209748416 2
      vertex 6.0338782313727695 11.288592183658944 2
    endloop
  endfacet
  facet normal 0 0 1
    outer loop
      vertex 4.767239291747646 10.079480618326393 2
      vertex 6.0338782313727695 11.288592183658944 2
      vertex 5.4727051959076105 11.571062951980073 2
    endloop
  endfacet
  facet normal 0 0 1
    outer loop
      vertex 5.256073615609874 9.83342209748416 2
      vertex 5.732245597754423 9.563674001503033 2
      vertex 6.580515125673238 10.97892620800348 2
    endloop
  endfacet
  facet normal 0 0 1
    outer loop
      vertex 6.148632347812312 9.299999999999999 2
      vertex 7.111298982650907 10.642811037472578 2
      vertex 5.732245597754423 9.563674001503033 2
    endloop
  endfacet
  facet normal 0 0 1
    outer loop
      vertex 5.256073615609874 9.83342209748416 2
      vertex 6.580515125673238 10.97892620800348 2
      vertex 6.0338782313727695 11.288592183658944 2
    endloop
  endfacet
  facet normal 0 0 1
    outer loop
      vertex 4.266920270870751 10.301256787500847 2
      vertex 5.4727051959076105 11.571062951980073 2
      vertex 4.898347934273149 11.82565801614447 2
    endloop
  endfacet
  facet normal 0 1 0
    outer loop
      vertex -6.148632347812312 9.299999999999999 3.2
      vertex 8.789399048570518 9.299999999999999 6
      vertex 6.148632347812312 9.299999999999999 3.2
    endloop
  endfacet
  facet normal 0 0 1
    outer loop
      vertex 6.148632347812312 9.299999999999999 2
      vertex 8.595954622041836 9.484174404543475 2
      vertex 8.120234037294662 9.894533803043032 2
    endloop
  endfacet
  facet normal 0 0 1
    outer loop
      vertex 6.148632347812312 9.299999999999999 2
      vertex 8.789399048570518 9.299999999999999 2
      vertex 8.595954622041836 9.484174404543475 2
    endloop
  endfacet
  facet normal 0 0 1
    outer loop
      vertex 5.732245597754423 9.563674001503033 2
      vertex 7.111298982650907 10.642811037472578 2
      vertex 6.580515125673238 10.97892620800348 2
    endloop
  endfacet
  facet normal 0 0 1
    outer loop
      vertex 6.148632347812312 9.299999999999999 2
      vertex 7.624951097503146 10.281056402952254 2
      vertex 7.111298982650907 10.642811037472578 2
    endloop
  endfacet
  facet normal 0 0 1
    outer loop
      vertex 6.148632347812312 9.299999999999999 2
      vertex 8.120234037294662 9.894533803043032 2
      vertex 7.624951097503146 10.281056402952254 2
    endloop
  endfacet
  facet normal 0 1 0
    outer loop
      vertex 6.148632347812312 9.299999999999999 2
      vertex 8.789399048570518 9.299999999999999 6
      vertex 8.789399048570518 9.299999999999999 2
    endloop
  endfacet
  facet normal 0 1 0
    outer loop
      vertex 6.148632347812312 9.299999999999999 2
      vertex 6.148632347812312 9.299999999999999 3.2
      vertex 8.789399048570518 9.299999999999999 6
    endloop
  endfacet
  facet normal 0 0 -1
    outer loop
      vertex 8.595954622041836 9.484174404543475 6
      vertex 8.789399048570518 9.299999999999999 6
      vertex -8.789399048570518 9.299999999999999 6
    endloop
  endfacet
  facet normal 0 0 -1
    outer loop
      vertex -7.624951097503146 10.281056402952254 6
      vertex 5.4727051959076105 11.571062951980073 6
      vertex 6.0338782313727695 11.288592183658944 6
    endloop
  endfacet
  facet normal 0 0 -1
    outer loop
      vertex -7.624951097503146 10.281056402952254 6
      vertex 3.7156438688571174 12.248836297372272 6
      vertex 4.312190123420416 12.051764034342666 6
    endloop
  endfacet
  facet normal 0 0 -1
    outer loop
      vertex -7.624951097503146 10.281056402952254 6
      vertex 4.312190123420416 12.051764034342666 6
      vertex 4.898347934273149 11.82565801614447 6
    endloop
  endfacet
  facet normal 0 0 -1
    outer loop
      vertex -7.624951097503146 10.281056402952254 6
      vertex 4.898347934273149 11.82565801614447 6
      vertex 5.4727051959076105 11.571062951980073 6
    endloop
  endfacet
  facet normal 0 0 -1
    outer loop
      vertex -7.624951097503146 10.281056402952254 6
      vertex 6.0338782313727695 11.288592183658944 6
      vertex 6.580515125673238 10.97892620800348 6
    endloop
  endfacet
  facet normal 0 0 -1
    outer loop
      vertex -7.624951097503146 10.281056402952254 6
      vertex 6.580515125673238 10.97892620800348 6
      vertex 7.111298982650907 10.642811037472578 6
    endloop
  endfacet
  facet normal 0 0 -1
    outer loop
      vertex -7.624951097503146 10.281056402952254 6
      vertex 7.111298982650907 10.642811037472578 6
      vertex 7.624951097503146 10.281056402952254 6
    endloop
  endfacet
  facet normal 0 0 -1
    outer loop
      vertex -8.595954622041836 9.484174404543475 6
      vertex 8.120234037294662 9.894533803043032 6
      vertex 8.595954622041836 9.484174404543475 6
    endloop
  endfacet
  facet normal 0 0 -1
    outer loop
      vertex -8.120234037294662 9.894533803043032 6
      vertex 7.624951097503146 10.281056402952254 6
      vertex 8.120234037294662 9.894533803043032 6
    endloop
  endfacet
  facet normal 0.7730104533627372 0 0.634393284163645
    outer loop
      vertex -0.4242640687119285 -11.139584901702797 2.5757359312880714
      vertex -0.4988817673815271 -12.787753140015518 2.6666578601882387
      vertex -0.4242640687119285 -12.789584901702796 2.5757359312880714
    endloop
  endfacet
  facet normal 0.4713967368259987 0 0.8819212643483546
    outer loop
      vertex -0.22961005941905385 -11.144363389418915 2.445672280493228
      vertex -0.3333421398117613 -12.791816909776779 2.501118232618473
      vertex -0.22961005941905385 -12.794363389418914 2.445672280493228
    endloop
  endfacet
  facet normal 0.290284677254462 0 0.956940335732209
    outer loop
      vertex -0.11705419320967694 -11.147126480844632 2.4115288317580617
      vertex -0.22961005941905385 -12.794363389418914 2.445672280493228
      vertex -0.11705419320967694 -12.79712648084463 2.4115288317580617
    endloop
  endfacet
  facet normal 0.09801714032956071 0 0.9951847266721969
    outer loop
      vertex 0 -11.15 2.4
      vertex -0.11705419320967694 -12.79712648084463 2.4115288317580617
      vertex 0 -12.799999999999999 2.4
    endloop
  endfacet
  facet normal 0.634393284163645 0 0.7730104533627373
    outer loop
      vertex -0.3333421398117613 -11.14181690977678 2.501118232618473
      vertex -0.4242640687119285 -12.789584901702796 2.5757359312880714
      vertex -0.3333421398117613 -12.791816909776779 2.501118232618473
    endloop
  endfacet
  facet normal 0.7730104533627372 -2.0885883435147092e-18 0.634393284163645
    outer loop
      vertex -0.4242640687119285 -11.139584901702797 2.5757359312880714
      vertex -0.4988817673815271 -11.13775314001552 2.6666578601882387
      vertex -0.4988817673815271 -12.787753140015518 2.6666578601882387
    endloop
  endfacet
  facet normal 0.4713967368259987 1.3496619954906575e-19 0.8819212643483546
    outer loop
      vertex -0.22961005941905385 -11.144363389418915 2.445672280493228
      vertex -0.3333421398117613 -11.14181690977678 2.501118232618473
      vertex -0.3333421398117613 -12.791816909776779 2.501118232618473
    endloop
  endfacet
  facet normal 0.290284677254462 0 0.956940335732209
    outer loop
      vertex -0.22961005941905385 -11.144363389418915 2.445672280493228
      vertex -0.22961005941905385 -12.794363389418914 2.445672280493228
      vertex -0.11705419320967694 -11.147126480844632 2.4115288317580617
    endloop
  endfacet
  facet normal 0.09801714032956071 0 0.9951847266721969
    outer loop
      vertex -0.11705419320967694 -11.147126480844632 2.4115288317580617
      vertex -0.11705419320967694 -12.79712648084463 2.4115288317580617
      vertex 0 -11.15 2.4
    endloop
  endfacet
  facet normal 0.634393284163645 0 0.7730104533627373
    outer loop
      vertex -0.4242640687119285 -11.139584901702797 2.5757359312880714
      vertex -0.4242640687119285 -12.789584901702796 2.5757359312880714
      vertex -0.3333421398117613 -11.14181690977678 2.501118232618473
    endloop
  endfacet
  facet normal 0.881921264348355 0 0.4713967368259977
    outer loop
      vertex -0.4988817673815271 -11.13775314001552 2.6666578601882387
      vertex -0.5543277195067721 -12.786392018289325 2.7703899405809462
      vertex -0.4988817673815271 -12.787753140015518 2.6666578601882387
    endloop
  endfacet
  facet normal 0.9569403357322088 0 0.29028467725446266
    outer loop
      vertex -0.5543277195067721 -11.136036525078351 2.7703899405809462
      vertex -0.5884711682419382 -12.785553843668831 2.882945806790323
      vertex -0.5543277195067721 -12.786392018289325 2.7703899405809462
    endloop
  endfacet
  facet normal 0.9951847266721969 0 0.09801714032956056
    outer loop
      vertex -0.5884711682419382 -11.133517952992186 2.882945806790323
      vertex -0.6 -12.785270826734644 3
      vertex -0.5884711682419382 -12.785553843668831 2.882945806790323
    endloop
  endfacet
  facet normal 0.9951847266721968 0 -0.09801714032956053
    outer loop
      vertex -0.6 -11.132667535271434 3
      vertex -0.5884711682419382 -12.785553843668831 3.117054193209677
      vertex -0.6 -12.785270826734644 3
    endloop
  endfacet
  facet normal 0.9569403357322087 0 -0.29028467725446266
    outer loop
      vertex -0.5884711682419382 -11.133517952992186 3.117054193209677
      vertex -0.5543277195067721 -12.786392018289325 3.2296100594190538
      vertex -0.5884711682419382 -12.785553843668831 3.117054193209677
    endloop
  endfacet
  facet normal 0.8819212643483552 -2.541412676887239e-18 0.4713967368259977
    outer loop
      vertex -0.4988817673815271 -11.13775314001552 2.6666578601882387
      vertex -0.5471045687507109 -11.136569336687673 2.7568763759978387
      vertex -0.5543277195067721 -12.786392018289325 2.7703899405809462
    endloop
  endfacet
  facet normal 0.8819212643483549 -2.0857152270584113e-19 0.4713967368259977
    outer loop
      vertex -0.5471045687507109 -11.136569336687673 2.7568763759978387
      vertex -0.5543277195067721 -11.136036525078351 2.7703899405809462
      vertex -0.5543277195067721 -12.786392018289325 2.7703899405809462
    endloop
  endfacet
  facet normal 0.9569403357322087 3.7788394791477615e-20 0.29028467725446266
    outer loop
      vertex -0.5543277195067721 -11.136036525078351 2.7703899405809462
      vertex -0.5884711682419382 -11.133517952992186 2.882945806790323
      vertex -0.5884711682419382 -12.785553843668831 2.882945806790323
    endloop
  endfacet
  facet normal 0.9951847266721968 1.2526485800092593e-19 0.09801714032956053
    outer loop
      vertex -0.5884711682419382 -11.133517952992186 2.882945806790323
      vertex -0.6 -11.132667535271434 3
      vertex -0.6 -12.785270826734644 3
    endloop
  endfacet
  facet normal 0.9951847266721969 -1.2530788090337003e-19 -0.09801714032956056
    outer loop
      vertex -0.6 -11.132667535271434 3
      vertex -0.5884711682419382 -11.133517952992186 3.117054193209677
      vertex -0.5884711682419382 -12.785553843668831 3.117054193209677
    endloop
  endfacet
  facet normal 0.9569403357322087 -8.650116389521425e-18 -0.29028467725446283
    outer loop
      vertex -0.5884711682419382 -11.133517952992186 3.117054193209677
      vertex -0.5633098328329583 -11.135373964594976 3.2
      vertex -0.5543277195067721 -12.786392018289325 3.2296100594190538
    endloop
  endfacet
  facet normal 0.8819212643483549 0 -0.4713967368259976
    outer loop
      vertex -0.5543277195067721 -10.1 3.2296100594190538
      vertex -0.4988817673815271 -12.787753140015518 3.3333421398117613
      vertex -0.5543277195067721 -12.786392018289325 3.2296100594190538
    endloop
  endfacet
  facet normal 0.7730104533627373 0 -0.6343932841636452
    outer loop
      vertex -0.4988817673815271 -10.1 3.3333421398117613
      vertex -0.4242640687119285 -12.789584901702796 3.4242640687119286
      vertex -0.4988817673815271 -12.787753140015518 3.3333421398117613
    endloop
  endfacet
  facet normal 0.9569403357322088 -2.6269267724311285e-19 -0.2902846772544624
    outer loop
      vertex -0.5633098328329583 -11.135373964594976 3.2
      vertex -0.5543277195067721 -10.1 3.2296100594190538
      vertex -0.5543277195067721 -12.786392018289325 3.2296100594190538
    endloop
  endfacet
  facet normal 0.634393284163645 0 -0.7730104533627373
    outer loop
      vertex -0.4242640687119285 -10.1 3.4242640687119286
      vertex -0.3333421398117613 -12.791816909776779 3.498881767381527
      vertex -0.4242640687119285 -12.789584901702796 3.4242640687119286
    endloop
  endfacet
  facet normal 0.47139673682599864 0 -0.8819212643483544
    outer loop
      vertex -0.3333421398117613 -10.1 3.498881767381527
      vertex -0.22961005941905385 -12.794363389418914 3.554327719506772
      vertex -0.3333421398117613 -12.791816909776779 3.498881767381527
    endloop
  endfacet
  facet normal 0.290284677254462 0 -0.9569403357322089
    outer loop
      vertex -0.22961005941905385 -10.1 3.554327719506772
      vertex -0.11705419320967694 -12.79712648084463 3.5884711682419383
      vertex -0.22961005941905385 -12.794363389418914 3.554327719506772
    endloop
  endfacet
  facet normal 0.09801714032956071 0 -0.9951847266721968
    outer loop
      vertex -0.11705419320967694 -10.1 3.5884711682419383
      vertex 0 -12.799999999999999 3.6
      vertex -0.11705419320967694 -12.79712648084463 3.5884711682419383
    endloop
  endfacet
  facet normal 0.8819212643483549 4.0897167060991234e-20 -0.47139673682599764
    outer loop
      vertex -0.5543277195067721 -10.1 3.2296100594190538
      vertex -0.4988817673815271 -10.1 3.3333421398117613
      vertex -0.4988817673815271 -12.787753140015518 3.3333421398117613
    endloop
  endfacet
  facet normal 0.7730104533627373 1.2813020940954388e-18 -0.6343932841636452
    outer loop
      vertex -0.4988817673815271 -10.1 3.3333421398117613
      vertex -0.4242640687119285 -10.1 3.4242640687119286
      vertex -0.4242640687119285 -12.789584901702796 3.4242640687119286
    endloop
  endfacet
  facet normal 0.9569403357322089 0 -0.29028467725446244
    outer loop
      vertex -0.5633098328329583 -11.135373964594976 3.2
      vertex -0.5633098328329583 -10.1 3.2
      vertex -0.5543277195067721 -10.1 3.2296100594190538
    endloop
  endfacet
  facet normal 0.634393284163645 -3.484927793572525e-19 -0.7730104533627374
    outer loop
      vertex -0.4242640687119285 -10.1 3.4242640687119286
      vertex -0.3333421398117613 -10.1 3.498881767381527
      vertex -0.3333421398117613 -12.791816909776779 3.498881767381527
    endloop
  endfacet
  facet normal 0.47139673682599875 -8.265189102943762e-20 -0.8819212643483545
    outer loop
      vertex -0.3333421398117613 -10.1 3.498881767381527
      vertex -0.22961005941905385 -10.1 3.554327719506772
      vertex -0.22961005941905385 -12.794363389418914 3.554327719506772
    endloop
  endfacet
  facet normal 0.290284677254462 -2.2573361178497326e-19 -0.9569403357322089
    outer loop
      vertex -0.22961005941905385 -10.1 3.554327719506772
      vertex -0.11705419320967694 -10.1 3.5884711682419383
      vertex -0.11705419320967694 -12.79712648084463 3.5884711682419383
    endloop
  endfacet
  facet normal 0.09801714032956071 -3.0188152534694684e-19 -0.9951847266721969
    outer loop
      vertex -0.11705419320967694 -10.1 3.5884711682419383
      vertex 0 -10.1 3.6
      vertex 0 -12.799999999999999 3.6
    endloop
  endfacet
  facet normal 0 -1 0
    outer loop
      vertex -0.5633098328329583 -10.1 3.2
      vertex 0.5543277195067721 -10.1 3.2296100594190538
      vertex -0.5543277195067721 -10.1 3.2296100594190538
    endloop
  endfacet
  facet normal 0 -1 0
    outer loop
      vertex -0.5543277195067721 -10.1 3.2296100594190538
      vertex 0.5543277195067721 -10.1 3.2296100594190538
      vertex -0.4988817673815271 -10.1 3.3333421398117613
    endloop
  endfacet
  facet normal 0 -1 0
    outer loop
      vertex -0.4988817673815271 -10.1 3.3333421398117613
      vertex 0.4988817673815271 -10.1 3.3333421398117613
      vertex -0.4242640687119285 -10.1 3.4242640687119286
    endloop
  endfacet
  facet normal 0 -1 0
    outer loop
      vertex -0.4242640687119285 -10.1 3.4242640687119286
      vertex 0.4242640687119285 -10.1 3.4242640687119286
      vertex -0.3333421398117613 -10.1 3.498881767381527
    endloop
  endfacet
  facet normal 0 -1 0
    outer loop
      vertex -0.3333421398117613 -10.1 3.498881767381527
      vertex 0.3333421398117613 -10.1 3.498881767381527
      vertex -0.22961005941905385 -10.1 3.554327719506772
    endloop
  endfacet
  facet normal 0 -1 0
    outer loop
      vertex -0.22961005941905385 -10.1 3.554327719506772
      vertex 0.22961005941905385 -10.1 3.554327719506772
      vertex -0.11705419320967694 -10.1 3.5884711682419383
    endloop
  endfacet
  facet normal -0.09801714032956071 0 0.9951847266721969
    outer loop
      vertex 0.11705419320967694 -11.147126480844632 2.4115288317580617
      vertex 0 -12.799999999999999 2.4
      vertex 0.11705419320967694 -12.79712648084463 2.4115288317580617
    endloop
  endfacet
  facet normal -0.290284677254462 0 0.956940335732209
    outer loop
      vertex 0.22961005941905385 -11.144363389418915 2.445672280493228
      vertex 0.11705419320967694 -12.79712648084463 2.4115288317580617
      vertex 0.22961005941905385 -12.794363389418914 2.445672280493228
    endloop
  endfacet
  facet normal -0.4713967368259987 0 0.8819212643483546
    outer loop
      vertex 0.3333421398117613 -11.14181690977678 2.501118232618473
      vertex 0.22961005941905385 -12.794363389418914 2.445672280493228
      vertex 0.3333421398117613 -12.791816909776779 2.501118232618473
    endloop
  endfacet
  facet normal -0.634393284163645 0 0.7730104533627373
    outer loop
      vertex 0.4242640687119285 -11.139584901702797 2.5757359312880714
      vertex 0.3333421398117613 -12.791816909776779 2.501118232618473
      vertex 0.4242640687119285 -12.789584901702796 2.5757359312880714
    endloop
  endfacet
  facet normal -0.7730104533627372 0 0.634393284163645
    outer loop
      vertex 0.4988817673815271 -11.13775314001552 2.6666578601882387
      vertex 0.4242640687119285 -12.789584901702796 2.5757359312880714
      vertex 0.4988817673815271 -12.787753140015518 2.6666578601882387
    endloop
  endfacet
  facet normal -0.09801714032956071 0 0.9951847266721969
    outer loop
      vertex 0 -11.15 2.4
      vertex 0 -12.799999999999999 2.4
      vertex 0.11705419320967694 -11.147126480844632 2.4115288317580617
    endloop
  endfacet
  facet normal -0.290284677254462 0 0.956940335732209
    outer loop
      vertex 0.11705419320967694 -11.147126480844632 2.4115288317580617
      vertex 0.11705419320967694 -12.79712648084463 2.4115288317580617
      vertex 0.22961005941905385 -11.144363389418915 2.445672280493228
    endloop
  endfacet
  facet normal -0.4713967368259987 0 0.8819212643483546
    outer loop
      vertex 0.22961005941905385 -11.144363389418915 2.445672280493228
      vertex 0.22961005941905385 -12.794363389418914 2.445672280493228
      vertex 0.3333421398117613 -11.14181690977678 2.501118232618473
    endloop
  endfacet
  facet normal -0.634393284163645 0 0.7730104533627373
    outer loop
      vertex 0.3333421398117613 -11.14181690977678 2.501118232618473
      vertex 0.3333421398117613 -12.791816909776779 2.501118232618473
      vertex 0.4242640687119285 -11.139584901702797 2.5757359312880714
    endloop
  endfacet
  facet normal -0.7730104533627372 0 0.634393284163645
    outer loop
      vertex 0.4242640687119285 -11.139584901702797 2.5757359312880714
      vertex 0.4242640687119285 -12.789584901702796 2.5757359312880714
      vertex 0.4988817673815271 -11.13775314001552 2.6666578601882387
    endloop
  endfacet
  facet normal -0.881921264348355 -9.876148020648005e-19 0.47139673682599764
    outer loop
      vertex 0.5471045687507109 -11.136569336687673 2.7568763759978387
      vertex 0.4988817673815271 -12.787753140015518 2.6666578601882387
      vertex 0.5543277195067721 -12.786392018289325 2.7703899405809462
    endloop
  endfacet
  facet normal -0.9569403357322087 0 0.29028467725446266
    outer loop
      vertex 0.5884711682419382 -11.133517952992186 2.882945806790323
      vertex 0.5543277195067721 -12.786392018289325 2.7703899405809462
      vertex 0.5884711682419382 -12.785553843668831 2.882945806790323
    endloop
  endfacet
  facet normal -0.9951847266721968 0 0.09801714032956053
    outer loop
      vertex 0.6 -11.132667535271434 3
      vertex 0.5884711682419382 -12.785553843668831 2.882945806790323
      vertex 0.6 -12.785270826734644 3
    endloop
  endfacet
  facet normal -0.9951847266721969 0 -0.09801714032956056
    outer loop
      vertex 0.5884711682419382 -11.133517952992186 3.117054193209677
      vertex 0.6 -12.785270826734644 3
      vertex 0.5884711682419382 -12.785553843668831 3.117054193209677
    endloop
  endfacet
  facet normal -0.9569403357322087 -5.824186069383646e-18 -0.2902846772544626
    outer loop
      vertex 0.5633098328329583 -11.135373964594976 3.2
      vertex 0.5884711682419382 -12.785553843668831 3.117054193209677
      vertex 0.5543277195067721 -12.786392018289325 3.2296100594190538
    endloop
  endfacet
  facet normal -0.8819212643483552 0 0.4713967368259977
    outer loop
      vertex 0.4988817673815271 -11.13775314001552 2.6666578601882387
      vertex 0.4988817673815271 -12.787753140015518 2.6666578601882387
      vertex 0.5471045687507109 -11.136569336687673 2.7568763759978387
    endloop
  endfacet
  facet normal -0.8819212643483549 2.0857152270584113e-19 0.4713967368259977
    outer loop
      vertex 0.5471045687507109 -11.136569336687673 2.7568763759978387
      vertex 0.5543277195067721 -12.786392018289325 2.7703899405809462
      vertex 0.5543277195067721 -11.136036525078351 2.7703899405809462
    endloop
  endfacet
  facet normal -0.9569403357322088 0 0.29028467725446266
    outer loop
      vertex 0.5543277195067721 -11.136036525078351 2.7703899405809462
      vertex 0.5543277195067721 -12.786392018289325 2.7703899405809462
      vertex 0.5884711682419382 -11.133517952992186 2.882945806790323
    endloop
  endfacet
  facet normal -0.9951847266721969 0 0.09801714032956056
    outer loop
      vertex 0.5884711682419382 -11.133517952992186 2.882945806790323
      vertex 0.5884711682419382 -12.785553843668831 2.882945806790323
      vertex 0.6 -11.132667535271434 3
    endloop
  endfacet
  facet normal -0.9951847266721968 0 -0.09801714032956053
    outer loop
      vertex 0.6 -11.132667535271434 3
      vertex 0.6 -12.785270826734644 3
      vertex 0.5884711682419382 -11.133517952992186 3.117054193209677
    endloop
  endfacet
  facet normal -0.9569403357322088 0 -0.2902846772544628
    outer loop
      vertex 0.5884711682419382 -11.133517952992186 3.117054193209677
      vertex 0.5884711682419382 -12.785553843668831 3.117054193209677
      vertex 0.5633098328329583 -11.135373964594976 3.2
    endloop
  endfacet
  facet normal -0.8819212643483549 0 -0.47139673682599764
    outer loop
      vertex 0.4988817673815271 -10.1 3.3333421398117613
      vertex 0.5543277195067721 -12.786392018289325 3.2296100594190538
      vertex 0.4988817673815271 -12.787753140015518 3.3333421398117613
    endloop
  endfacet
  facet normal -0.7730104533627373 0 -0.6343932841636452
    outer loop
      vertex 0.4242640687119285 -10.1 3.4242640687119286
      vertex 0.4988817673815271 -12.787753140015518 3.3333421398117613
      vertex 0.4242640687119285 -12.789584901702796 3.4242640687119286
    endloop
  endfacet
  facet normal -0.9569403357322088 2.6269267724311285e-19 -0.2902846772544624
    outer loop
      vertex 0.5633098328329583 -11.135373964594976 3.2
      vertex 0.5543277195067721 -12.786392018289325 3.2296100594190538
      vertex 0.5543277195067721 -10.1 3.2296100594190538
    endloop
  endfacet
  facet normal -0.290284677254462 0 -0.9569403357322089
    outer loop
      vertex 0.11705419320967694 -10.1 3.5884711682419383
      vertex 0.22961005941905385 -12.794363389418914 3.554327719506772
      vertex 0.11705419320967694 -12.79712648084463 3.5884711682419383
    endloop
  endfacet
  facet normal -0.634393284163645 0 -0.7730104533627374
    outer loop
      vertex 0.3333421398117613 -10.1 3.498881767381527
      vertex 0.4242640687119285 -12.789584901702796 3.4242640687119286
      vertex 0.3333421398117613 -12.791816909776779 3.498881767381527
    endloop
  endfacet
  facet normal -0.47139673682599875 0 -0.8819212643483545
    outer loop
      vertex 0.22961005941905385 -10.1 3.554327719506772
      vertex 0.3333421398117613 -12.791816909776779 3.498881767381527
      vertex 0.22961005941905385 -12.794363389418914 3.554327719506772
    endloop
  endfacet
  facet normal -0.09801714032956071 0 -0.9951847266721969
    outer loop
      vertex 0 -10.1 3.6
      vertex 0.11705419320967694 -12.79712648084463 3.5884711682419383
      vertex 0 -12.799999999999999 3.6
    endloop
  endfacet
  facet normal -0.634393284163645 0 -0.7730104533627373
    outer loop
      vertex 0.4242640687119285 -10.1 3.4242640687119286
      vertex 0.4242640687119285 -12.789584901702796 3.4242640687119286
      vertex 0.3333421398117613 -10.1 3.498881767381527
    endloop
  endfacet
  facet normal -0.8819212643483549 0 -0.4713967368259976
    outer loop
      vertex 0.5543277195067721 -10.1 3.2296100594190538
      vertex 0.5543277195067721 -12.786392018289325 3.2296100594190538
      vertex 0.4988817673815271 -10.1 3.3333421398117613
    endloop
  endfacet
  facet normal -0.7730104533627373 0 -0.6343932841636452
    outer loop
      vertex 0.4988817673815271 -10.1 3.3333421398117613
      vertex 0.4988817673815271 -12.787753140015518 3.3333421398117613
      vertex 0.4242640687119285 -10.1 3.4242640687119286
    endloop
  endfacet
  facet normal -0.9569403357322089 0 -0.29028467725446244
    outer loop
      vertex 0.5633098328329583 -11.135373964594976 3.2
      vertex 0.5543277195067721 -10.1 3.2296100594190538
      vertex 0.5633098328329583 -10.1 3.2
    endloop
  endfacet
  facet normal -0.290284677254462 0 -0.9569403357322089
    outer loop
      vertex 0.22961005941905385 -10.1 3.554327719506772
      vertex 0.22961005941905385 -12.794363389418914 3.554327719506772
      vertex 0.11705419320967694 -10.1 3.5884711682419383
    endloop
  endfacet
  facet normal -0.47139673682599864 0 -0.8819212643483544
    outer loop
      vertex 0.3333421398117613 -10.1 3.498881767381527
      vertex 0.3333421398117613 -12.791816909776779 3.498881767381527
      vertex 0.22961005941905385 -10.1 3.554327719506772
    endloop
  endfacet
  facet normal -0.09801714032956071 3.022031499915073e-19 -0.9951847266721968
    outer loop
      vertex 0 -10.1 3.6
      vertex 0.11705419320967694 -10.1 3.5884711682419383
      vertex 0.11705419320967694 -12.79712648084463 3.5884711682419383
    endloop
  endfacet
  facet normal 0 -1 0
    outer loop
      vertex -0.5633098328329583 -10.1 3.2
      vertex 0.5633098328329583 -10.1 3.2
      vertex 0.5543277195067721 -10.1 3.2296100594190538
    endloop
  endfacet
  facet normal 0 -1 0
    outer loop
      vertex -0.4988817673815271 -10.1 3.3333421398117613
      vertex 0.5543277195067721 -10.1 3.2296100594190538
      vertex 0.4988817673815271 -10.1 3.3333421398117613
    endloop
  endfacet
  facet normal 0 -1 0
    outer loop
      vertex -0.4242640687119285 -10.1 3.4242640687119286
      vertex 0.4988817673815271 -10.1 3.3333421398117613
      vertex 0.4242640687119285 -10.1 3.4242640687119286
    endloop
  endfacet
  facet normal 0 -1 0
    outer loop
      vertex -0.3333421398117613 -10.1 3.498881767381527
      vertex 0.4242640687119285 -10.1 3.4242640687119286
      vertex 0.3333421398117613 -10.1 3.498881767381527
    endloop
  endfacet
  facet normal 0 -1 0
    outer loop
      vertex -0.11705419320967694 -10.1 3.5884711682419383
      vertex 0.22961005941905385 -10.1 3.554327719506772
      vertex 0.11705419320967694 -10.1 3.5884711682419383
    endloop
  endfacet
  facet normal 0 -1 0
    outer loop
      vertex -0.22961005941905385 -10.1 3.554327719506772
      vertex 0.3333421398117613 -10.1 3.498881767381527
      vertex 0.22961005941905385 -10.1 3.554327719506772
    endloop
  endfacet
  facet normal 0 -1 0
    outer loop
      vertex -0.11705419320967694 -10.1 3.5884711682419383
      vertex 0.11705419320967694 -10.1 3.5884711682419383
      vertex 0 -10.1 3.6
    endloop
  endfacet
  facet normal 0.7730104533627377 0 0.6343932841636448
    outer loop
      vertex 1.5757359312880714 -11.036756474386122 2.5757359312880714
      vertex 1.5011182326184729 -12.707961769712773 2.6666578601882387
      vertex 1.5757359312880714 -12.698758554374281 2.5757359312880714
    endloop
  endfacet
  facet normal 0.6343932841636438 -3.2198322613724115e-19 0.7730104533627383
    outer loop
      vertex 1.6360447901772834 -11.029318086107308 2.526241729898617
      vertex 1.5757359312880714 -11.036756474386122 2.5757359312880714
      vertex 1.5757359312880714 -12.698758554374281 2.5757359312880714
    endloop
  endfacet
  facet normal 0.7730104533627374 1.5603791038295018e-18 0.6343932841636448
    outer loop
      vertex 1.5757359312880714 -11.036756474386122 2.5757359312880714
      vertex 1.5011182326184729 -11.045959689724613 2.6666578601882387
      vertex 1.5011182326184729 -12.707961769712773 2.6666578601882387
    endloop
  endfacet
  facet normal 0.8819212643483546 0 0.4713967368259984
    outer loop
      vertex 1.5011182326184729 -11.045959689724613 2.6666578601882387
      vertex 1.4456722804932278 -12.714800375648823 2.7703899405809462
      vertex 1.5011182326184729 -12.707961769712773 2.6666578601882387
    endloop
  endfacet
  facet normal 0.9569403357322088 0 0.29028467725446266
    outer loop
      vertex 1.4456722804932278 -11.052798295660663 2.7703899405809462
      vertex 1.4115288317580617 -12.719011568391442 2.882945806790323
      vertex 1.4456722804932278 -12.714800375648823 2.7703899405809462
    endloop
  endfacet
  facet normal 0.9951847266721969 0 0.09801714032956055
    outer loop
      vertex 1.4115288317580617 -11.057009488403285 2.882945806790323
      vertex 1.4 -12.7204335141652 3
      vertex 1.4115288317580617 -12.719011568391442 2.882945806790323
    endloop
  endfacet
  facet normal 0.9951847266721969 0 -0.09801714032956055
    outer loop
      vertex 1.4 -11.05843143417704 3
      vertex 1.4115288317580617 -12.719011568391442 3.117054193209677
      vertex 1.4 -12.7204335141652 3
    endloop
  endfacet
  facet normal 0.9569403357322087 0 -0.29028467725446266
    outer loop
      vertex 1.4115288317580617 -11.057009488403285 3.117054193209677
      vertex 1.4456722804932278 -12.714800375648823 3.2296100594190538
      vertex 1.4115288317580617 -12.719011568391442 3.117054193209677
    endloop
  endfacet
  facet normal 0.8819212643483546 -1.2983094434728226e-18 0.4713967368259984
    outer loop
      vertex 1.5011182326184729 -11.045959689724613 2.6666578601882387
      vertex 1.4456722804932278 -11.052798295660663 2.7703899405809462
      vertex 1.4456722804932278 -12.714800375648823 2.7703899405809462
    endloop
  endfacet
  facet normal 0.9569403357322087 3.756179682219425e-20 0.29028467725446266
    outer loop
      vertex 1.4456722804932278 -11.052798295660663 2.7703899405809462
      vertex 1.4115288317580617 -11.057009488403285 2.882945806790323
      vertex 1.4115288317580617 -12.719011568391442 2.882945806790323
    endloop
  endfacet
  facet normal 0.9951847266721969 1.245564726600563e-19 0.09801714032956055
    outer loop
      vertex 1.4115288317580617 -11.057009488403285 2.882945806790323
      vertex 1.4 -11.05843143417704 3
      vertex 1.4 -12.7204335141652 3
    endloop
  endfacet
  facet normal 0.9951847266721969 -1.2455647266005643e-19 -0.09801714032956055
    outer loop
      vertex 1.4 -11.05843143417704 3
      vertex 1.4115288317580617 -11.057009488403285 3.117054193209677
      vertex 1.4115288317580617 -12.719011568391442 3.117054193209677
    endloop
  endfacet
  facet normal 0.9569403357322087 -8.589500140976148e-18 -0.2902846772544628
    outer loop
      vertex 1.4115288317580617 -11.057009488403285 3.117054193209677
      vertex 1.4366901671670416 -11.053906133675095 3.2
      vertex 1.4456722804932278 -12.714800375648823 3.2296100594190538
    endloop
  endfacet
  facet normal 0.2902846772543627 8.656957268130709e-13 0.9569403357322391
    outer loop
      vertex 1.8781500730286302 -12.661459327549196 2.412983601690135
      vertex 1.882945806790323 -12.660627188803103 2.4115288317580617
      vertex 1.7703899405809462 -12.674750272211154 2.445672280493228
    endloop
  endfacet
  facet normal 0.4713967368259985 0 0.8819212643483547
    outer loop
      vertex 1.7703899405809462 -11.006006991172576 2.445672280493228
      vertex 1.6666578601882387 -12.687544404037585 2.501118232618473
      vertex 1.7703899405809462 -12.674750272211154 2.445672280493228
    endloop
  endfacet
  facet normal 0.29028467725446216 0 0.9569403357322089
    outer loop
      vertex 1.882945806790323 -10.986476695700174 2.4115288317580617
      vertex 1.7703899405809462 -12.674750272211154 2.445672280493228
      vertex 1.882945806790323 -12.660627188803103 2.4115288317580617
    endloop
  endfacet
  facet normal 0.09801714032956071 0 0.9951847266721968
    outer loop
      vertex 2 -10.966165866450138 2.4
      vertex 1.882945806790323 -12.660627188803103 2.4115288317580617
      vertex 2 -12.640316359553067 2.4
    endloop
  endfacet
  facet normal 0.6343932841636448 0 0.7730104533627375
    outer loop
      vertex 1.6666578601882387 -11.024006214565054 2.501118232618473
      vertex 1.5757359312880714 -12.698758554374281 2.5757359312880714
      vertex 1.6666578601882387 -12.687544404037585 2.501118232618473
    endloop
  endfacet
  facet normal -0.09801714032956055 0 0.9951847266721968
    outer loop
      vertex 2.117054193209677 -10.945855037200104 2.4115288317580617
      vertex 2 -12.640316359553067 2.4
      vertex 2.117054193209677 -12.62000553030303 2.4115288317580617
    endloop
  endfacet
  facet normal -0.29028467725446266 0 0.9569403357322087
    outer loop
      vertex 2.2296100594190538 -10.923550509167036 2.445672280493228
      vertex 2.117054193209677 -12.62000553030303 2.4115288317580617
      vertex 2.2296100594190538 -12.60047523483063 2.445672280493228
    endloop
  endfacet
  facet normal -0.47139673682599836 0 0.8819212643483546
    outer loop
      vertex 2.3333421398117613 -10.900256691557766 2.501118232618473
      vertex 2.2296100594190538 -12.60047523483063 2.445672280493228
      vertex 2.3333421398117613 -12.582476011438152 2.501118232618473
    endloop
  endfacet
  facet normal -0.6343932841636447 0 0.7730104533627375
    outer loop
      vertex 2.4242640687119286 -10.879839489661634 2.5757359312880714
      vertex 2.3333421398117613 -12.582476011438152 2.501118232618473
      vertex 2.4242640687119286 -12.566699560186489 2.5757359312880714
    endloop
  endfacet
  facet normal 0.4713967368259984 0 0.8819212643483546
    outer loop
      vertex 1.6666578601882387 -11.024006214565054 2.501118232618473
      vertex 1.6666578601882387 -12.687544404037585 2.501118232618473
      vertex 1.7703899405809462 -11.006006991172576 2.445672280493228
    endloop
  endfacet
  facet normal 0.2902846772544621 -1.026352793041278e-18 0.956940335732209
    outer loop
      vertex 1.882945806790323 -10.986476695700174 2.4115288317580617
      vertex 1.7703899405809462 -11.006006991172576 2.445672280493228
      vertex 1.7703899405809462 -12.674750272211154 2.445672280493228
    endloop
  endfacet
  facet normal 0.09801714032956071 0 0.9951847266721968
    outer loop
      vertex 1.882945806790323 -10.986476695700174 2.4115288317580617
      vertex 1.882945806790323 -12.660627188803103 2.4115288317580617
      vertex 2 -10.966165866450138 2.4
    endloop
  endfacet
  facet normal 0.6343932841636467 -1.697417044548867e-16 0.773010453362736
    outer loop
      vertex 1.6360447901772834 -11.029318086107308 2.526241729898617
      vertex 1.5757359312880714 -12.698758554374281 2.5757359312880714
      vertex 1.6666578601882387 -11.024006214565054 2.501118232618473
    endloop
  endfacet
  facet normal -0.09801714032956055 0 0.995184726672197
    outer loop
      vertex 2 -10.966165866450138 2.4
      vertex 2 -12.640316359553067 2.4
      vertex 2.117054193209677 -10.945855037200104 2.4115288317580617
    endloop
  endfacet
  facet normal -0.2902846772544618 0 0.956940335732209
    outer loop
      vertex 2.117054193209677 -10.945855037200104 2.4115288317580617
      vertex 2.117054193209677 -12.62000553030303 2.4115288317580617
      vertex 2.17525709047983 -10.93575587649602 2.4291844876213013
    endloop
  endfacet
  facet normal -0.29028467725446366 6.87215834841371e-17 0.9569403357322086
    outer loop
      vertex 2.17525709047983 -10.93575587649602 2.4291844876213013
      vertex 2.117054193209677 -12.62000553030303 2.4115288317580617
      vertex 2.2296100594190538 -10.923550509167036 2.445672280493228
    endloop
  endfacet
  facet normal -0.47139673682599836 0 0.8819212643483546
    outer loop
      vertex 2.2296100594190538 -10.923550509167036 2.445672280493228
      vertex 2.2296100594190538 -12.60047523483063 2.445672280493228
      vertex 2.3333421398117613 -10.900256691557766 2.501118232618473
    endloop
  endfacet
  facet normal -0.6343932841636448 0 0.7730104533627375
    outer loop
      vertex 2.3333421398117613 -10.900256691557766 2.501118232618473
      vertex 2.3333421398117613 -12.582476011438152 2.501118232618473
      vertex 2.4242640687119286 -10.879839489661634 2.5757359312880714
    endloop
  endfacet
  facet normal -0.7730104533627374 0 0.6343932841636449
    outer loop
      vertex 2.4242640687119286 -10.879839489661634 2.5757359312880714
      vertex 2.4242640687119286 -12.566699560186489 2.5757359312880714
      vertex 2.4971561218064413 -12.554051589161348 2.6645551549710813
    endloop
  endfacet
  facet normal -0.7730104533627405 -4.334997721062976e-16 0.634393284163641
    outer loop
      vertex 2.4242640687119286 -10.879839489661634 2.5757359312880714
      vertex 2.4971561218064413 -12.554051589161348 2.6645551549710813
      vertex 2.498881767381527 -12.553664082489043 2.6666578601882387
    endloop
  endfacet
  facet normal -0.7730104533627374 -1.5340016213932673e-18 0.6343932841636448
    outer loop
      vertex 2.4242640687119286 -10.879839489661634 2.5757359312880714
      vertex 2.498881767381527 -12.553664082489043 2.6666578601882387
      vertex 2.498881767381527 -10.863083525097414 2.6666578601882387
    endloop
  endfacet
  facet normal -0.8819212643483546 0 0.4713967368259984
    outer loop
      vertex 2.498881767381527 -10.863083525097414 2.6666578601882387
      vertex 2.498881767381527 -12.553664082489043 2.6666578601882387
      vertex 2.554327719506772 -12.54121327757808 2.7703899405809462
    endloop
  endfacet
  facet normal -0.9569403357322087 0 0.29028467725446266
    outer loop
      vertex 2.5884711682419383 -10.842965552378987 2.882945806790323
      vertex 2.554327719506772 -12.54121327757808 2.7703899405809462
      vertex 2.5884711682419383 -12.533546109770615 2.882945806790323
    endloop
  endfacet
  facet normal -0.8819212643483546 1.276362126658624e-18 0.4713967368259984
    outer loop
      vertex 2.498881767381527 -10.863083525097414 2.6666578601882387
      vertex 2.554327719506772 -12.54121327757808 2.7703899405809462
      vertex 2.554327719506772 -10.850632720186452 2.7703899405809462
    endloop
  endfacet
  facet normal -0.9569403357322087 0 0.29028467725446266
    outer loop
      vertex 2.554327719506772 -10.850632720186452 2.7703899405809462
      vertex 2.554327719506772 -12.54121327757808 2.7703899405809462
      vertex 2.5884711682419383 -10.842965552378987 2.882945806790323
    endloop
  endfacet
  facet normal -0.9951847266721968 0 0.09801714032956055
    outer loop
      vertex 2.6 -10.840376666634059 3
      vertex 2.5884711682419383 -12.533546109770615 2.882945806790323
      vertex 2.6 -12.53095722402569 3
    endloop
  endfacet
  facet normal -0.9951847266721968 0 -0.09801714032956053
    outer loop
      vertex 2.5884711682419383 -10.842965552378987 3.117054193209677
      vertex 2.6 -12.53095722402569 3
      vertex 2.5884711682419383 -12.533546109770615 3.117054193209677
    endloop
  endfacet
  facet normal -0.9569403357322087 -5.6871304252640706e-18 -0.29028467725446266
    outer loop
      vertex 2.5633098328329584 -10.84861571918952 3.2
      vertex 2.5884711682419383 -12.533546109770615 3.117054193209677
      vertex 2.554327719506772 -12.54121327757808 3.2296100594190538
    endloop
  endfacet
  facet normal -0.9951847266721968 0 0.09801714032956053
    outer loop
      vertex 2.5884711682419383 -10.842965552378987 2.882945806790323
      vertex 2.5884711682419383 -12.533546109770615 2.882945806790323
      vertex 2.6 -10.840376666634059 3
    endloop
  endfacet
  facet normal -0.9951847266721968 0 -0.09801714032956055
    outer loop
      vertex 2.6 -10.840376666634059 3
      vertex 2.6 -12.53095722402569 3
      vertex 2.5884711682419383 -10.842965552378987 3.117054193209677
    endloop
  endfacet
  facet normal -0.9569403357322088 0 -0.29028467725446283
    outer loop
      vertex 2.5884711682419383 -10.842965552378987 3.117054193209677
      vertex 2.5884711682419383 -12.533546109770615 3.117054193209677
      vertex 2.5633098328329584 -10.84861571918952 3.2
    endloop
  endfacet
  facet normal 0.8819212643483547 0 -0.4713967368259984
    outer loop
      vertex 1.4456722804932278 -10.1 3.2296100594190538
      vertex 1.5011182326184729 -12.707961769712773 3.3333421398117613
      vertex 1.4456722804932278 -12.714800375648823 3.2296100594190538
    endloop
  endfacet
  facet normal 0.7730104533627375 0 -0.6343932841636448
    outer loop
      vertex 1.5011182326184729 -10.1 3.3333421398117613
      vertex 1.5757359312880714 -12.698758554374281 3.4242640687119286
      vertex 1.5011182326184729 -12.707961769712773 3.3333421398117613
    endloop
  endfacet
  facet normal 0.9569403357322088 -2.6988504284341195e-19 -0.29028467725446233
    outer loop
      vertex 1.4366901671670416 -11.053906133675095 3.2
      vertex 1.4456722804932278 -10.1 3.2296100594190538
      vertex 1.4456722804932278 -12.714800375648823 3.2296100594190538
    endloop
  endfacet
  facet normal 0.8819212643483546 8.273867433868666e-19 -0.47139673682599836
    outer loop
      vertex 1.4456722804932278 -10.1 3.2296100594190538
      vertex 1.5011182326184729 -10.1 3.3333421398117613
      vertex 1.5011182326184729 -12.707961769712773 3.3333421398117613
    endloop
  endfacet
  facet normal 0.7730104533627375 -9.979200690920318e-19 -0.6343932841636448
    outer loop
      vertex 1.5011182326184729 -10.1 3.3333421398117613
      vertex 1.5757359312880714 -10.1 3.4242640687119286
      vertex 1.5757359312880714 -12.698758554374281 3.4242640687119286
    endloop
  endfacet
  facet normal 0.9569403357322088 0 -0.2902846772544624
    outer loop
      vertex 1.4366901671670416 -11.053906133675095 3.2
      vertex 1.4366901671670416 -10.1 3.2
      vertex 1.4456722804932278 -10.1 3.2296100594190538
    endloop
  endfacet
  facet normal 0.6343932841636448 0 -0.7730104533627375
    outer loop
      vertex 1.5757359312880714 -10.1 3.4242640687119286
      vertex 1.6666578601882387 -12.687544404037585 3.498881767381527
      vertex 1.5757359312880714 -12.698758554374281 3.4242640687119286
    endloop
  endfacet
  facet normal 0.4713967368259984 0 -0.8819212643483547
    outer loop
      vertex 1.6666578601882387 -10.1 3.498881767381527
      vertex 1.7703899405809462 -12.674750272211154 3.554327719506772
      vertex 1.6666578601882387 -12.687544404037585 3.498881767381527
    endloop
  endfacet
  facet normal 0.2902846772544605 0 -0.9569403357322096
    outer loop
      vertex 1.7703899405809462 -10.1 3.554327719506772
      vertex 1.8781500730286302 -12.661459327549196 3.587016398309865
      vertex 1.7703899405809462 -12.674750272211154 3.554327719506772
    endloop
  endfacet
  facet normal 0.29028467725449947 1.8178516009602317e-15 -0.9569403357321976
    outer loop
      vertex 1.7703899405809462 -10.1 3.554327719506772
      vertex 1.882945806790323 -12.660627188803103 3.5884711682419383
      vertex 1.8781500730286302 -12.661459327549196 3.587016398309865
    endloop
  endfacet
  facet normal 0.09801714032956073 0 -0.9951847266721968
    outer loop
      vertex 1.882945806790323 -10.1 3.5884711682419383
      vertex 2 -12.640316359553067 3.6
      vertex 1.882945806790323 -12.660627188803103 3.5884711682419383
    endloop
  endfacet
  facet normal -0.29028467725446266 0 -0.9569403357322088
    outer loop
      vertex 2.117054193209677 -10.1 3.5884711682419383
      vertex 2.2296100594190538 -12.60047523483063 3.554327719506772
      vertex 2.117054193209677 -12.62000553030303 3.5884711682419383
    endloop
  endfacet
  facet normal -0.6343932841636448 0 -0.7730104533627377
    outer loop
      vertex 2.3333421398117613 -10.1 3.498881767381527
      vertex 2.4242640687119286 -12.566699560186489 3.4242640687119286
      vertex 2.3333421398117613 -12.582476011438152 3.498881767381527
    endloop
  endfacet
  facet normal -0.4713967368259984 0 -0.8819212643483547
    outer loop
      vertex 2.2296100594190538 -10.1 3.554327719506772
      vertex 2.3333421398117613 -12.582476011438152 3.498881767381527
      vertex 2.2296100594190538 -12.60047523483063 3.554327719506772
    endloop
  endfacet
  facet normal -0.09801714032956053 0 -0.9951847266721968
    outer loop
      vertex 2 -10.1 3.6
      vertex 2.117054193209677 -12.62000553030303 3.5884711682419383
      vertex 2 -12.640316359553067 3.6
    endloop
  endfacet
  facet normal -0.8819212643483547 0 -0.47139673682599836
    outer loop
      vertex 2.498881767381527 -10.1 3.3333421398117613
      vertex 2.554327719506772 -12.54121327757808 3.2296100594190538
      vertex 2.498881767381527 -12.553664082489043 3.3333421398117613
    endloop
  endfacet
  facet normal -0.7730104533627422 0 -0.6343932841636393
    outer loop
      vertex 2.498881767381527 -10.1 3.3333421398117613
      vertex 2.498881767381527 -12.553664082489043 3.3333421398117613
      vertex 2.4971561218064413 -12.554051589161348 3.3354448450289187
    endloop
  endfacet
  facet normal -0.7730104533627374 0 -0.6343932841636449
    outer loop
      vertex 2.4242640687119286 -10.1 3.4242640687119286
      vertex 2.4971561218064413 -12.554051589161348 3.3354448450289187
      vertex 2.4242640687119286 -12.566699560186489 3.4242640687119286
    endloop
  endfacet
  facet normal -0.6343932841636448 0 -0.7730104533627375
    outer loop
      vertex 2.4242640687119286 -10.1 3.4242640687119286
      vertex 2.4242640687119286 -12.566699560186489 3.4242640687119286
      vertex 2.3333421398117613 -10.1 3.498881767381527
    endloop
  endfacet
  facet normal 0.6343932841636448 -1.0022449516568848e-18 -0.7730104533627377
    outer loop
      vertex 1.5757359312880714 -10.1 3.4242640687119286
      vertex 1.6666578601882387 -10.1 3.498881767381527
      vertex 1.6666578601882387 -12.687544404037585 3.498881767381527
    endloop
  endfacet
  facet normal 0.4713967368259984 8.380591387090222e-19 -0.8819212643483546
    outer loop
      vertex 1.6666578601882387 -10.1 3.498881767381527
      vertex 1.7703899405809462 -10.1 3.554327719506772
      vertex 1.7703899405809462 -12.674750272211154 3.554327719506772
    endloop
  endfacet
  facet normal 0.29028467725446216 6.688671177327365e-19 -0.9569403357322089
    outer loop
      vertex 1.7703899405809462 -10.1 3.554327719506772
      vertex 1.882945806790323 -10.1 3.5884711682419383
      vertex 1.882945806790323 -12.660627188803103 3.5884711682419383
    endloop
  endfacet
  facet normal 0.09801714032956073 5.964428038714163e-20 -0.9951847266721968
    outer loop
      vertex 1.882945806790323 -10.1 3.5884711682419383
      vertex 2 -10.1 3.6
      vertex 2 -12.640316359553067 3.6
    endloop
  endfacet
  facet normal -0.29028467725446266 0 -0.9569403357322087
    outer loop
      vertex 2.2296100594190538 -10.1 3.554327719506772
      vertex 2.2296100594190538 -12.60047523483063 3.554327719506772
      vertex 2.117054193209677 -10.1 3.5884711682419383
    endloop
  endfacet
  facet normal -0.47139673682599836 -8.69210008708219e-19 -0.8819212643483546
    outer loop
      vertex 2.2296100594190538 -10.1 3.554327719506772
      vertex 2.3333421398117613 -10.1 3.498881767381527
      vertex 2.3333421398117613 -12.582476011438152 3.498881767381527
    endloop
  endfacet
  facet normal -0.09801714032956053 8.214788187869909e-20 -0.9951847266721968
    outer loop
      vertex 2 -10.1 3.6
      vertex 2.117054193209677 -10.1 3.5884711682419383
      vertex 2.117054193209677 -12.62000553030303 3.5884711682419383
    endloop
  endfacet
  facet normal 0 -1 0
    outer loop
      vertex 1.4366901671670416 -10.1 3.2
      vertex 2.554327719506772 -10.1 3.2296100594190538
      vertex 1.4456722804932278 -10.1 3.2296100594190538
    endloop
  endfacet
  facet normal 0 -1 0
    outer loop
      vertex 1.4456722804932278 -10.1 3.2296100594190538
      vertex 2.554327719506772 -10.1 3.2296100594190538
      vertex 1.5011182326184729 -10.1 3.3333421398117613
    endloop
  endfacet
  facet normal 0 -1 0
    outer loop
      vertex 1.5011182326184729 -10.1 3.3333421398117613
      vertex 2.498881767381527 -10.1 3.3333421398117613
      vertex 1.5757359312880714 -10.1 3.4242640687119286
    endloop
  endfacet
  facet normal 0 -1 0
    outer loop
      vertex 1.5757359312880714 -10.1 3.4242640687119286
      vertex 2.4242640687119286 -10.1 3.4242640687119286
      vertex 1.6666578601882387 -10.1 3.498881767381527
    endloop
  endfacet
  facet normal 0 -1 0
    outer loop
      vertex 1.4366901671670416 -10.1 3.2
      vertex 2.5633098328329584 -10.1 3.2
      vertex 2.554327719506772 -10.1 3.2296100594190538
    endloop
  endfacet
  facet normal 0 -1 0
    outer loop
      vertex 1.5011182326184729 -10.1 3.3333421398117613
      vertex 2.554327719506772 -10.1 3.2296100594190538
      vertex 2.498881767381527 -10.1 3.3333421398117613
    endloop
  endfacet
  facet normal 0 -1 0
    outer loop
      vertex 1.5757359312880714 -10.1 3.4242640687119286
      vertex 2.498881767381527 -10.1 3.3333421398117613
      vertex 2.4242640687119286 -10.1 3.4242640687119286
    endloop
  endfacet
  facet normal 0 -1 0
    outer loop
      vertex 1.6666578601882387 -10.1 3.498881767381527
      vertex 2.3333421398117613 -10.1 3.498881767381527
      vertex 1.7703899405809462 -10.1 3.554327719506772
    endloop
  endfacet
  facet normal 0 -1 0
    outer loop
      vertex 1.7703899405809462 -10.1 3.554327719506772
      vertex 2.2296100594190538 -10.1 3.554327719506772
      vertex 1.882945806790323 -10.1 3.5884711682419383
    endloop
  endfacet
  facet normal 0 -1 0
    outer loop
      vertex 1.6666578601882387 -10.1 3.498881767381527
      vertex 2.4242640687119286 -10.1 3.4242640687119286
      vertex 2.3333421398117613 -10.1 3.498881767381527
    endloop
  endfacet
  facet normal 0 -1 0
    outer loop
      vertex 1.882945806790323 -10.1 3.5884711682419383
      vertex 2.2296100594190538 -10.1 3.554327719506772
      vertex 2.117054193209677 -10.1 3.5884711682419383
    endloop
  endfacet
  facet normal 0 -1 0
    outer loop
      vertex 1.7703899405809462 -10.1 3.554327719506772
      vertex 2.3333421398117613 -10.1 3.498881767381527
      vertex 2.2296100594190538 -10.1 3.554327719506772
    endloop
  endfacet
  facet normal 0 -1 0
    outer loop
      vertex 1.882945806790323 -10.1 3.5884711682419383
      vertex 2.117054193209677 -10.1 3.5884711682419383
      vertex 2 -10.1 3.6
    endloop
  endfacet
  facet normal -0.9569403357322089 2.89075730453617e-19 -0.2902846772544624
    outer loop
      vertex 2.5633098328329584 -10.84861571918952 3.2
      vertex 2.554327719506772 -12.54121327757808 3.2296100594190538
      vertex 2.554327719506772 -10.1 3.2296100594190538
    endloop
  endfacet
  facet normal -0.8819212643483547 0 -0.47139673682599836
    outer loop
      vertex 2.554327719506772 -10.1 3.2296100594190538
      vertex 2.554327719506772 -12.54121327757808 3.2296100594190538
      vertex 2.498881767381527 -10.1 3.3333421398117613
    endloop
  endfacet
  facet normal -0.7730104533627374 -7.139566346065198e-18 -0.6343932841636447
    outer loop
      vertex 2.4242640687119286 -10.1 3.4242640687119286
      vertex 2.498881767381527 -10.1 3.3333421398117613
      vertex 2.4971561218064413 -12.554051589161348 3.3354448450289187
    endloop
  endfacet
  facet normal -0.9569403357322088 0 -0.2902846772544624
    outer loop
      vertex 2.5633098328329584 -10.84861571918952 3.2
      vertex 2.554327719506772 -10.1 3.2296100594190538
      vertex 2.5633098328329584 -10.1 3.2
    endloop
  endfacet
endsolid OpenSCAD_Model
